doc_id,word_id,word,tfidf_score
0,0,a,0.07832509932953027
0,1,about,0.16311447826346984
0,2,caveman,0.34964779436804283
0,3,conversation,0.34964779436804283
0,4,dad,0.31384109777002994
0,5,ever,0.25708882638747965
0,6,have,0.14860358249393324
0,7,infuriating,0.34964779436804283
0,8,is,0.08651411496821525
0,9,most,0.20975494816945867
0,10,my,0.14860358249393324
0,11,pointless,0.34964779436804283
0,12,the,0.05586920468910004
0,13,thing,0.23614325160294236
0,14,to,0.06940494727398018
0,15,trying,0.2928955229854926
0,16,vegetarianism,0.22577697599792448
0,17,with,0.13244117918883566
1,18,4,0.23845288167445708
1,19,altright,0.28146986294035553
1,20,at,0.16159277987707332
1,21,israel,0.23370567914703863
1,22,latestnews,0.36927823915466146
1,23,nativeamerican,0.36927823915466146
1,24,newmexico,0.36927823915466146
1,25,of,0.08595876140109156
1,26,palestine,0.2558272114406888
1,27,politics,0.3093396976230204
1,28,protesting,0.3314612299166706
1,29,rise,0.3093396976230204
2,0,a,0.19524074327113933
2,30,and,0.11447874567235881
2,31,are,0.17325463296480637
2,32,gentleman,0.43578301106471484
2,33,guy,0.3019001411215583
2,34,pence,0.3911553877503293
2,35,president,0.26142776923338257
2,36,stand,0.3911553877503293
2,37,up,0.21468900429925078
2,38,user,0.059179787039346614
2,39,vice,0.43578301106471484
2,40,you,0.15446025837859173
3,17,with,0.10416727430124015
3,38,user,0.1493833341692221
3,40,you,0.09747326556739966
3,41,blocked,0.550008055316828
3,42,by,0.12218638445461996
3,43,flynn,0.49368288501570295
3,44,he,0.13419110190560143
3,45,isnt,0.20961252997266527
3,46,like,0.135481052214541
3,47,looks,0.20961252997266527
3,48,me,0.2821882069947796
3,49,pleased,0.275004027658414
3,50,too,0.34158015800348385
4,51,clips,0.4103048500811492
4,52,efron,0.29234412425735046
4,53,hudgens,0.36828639174623323
4,54,naked,0.4103048500811492
4,55,perfect,0.29234412425735046
4,56,pussy,0.36828639174623323
4,57,vanessa,0.36828639174623323
4,58,zac,0.29234412425735046
5,8,is,0.1555681754924766
5,10,my,0.13360818756985685
5,14,to,0.06240138399110629
5,30,and,0.08258271434343076
5,46,like,0.15487242291650533
5,48,me,0.32257773778240006
5,59,but,0.15959975957293557
5,60,catholic,0.2821717993218623
5,61,dude,0.2821717993218623
5,62,even,0.20742083216304655
5,63,everything,0.23961432141166256
5,64,francis,0.2633398153440522
5,65,him,0.20742083216304655
5,66,hug,0.2821717993218623
5,67,i,0.09439071736248997
5,68,im,0.1519686407231301
5,69,just,0.1355436920935119
5,70,need,0.19179324882155158
5,71,not,0.12658420661110598
5,72,okay,0.2821717993218623
5,73,pope,0.2821717993218623
5,74,tell,0.2821717993218623
6,1,about,0.15981991092485112
6,6,have,0.14560210454728864
6,8,is,0.08476671289490942
6,12,the,0.05474076496404999
6,38,user,0.04652348810995278
6,40,you,0.12142710127292113
6,75,al,0.34258564871666564
6,76,america,0.2518961760503839
6,77,as,0.14879988938955888
6,78,crying,0.2869796531379552
6,79,do,0.20551834202198635
6,80,for,0.08830314986638992
6,81,how,0.15462409571717536
6,82,left,0.22604086051312547
6,83,middle,0.272418694541523
6,84,much,0.2373352174539517
6,85,outthey,0.34258564871666564
6,86,power,0.2869796531379552
6,87,twice,0.34258564871666564
6,88,voting,0.26112433760069675
7,25,of,0.08883444538920668
7,83,middle,0.30346786133897313
7,89,class,0.2908862198631562
7,90,comey,0.2719146967212066
7,91,editorial,0.381632157500941
7,92,families,0.381632157500941
7,93,fbis,0.381632157500941
7,94,had,0.2719146967212066
7,95,no,0.20484163928081553
7,96,one,0.2073479906243363
7,97,sentinel,0.381632157500941
8,14,to,0.10532294861342399
8,30,and,0.06969280505372995
8,98,5,0.15915298905317066
8,99,70,0.2652976345738714
8,100,android,0.2652976345738714
8,101,bring,0.22223646388438428
8,102,edge,0.2652976345738714
8,103,galaxy,0.19506789007276767
8,104,news,0.1678993162611511
8,105,note,0.19506789007276767
8,106,nougat,0.23812906076225482
8,107,s2,0.2652976345738714
8,108,s6,0.5305952691477428
8,109,samsung,0.21096048695063824
8,110,softpedia,0.2652976345738714
8,111,tab,0.2652976345738714
9,0,a,0.07344255839192645
9,21,israel,0.20748809611819516
9,26,palestine,0.22712798948997254
9,38,user,0.04452262260877658
9,112,bank,0.2942772284499566
9,113,comatose,0.3278518479299486
9,114,deems,0.3278518479299486
9,115,gaza,0.26070260896996456
9,116,in,0.08547101189349456
9,117,man,0.23359597467658189
9,118,needs,0.24989399568420262
9,119,security,0.1966794828324332
9,120,threat,0.3278518479299486
9,121,treatment,0.3278518479299486
9,122,via,0.18522929808749153
9,123,west,0.2942772284499566
9,124,who,0.17193614343845662
10,12,the,0.05964253532382228
10,25,of,0.08688620589039567
10,116,in,0.09730958267341087
10,125,3,0.24102564805060048
10,126,aconite,0.3732625342089591
10,127,homeopathy,0.2659513009895343
10,128,line,0.3126772910597707
10,129,presenting,0.3732625342089591
10,130,red,0.3126772910597707
10,131,slidesi,0.3732625342089591
10,132,symptoms,0.3732625342089591
10,133,two,0.3126772910597707
11,0,a,0.1651360449080707
11,1,about,0.11463366591402621
11,14,to,0.04877643985554077
11,25,of,0.057198797086969906
11,45,isnt,0.18729606283296427
11,67,i,0.0737811063454783
11,69,just,0.10594859155911343
11,134,brilliant,0.22056138691593996
11,135,far,0.19539714068225192
11,136,go,0.13519627598630524
11,137,good,0.13350739783594504
11,138,its,0.11770346550766629
11,139,s1,0.22056138691593996
11,140,say,0.15867164406963308
11,141,so,0.1091777707331216
11,142,story,0.6175237395309566
11,143,storytelling,0.24572563314962798
11,144,westworld,0.17023289444856388
11,145,will,0.11990440198118782
11,146,within,0.4411227738318799
12,14,to,0.0670889726176578
12,25,of,0.07867340344838179
12,125,3,0.21824302092800496
12,147,alamnmosulopsmosuloffensiveiraqisis,0.33798039222740334
12,148,almasarif,0.33798039222740334
12,149,alqahira,0.33798039222740334
12,150,areas,0.26875666735056125
12,151,forces,0.30336852978898227
12,152,iraqi,0.33798039222740334
12,153,mosul,0.30336852978898227
12,154,set,0.33798039222740334
12,155,storm,0.33798039222740334
13,1,about,0.13790822517275797
13,38,user,0.04014500844707859
13,80,for,0.07619658029320253
13,156,alfred,0.2956163503706902
13,157,analytics,0.2956163503706902
13,158,business,0.22532357664031596
13,159,deep,0.22532357664031596
13,160,essa,0.2956163503706902
13,161,leaders,0.2653429005230608
13,162,learning,0.21736061774710558
13,163,n,0.2350694506754314
13,164,pachicago,0.2956163503706902
13,165,primer,0.2956163503706902
13,166,rd,0.2956163503706902
13,167,talks,0.2956163503706902
13,168,vp,0.2956163503706902
14,14,to,0.11104394160143909
14,169,chickfila,0.5594164506113363
14,170,live,0.37781568130953347
14,171,love,0.3118189628027896
14,172,nationalfastfoodday,0.4263962914267632
14,173,there,0.38755045767537594
14,174,would,0.32052701699754665
15,175,blacklivesmatter,0.3052484860651644
15,176,college,0.2735101804414934
15,177,electoral,0.2735101804414934
15,178,must,0.29259302068651616
15,179,nevertrump,0.38387141820208276
15,180,notmypresident,0.3215642186352028
15,181,reject,0.3215642186352028
15,182,rejecttrump,0.38387141820208276
15,183,takingbackdemocracy,0.38387141820208276
15,184,trump,0.15072543859553547
16,175,blacklivesmatter,0.24736184720006565
16,185,barackobama,0.31107490267291643
16,186,blm,0.26058350080749876
16,187,em,0.31107490267291643
16,188,girls,0.31107490267291643
16,189,git,0.31107490267291643
16,190,mylifematters,0.31107490267291643
16,191,pmd,0.31107490267291643
16,192,skinnyup,0.31107490267291643
16,193,thepeopleschamp,0.31107490267291643
16,194,therealskinnysuge,0.31107490267291643
17,12,the,0.05901236763967424
17,38,user,0.10030773906895817
17,116,in,0.09628143465747262
17,195,doctor,0.33149758163028337
17,196,joins,0.3093736232441251
17,197,listen,0.33149758163028337
17,198,nfl,0.3093736232441251
17,199,on,0.22768215957939886
17,200,reputation,0.33149758163028337
17,201,romo,0.2631413279638941
17,202,themorningrush,0.3693187383008107
17,203,tony,0.24942850818743958
17,204,weighs,0.3693187383008107
18,12,the,0.05231530926639209
18,205,bankruptcuadrilla,0.3274063520049489
18,206,cuadrilla,0.3274063520049489
18,207,defenders,0.3274063520049489
18,208,ecocide,0.3274063520049489
18,209,fracking,0.24073515161419126
18,210,land,0.24955443146499165
18,211,legal,0.3274063520049489
18,212,persecuting,0.3274063520049489
18,213,stop,0.22681936047229262
18,214,system,0.3274063520049489
18,215,through,0.2742641487917433
19,216,15,0.23836666140823934
19,217,1997,0.25541276263155527
19,218,animal,0.19218005767014498
19,219,bear,0.2845532651463337
19,220,gifts,0.25541276263155527
19,221,jointed,0.2845532651463337
19,222,lauren,0.2845532651463337
19,223,plush,0.2845532651463337
19,224,polo,0.2845532651463337
19,225,ralph,0.2845532651463337
19,226,stuffed,0.2845532651463337
19,227,sweater,0.2845532651463337
19,228,teddybear,0.2845532651463337
19,229,valentines,0.21689111365813382
20,25,of,0.08280577780857605
20,31,are,0.14142909738316867
20,38,user,0.048308918042053756
20,76,america,0.2615631849263998
20,80,for,0.09169195610760816
20,141,so,0.15805490124585148
20,230,group,0.2979930591277535
20,231,leadership,0.2979930591277535
20,232,makeamericagreatagain,0.3557330436428881
20,233,molding,0.3557330436428881
20,234,proud,0.3193031694415344
20,235,strong,0.3193031694415344
20,236,teamtrump,0.3557330436428881
20,237,trumptransitionteam,0.2297063849677461
20,238,way,0.23471562104019905
21,12,the,0.05155371181468743
21,17,with,0.12221105387653225
21,38,user,0.04381485169616624
21,50,too,0.20037421240473588
21,95,no,0.17317752298679528
21,135,far,0.25655825015507755
21,145,will,0.1574355870857364
21,239,all,0.14924384195884036
21,240,come,0.23723056986601673
21,241,crisis,0.2895991378448579
21,242,everyones,0.32264002553463833
21,243,fossil,0.20418968217623637
21,244,fuels,0.20833733395276824
21,245,out,0.1638007514700201
21,246,run,0.2702714575557971
21,247,shorttermed,0.32264002553463833
21,248,substitutes,0.32264002553463833
21,249,then,0.23723056986601673
21,250,thinking,0.2702714575557971
21,251,when,0.17529644626298782
22,12,the,0.04661338181414583
22,18,4,0.3767452372232442
22,42,by,0.12961422746809123
22,46,like,0.14371709252002418
22,116,in,0.0760519100454665
22,124,who,0.1529883854731944
22,136,go,0.16050301037344492
22,252,being,0.1811725933935517
22,253,fight,0.244371669877025
22,254,from,0.12487319272386199
22,255,human,0.261847201883996
22,256,ones,0.2223551033227406
22,257,or,0.15849799932333133
22,258,raped,0.2917218211722868
22,259,rapeugeesor,0.2917218211722868
22,260,real,0.23197258259570527
22,261,rights,0.2223551033227406
22,262,suffer,0.2917218211722868
22,263,trafficking,0.261847201883996
22,264,womens,0.2917218211722868
23,14,to,0.20774187972688327
23,17,with,0.19821050658912107
23,38,user,0.14212403338896312
23,141,so,0.23249744532055014
23,265,get,0.2656636114221901
23,266,lucky,0.46969230686770647
23,267,screamqueens,0.39885276860714275
23,268,tk,0.5232803488607165
23,269,work,0.34526472661413266
24,1,about,0.17777434944497322
24,8,is,0.18857909696329514
24,38,user,0.15525004584466495
24,252,being,0.23666332653322525
24,270,casually,0.3810722986726386
24,271,comfortable,0.3420474845589373
24,272,distastefuldeplorables,0.3810722986726386
24,273,it,0.141878168286095
24,274,pubicly,0.3810722986726386
24,275,society,0.3810722986726386
24,276,that,0.13874953533127193
24,277,today,0.2514346722705774
24,278,why,0.22860661941644841
25,38,user,0.0658943757802243
25,80,for,0.12506974812640004
25,279,candidate,0.40646877251461616
25,280,cy,0.3277102245820684
25,281,inevitably,0.485227320447164
25,282,nl,0.485227320447164
25,283,top,0.38584509796970756
25,284,young,0.2960356234898802
26,0,a,0.21263108062325928
26,8,is,0.11743100176268119
26,30,and,0.12467551082257705
26,42,by,0.2108678397615619
26,285,big,0.3489626916459292
26,286,deal,0.4259960876785755
26,287,microsoft,0.3773934261029254
26,288,move,0.4745987492542255
26,289,smart,0.4259960876785755
26,290,this,0.1691114723440239
27,67,i,0.13417205658957135
27,69,just,0.1926691144436321
27,80,for,0.11517929234950583
27,291,ben,0.31838683013978997
27,292,cant,0.30179505698622955
27,293,carson,0.3743254166714321
27,294,development,0.44685577635663476
27,295,housing,0.44685577635663476
27,296,urban,0.44685577635663476
28,0,a,0.17507589131514853
28,12,the,0.06244071754611157
28,17,with,0.1480193302772653
28,25,of,0.09096254897951256
28,269,work,0.25783624935547184
28,297,ah,0.39077447567488444
28,298,days,0.27842864116937716
28,299,hard,0.3273468223331598
28,300,mannequinchallenge,0.27071929459735405
28,301,timehonoured,0.39077447567488444
28,302,tradition,0.39077447567488444
28,303,wrapping,0.39077447567488444
29,137,good,0.21505487425983455
29,139,s1,0.3552821948343866
29,141,so,0.35172899985410483
29,267,screamqueens,0.3016981223122952
29,304,black,0.26116333624538957
29,305,digesting,0.39581698090129225
29,306,eps,0.3552821948343866
29,307,friday,0.2742126227005753
29,308,thanksgiving,0.2336778366336696
29,309,watching,0.24582044857296237
29,310,while,0.26732474911969256
30,21,israel,0.21643888757726865
30,25,of,0.07960790154126583
30,26,palestine,0.23692602275779576
30,115,gaza,0.2719490116763505
30,116,in,0.08915813042013455
30,210,land,0.26067412757653896
30,311,african,0.3419949895134599
30,312,bds,0.28648486541437806
30,313,holy,0.3069720005949052
30,314,israels,0.3419949895134599
30,315,migrants,0.28648486541437806
30,316,new,0.1932198712833015
30,317,persecution,0.3419949895134599
30,318,racism,0.3069720005949052
31,46,like,0.2970081721855738
31,265,get,0.3060740703822409
31,273,it,0.22445903208874954
31,319,cause,0.4793984594721599
31,320,euthanasia,0.41765906637722344
31,321,lmaooo,0.6028772456620328
32,8,is,0.06963301816665264
32,10,my,0.11960725672604296
32,12,the,0.04496770667424414
32,14,to,0.11172456555003075
32,44,he,0.13732313447393502
32,80,for,0.07253808280193723
32,141,so,0.12503822582177712
32,245,out,0.1428751468294114
32,322,ago,0.2237828418504695
32,323,been,0.1747763350364976
32,324,cohen,0.19006571742473818
32,325,find,0.21450490555705398
32,326,heart,0.2237828418504695
32,327,ive,0.23574418209644868
32,328,leonard,0.19006571742473818
32,329,listening,0.2814226467681592
32,330,literally,0.25260274430931434
32,331,month,0.25260274430931434
32,332,nonstop,0.25260274430931434
32,333,only,0.16362236637917163
32,334,overwhel,0.2814226467681592
32,335,passed,0.2237828418504695
32,336,past,0.25260274430931434
32,337,weeks,0.23574418209644868
32,338,wow,0.23574418209644868
33,25,of,0.07175738830588335
33,38,user,0.04186328396786973
33,69,just,0.1329152816519744
33,116,in,0.08036582376019323
33,150,areas,0.24513082812697376
33,199,on,0.0950228067082402
33,265,get,0.1565048632480002
33,339,didnt,0.21964327455654728
33,340,going,0.18807406890227374
33,341,hacking,0.3082692394355208
33,342,lots,0.2767000337812473
33,343,needed,0.3082692394355208
33,344,she,0.3981154624397273
33,345,suppression,0.21964327455654728
33,346,tampering,0.3082692394355208
33,347,them,0.3828985939245653
33,348,voter,0.2033986082393126
33,349,were,0.18807406890227374
34,12,the,0.15572269639932693
34,199,on,0.15020275083781384
34,350,bench,0.4373803265827471
34,351,during,0.4081898145535124
34,352,fcblive,0.35828830463920514
34,353,game,0.38747881666843986
34,354,pictures,0.4081898145535124
34,355,players,0.38747881666843986
35,14,to,0.11215310543003801
35,38,user,0.15345631532525233
35,197,listen,0.5071432961044379
35,199,on,0.17416036688022193
35,356,interview,0.473296843519009
35,357,nbawards,0.36483838670479635
35,358,winner,0.5650041889714202
36,95,no,0.37259245003841757
36,136,go,0.3819223171168175
36,359,matter,0.5519865705097213
36,360,pelosi,0.48089890807261537
36,361,should,0.4235059339064484
37,0,a,0.10893230144525799
37,17,with,0.18419539303060078
37,30,and,0.1277441688012648
37,362,earth,0.35755176532141253
37,363,google,0.38668226992216675
37,364,headset,0.43648119645992167
37,365,jeez,0.4862801229976766
37,366,used,0.3464768614687253
37,367,vr,0.33688334338441184
38,0,a,0.11165039658850036
38,8,is,0.12332362587968743
38,12,the,0.03982005075013246
38,13,thing,0.16830803866740945
38,62,even,0.1644288044412146
38,260,real,0.19816541199328008
38,276,that,0.0907369695884414
38,291,ben,0.17756110207201573
38,293,carson,0.2087574837456806
38,310,while,0.16830803866740945
38,368,10,0.19816541199328008
38,369,anne,0.24920692882395173
38,370,arent,0.2087574837456806
38,371,conway,0.24920692882395173
38,372,counters,0.2236861704086159
38,373,glorious,0.2236861704086159
38,374,here,0.14712389516260846
38,375,high,0.2087574837456806
38,376,kelly,0.24920692882395173
38,377,meters,0.49841385764790347
38,378,reporting,0.2236861704086159
38,379,wall,0.17756110207201573
39,0,a,0.09849941756859093
39,8,is,0.10879769076294667
39,10,my,0.1868796394713268
39,30,and,0.11550959685756364
39,68,im,0.2125606619312707
39,141,so,0.1953652244966184
39,199,on,0.13553802854668998
39,218,animal,0.2969670379578252
39,273,it,0.16370867532798
39,380,doing,0.2969670379578252
39,381,fucking,0.36833708057158837
39,382,god,0.2839307045450339
39,383,horrible,0.36833708057158837
39,384,oh,0.2969670379578252
39,385,speech,0.2839307045450339
39,386,testing,0.3233075971729023
40,0,a,0.07901472772542924
40,10,my,0.1499119913066558
40,14,to,0.07001603647610981
40,38,user,0.19160241582440568
40,67,i,0.105908931616007
40,145,will,0.1721165178849625
40,199,on,0.10872653551073547
40,344,she,0.22776487279117708
40,348,voter,0.23273177006302884
40,387,am,0.2382224202627886
40,388,back,0.22323045084509396
40,389,be,0.14203089515844391
40,390,hearing,0.35272633559714706
40,391,her,0.21519719990946454
40,392,hesitation,0.35272633559714706
40,393,hrc,0.35272633559714706
40,394,ma,0.35272633559714706
40,395,voice,0.3166043720547101
41,12,the,0.06833295820274216
41,116,in,0.11148841358681409
41,176,college,0.304702659533389
41,355,players,0.34006056144770086
41,396,allen,0.27614512771143246
41,397,ball,0.42765004891673036
41,398,basketball,0.42765004891673036
41,399,best,0.27614512771143246
41,400,grayson,0.2706475348998022
41,401,lonzo,0.42765004891673036
42,14,to,0.0708103479837878
42,38,user,0.04844402233369038
42,257,or,0.3876340842903634
42,278,why,0.21400233635461666
42,402,avakov,0.3567279129718032
42,403,coward,0.3567279129718032
42,404,crimea,0.3567279129718032
42,405,doesnt,0.23034879882595877
42,406,poroshenko,0.27190380077911785
42,407,saakasjvili,0.3567279129718032
42,408,travel,0.3201961562910261
42,409,well,0.24092498412280083
43,0,a,0.09833877283268241
43,25,of,0.10218591918262648
43,38,user,0.05961529890169291
43,116,in,0.11444473894169015
43,410,access,0.2964827082778751
43,411,conflict,0.3940339518667002
43,412,dakota,0.2964827082778751
43,413,has,0.2122139923545018
43,414,interest,0.3940339518667002
43,415,istandwithstandingrock,0.3940339518667002
43,416,pipeline,0.289649250538526
43,417,presidentelect,0.4389899957502374
44,8,is,0.08467145535035289
44,14,to,0.06792669492557882
44,30,and,0.08989497483151886
44,89,class,0.2608308961969392
44,171,love,0.3814855858474138
44,290,this,0.12193470433597133
44,309,watching,0.21252226368995994
44,340,going,0.20877552176317038
44,418,country,0.24381957339978655
44,419,familys,0.34220066425068174
44,420,finally,0.2516131048966931
44,421,happiness,0.28665715653330925
44,422,miss,0.24381957339978655
44,423,patience,0.34220066425068174
44,424,thankyouobama,0.20528738847956673
44,425,wisdom,0.30715661261406557
44,426,your,0.16698040606760098
45,0,a,0.07523641156218684
45,8,is,0.16620499981244075
45,14,to,0.06666801858224168
45,38,user,0.045610098991187585
45,65,him,0.2216030319930227
45,71,not,0.1352392799456229
45,77,as,0.14587852202517135
45,80,for,0.1731390130130036
45,138,its,0.1608780150601326
45,426,your,0.16388627220537808
45,427,an,0.17613572747723005
45,428,apologize,0.3358597127111068
45,429,asking,0.2813454218467906
45,430,insult,0.30146502460996105
45,431,mitt,0.30146502460996105
45,432,qualifier,0.3358597127111068
45,433,sos,0.30146502460996105
45,434,statement,0.2670703365088153
45,435,transition,0.25599772009416843
45,436,trumps,0.20858424276855222
46,30,and,0.12703021494748604
46,68,im,0.23376089354554047
46,78,crying,0.40507403532743363
46,324,cohen,0.3265857356477355
46,328,leonard,0.3265857356477355
46,437,gilmoregirlsrevival,0.48356233500713175
46,438,over,0.29009075461050243
46,439,richard,0.48356233500713175
47,440,jesus,0.5096379594192991
47,441,mpn,0.6083868630727215
47,442,onedirectionmtvstarsniallhoran,0.6083868630727215
48,0,a,0.0738015144363977
48,8,is,0.08151758196841087
48,13,thing,0.22250504297364876
48,38,user,0.08948046057091398
48,118,needs,0.2511153714395136
48,348,voter,0.2173766534740243
48,443,fraud,0.5519592915427131
48,444,last,0.2347376926247345
48,445,laundering,0.29571553060357497
48,446,medicare,0.2173766534740243
48,447,rese,0.32945424856906436
48,448,scammer,0.32945424856906436
48,449,selfpromoting,0.32945424856906436
49,0,a,0.07490176207596776
49,12,the,0.10685468420258458
49,20,at,0.1463154236863952
49,80,for,0.1723688954522878
49,277,today,0.22061734781083972
49,450,530,0.33436581796032433
49,451,campaignspeakupae,0.33436581796032433
49,452,jbr,0.33436581796032433
49,453,join,0.28009400516016014
49,454,orange,0.3001241164844405
49,455,orangetheworld,0.3001241164844405
49,456,performance,0.33436581796032433
49,457,special,0.26588241500855664
49,458,us,0.16802028294964882
49,459,walk,0.28009400516016014
50,6,have,0.12268284394725933
50,31,are,0.11476247611236096
50,40,you,0.10231323347112461
50,48,me,0.14810003408109448
50,460,cabbage,0.2886591633462756
50,461,christ,0.2886591633462756
50,462,elmo,0.2886591633462756
50,463,fun,0.2418061202578819
50,464,hatchimals,0.18268416239821567
50,465,if,0.1450524895077797
50,466,kids,0.2886591633462756
50,467,patch,0.2886591633462756
50,468,seasonal,0.2886591633462756
50,469,some,0.16782976041959852
50,470,teachecon,0.2886591633462756
50,471,tickle,0.2886591633462756
50,472,todays,0.2886591633462756
50,473,wanna,0.22002069585672276
51,25,of,0.11325854331149264
51,42,by,0.21618138675937873
51,48,me,0.24963435241809168
51,67,i,0.14609294345637214
51,276,that,0.1771571546952701
51,290,this,0.17337282275756274
51,474,altrightists,0.4075833919677208
51,475,attacked,0.43673053744258744
51,476,got,0.3370757888426915
51,477,reminds,0.48655791174253543
51,478,time,0.296847412948422
52,0,a,0.17887738102079725
52,12,the,0.06379651669802097
52,25,of,0.18587530710487185
52,67,i,0.11988089347098442
52,80,for,0.1029111189556567
52,174,would,0.22876241836121
52,199,on,0.12307020779219814
52,406,poroshenko,0.3043220746904597
52,479,gave,0.3344546289302219
52,480,liberation,0.3992595111377872
52,481,medal,0.3992595111377872
52,482,odessa,0.35837218277634064
52,483,place,0.3043220746904597
52,484,saakashvili,0.3043220746904597
53,20,at,0.1859287139916071
53,30,and,0.11161762991354217
53,137,good,0.23085171114126582
53,277,today,0.280347066148178
53,380,doing,0.2869610650634601
53,391,her,0.25922504530250723
53,424,thankyouobama,0.25489402267673666
53,485,growling,0.4248916824337193
53,486,kierra,0.4248916824337193
53,487,look,0.25489402267673666
53,488,singing,0.4248916824337193
54,8,is,0.08020390333972466
54,12,the,0.15538256251704605
54,25,of,0.07545286958562587
54,116,in,0.08450463656049872
54,276,that,0.11802214030441602
54,300,mannequinchallenge,0.22455997395331836
54,374,here,0.1913649648624091
54,380,doing,0.21891931198566808
54,489,cancelled,0.32414500122604617
54,490,challenge,0.32414500122604617
54,491,great,0.18846163505198735
54,492,island,0.32414500122604617
54,493,mannequin,0.2909499921351369
54,494,means,0.23095482906693512
54,495,rhode,0.32414500122604617
54,496,shit,0.2715321566058571
54,497,state,0.2577549830442276
54,498,taylor,0.2715321566058571
55,10,my,0.20957520842390123
55,42,by,0.21909132401201525
55,499,books,0.4130697204330061
55,500,castrohttpstco2hgt23jygzfidelcastro,0.49310728684910066
55,501,fidel,0.39211112273836923
55,502,life,0.3120735563222746
55,503,mylife,0.49310728684910066
56,10,my,0.2567176093383018
56,316,new,0.3412630111413858
56,504,fav,0.6040281423514039
56,505,series,0.5421708883426114
56,506,thisisus,0.39854279238701223
57,8,is,0.08038809250500302
57,12,the,0.051913133439304884
57,14,to,0.06449041666571273
57,25,of,0.07562614794850013
57,31,are,0.12916656453186057
57,37,up,0.16005714048485536
57,124,who,0.17038254167869776
57,245,out,0.16494273582254426
57,273,it,0.12096054653229049
57,292,cant,0.21942206264565972
57,507,decadent,0.32488940386380916
57,508,deplora,0.32488940386380916
57,509,deviant,0.32488940386380916
57,510,dilettantes,0.32488940386380916
57,511,misruleno,0.32488940386380916
57,512,our,0.18355558040537645
57,513,own,0.23888449145243248
57,514,sexually,0.32488940386380916
57,515,touch,0.2721557332547344
57,516,we,0.14663699564975347
58,17,with,0.16275433250302376
58,20,at,0.18802194818972368
58,52,efron,0.3061456065120842
58,58,zac,0.3061456065120842
58,487,look,0.25776368639735237
58,517,2,0.25776368639735237
58,518,first,0.28350328690399684
58,519,neighbors,0.35993348616037024
58,520,photo,0.3061456065120842
58,521,shirtless,0.42967522436799893
58,522,zacefron,0.35993348616037024
59,1,about,0.15311868489730163
59,31,are,0.13049114249263333
59,81,how,0.14814072947882564
59,116,in,0.17113454220779012
59,138,its,0.15721908309122284
59,273,it,0.12220097337681014
59,276,that,0.11950625299074483
59,349,were,0.2002466233581328
59,465,if,0.16493252601781533
59,494,means,0.2338590552646896
59,523,born,0.32822108141988793
59,524,conceived,0.32822108141988793
59,525,day,0.20384030336955217
59,526,februaryvalentines,0.32822108141988793
59,527,incredible,0.2946086495133311
59,528,many,0.20772177347683843
59,529,november,0.32822108141988793
59,530,people,0.1601589218871039
59,531,they,0.16328855540207263
59,532,think,0.19377135379366067
59,533,u,0.2002466233581328
60,12,the,0.041426843287882466
60,37,up,0.12772610005760954
60,40,you,0.09189388381106334
60,44,he,0.12650998666362695
60,67,i,0.07784573898511707
60,141,so,0.11519242072179098
60,245,out,0.13162482045866336
60,249,then,0.19063057333797356
60,251,when,0.14086237736601923
60,273,it,0.09652689547373448
60,319,cause,0.20616165256135366
60,426,your,0.12650998666362695
60,534,called,0.20616165256135366
60,535,dnc,0.25926276315983815
60,536,michael,0.19761428287566707
60,537,moore,0.20616165256135366
60,538,mooreder,0.5185255263196763
60,539,picks,0.25926276315983815
60,540,tells,0.25926276315983815
60,541,usefulnewverbs,0.25926276315983815
60,542,was,0.11701678239265957
60,543,wrecks,0.25926276315983815
60,544,ya,0.2327122078605959
61,8,is,0.08175453386514646
61,95,no,0.17734908431012766
61,173,there,0.22890152761717195
61,545,2a,0.29657510413579585
61,546,fact,0.27678185185925647
61,547,gun,0.20910827534063256
61,548,loophole,0.3304118923951078
61,549,nra,0.3304118923951078
61,550,online,0.27678185185925647
61,551,pjnet,0.2627383158764839
61,552,read,0.23542001832870746
61,553,tcot,0.25184530309505654
61,554,teaparty,0.3304118923951078
61,555,tgdn,0.3304118923951078
62,0,a,0.0976583117428562
62,38,user,0.11840557446635513
62,67,i,0.13089822312682867
62,98,5,0.26152937300159423
62,254,from,0.18661190680279147
62,556,analysis,0.4359523779080943
62,557,e3,0.4359523779080943
62,558,gameplay,0.4359523779080943
62,559,liked,0.3106181077612047
62,560,persona,0.32054681025457304
62,561,video,0.2944311782355728
63,0,a,0.06626446281600616
63,1,about,0.2759956481936264
63,6,have,0.12572134157232986
63,12,the,0.047266366316434626
63,71,not,0.11911198382731183
63,116,in,0.0771172847661241
63,184,trump,0.1161478832649922
63,243,fossil,0.18720871836484787
63,244,fuels,0.19101144025085404
63,347,them,0.1837105533338356
63,562,can,0.1379978240968132
63,563,clue,0.5916168244133828
63,564,does,0.1951768507895734
63,565,donald,0.2049290567155273
63,566,global,0.2958084122066914
63,567,maybe,0.22546996928662807
63,568,rockefellers,0.2958084122066914
63,569,warming,0.2958084122066914
64,12,the,0.07319188076146292
64,14,to,0.0909244843094008
64,38,user,0.18661457854602143
64,276,that,0.16678053728376016
64,357,nbawards,0.29578086170873596
64,359,matter,0.36424110297272994
64,570,bare,0.4580587788264528
64,571,latest,0.302230992218694
64,572,nodapl,0.36424110297272994
64,573,thanks,0.31733226504586853
64,574,thoughts,0.4111499408995914
65,138,its,0.23953349767799303
65,300,mannequinchallenge,0.3464339851952553
65,333,only,0.29074422363909874
65,368,10,0.397644711156361
65,512,our,0.28252671128497175
65,575,secs,0.5000661630785724
65,576,tho,0.5000661630785724
66,1,about,0.14506709529052203
66,12,the,0.04968769987019881
66,30,and,0.08168865844043524
66,31,are,0.12362939908505918
66,71,not,0.12521378232744756
66,213,stop,0.21542704164300455
66,276,that,0.11322213877456787
66,458,us,0.15625971764569777
66,531,they,0.15470219354516934
66,542,was,0.14035090057184108
66,577,borders,0.3109619111908671
66,578,brexit,0.21542704164300455
66,579,bullshit,0.27911695467491293
66,580,bullshiting,0.3109619111908671
66,581,closing,0.3109619111908671
66,582,funny,0.23702021197600673
66,583,leaving,0.27911695467491293
66,584,market,0.27911695467491293
66,585,saying,0.23702021197600673
66,586,single,0.24727199815895873
66,587,tv,0.26048884927598387
67,0,a,0.15565335625427076
67,8,is,0.17192716604820812
67,14,to,0.0689632893945958
67,15,trying,0.29103168444596744
67,140,say,0.22434024584611806
67,251,when,0.1887614049026136
67,528,many,0.2198740025589586
67,588,emotionally,0.3474228131605445
67,589,engage,0.3474228131605445
67,590,person,0.5525302625470713
67,591,reacting,0.3474228131605445
67,592,rightists,0.23464055573139045
68,136,go,0.1824990023504554
68,144,westworld,0.22979429852964492
68,517,2,0.19898834967078188
68,527,incredible,0.2977318182437895
68,593,finale,0.3317005781008618
68,594,gonna,0.2637630583867172
68,595,season,0.595463636487579
68,596,wheres,0.3317005781008618
68,597,yeah,0.22979429852964492
68,598,yo,0.2977318182437895
69,12,the,0.05509513655204426
69,31,are,0.13708379824850317
69,42,by,0.15319878720481697
69,116,in,0.0898902891385407
69,141,so,0.15319878720481697
69,252,being,0.21413869545668865
69,418,country,0.2456740506529021
69,528,many,0.21821626466890445
69,599,across,0.3448034222614727
69,600,affected,0.3448034222614727
69,601,companies,0.3094928276409979
69,602,lower,0.3094928276409979
69,603,numbers,0.288837453909854
69,604,pharmaceutical,0.3448034222614727
69,605,states,0.288837453909854
69,606,these,0.23287148555823534
70,316,new,0.2206701413671386
70,438,over,0.2343111469339397
70,607,amid,0.39058137334195814
70,608,fetal,0.39058137334195814
70,609,lawsuit,0.39058137334195814
70,610,possible,0.310584136366
70,611,remains,0.310584136366
70,612,rules,0.3505827548539791
70,613,texas,0.3505827548539791
71,8,is,0.1971130180019724
71,12,the,0.12729191708988064
71,614,bob,0.5041673078286796
71,615,dylan,0.5380267603888235
71,616,greatest,0.6334711965038552
72,6,have,0.1527186604382604
72,38,user,0.04879740444108595
72,42,by,0.15965310863049553
72,199,on,0.11076212591510856
72,273,it,0.13378327178358665
72,290,this,0.12803835945458877
72,516,we,0.16218161710523235
72,542,was,0.16218161710523235
72,617,bc,0.30100628240597277
72,618,cuba,0.2426824471597698
72,619,embargo,0.2426824471597698
72,620,lifted,0.3593301176521757
72,621,logic,0.3593301176521757
72,622,long,0.30100628240597277
72,623,policy,0.28573363165371746
72,624,shouldnt,0.28573363165371746
72,625,standing,0.3593301176521757
73,12,the,0.049005354469512916
73,30,and,0.0805668540397356
73,80,for,0.0790512730835759
73,88,voting,0.2337652886864619
73,116,in,0.15990905035474484
73,427,an,0.16083900734181814
73,531,they,0.15257771745717724
73,626,anyone,0.21246865050329644
73,627,else,0.2337652886864619
73,628,error,0.30669157003110564
73,629,flip,0.30669157003110564
73,630,hillary,0.21851917772876142
73,631,mi,0.30669157003110564
73,632,pa,0.27528393018850256
73,633,praying,0.30669157003110564
73,634,recount,0.2337652886864619
73,635,shows,0.2438762903458995
73,636,stillwithher,0.21851917772876142
73,637,wi,0.30669157003110564
74,8,is,0.06874501875773732
74,12,the,0.04439425318912536
74,38,user,0.037730117797055
74,55,perfect,0.1979578723138362
74,67,i,0.08342183888316494
74,141,so,0.12344366804523754
74,344,she,0.17940474170885135
74,389,be,0.223748427475377
74,465,if,0.13961269059638987
74,491,great,0.16153576194272035
74,594,gonna,0.22092903719686374
74,638,actually,0.2117694183649259
74,639,beautyandthebeast,0.17940474170885135
74,640,cos,0.2778337869059108
74,641,did,0.17583308999598238
74,642,itd,0.5556675738118216
74,643,mean,0.2117694183649259
74,644,really,0.16402428748781667
74,645,sing,0.2778337869059108
74,646,song,0.22092903719686374
74,647,theme,0.24938141205138728
75,14,to,0.11523201730836397
75,48,me,0.14892010836142763
75,59,but,0.14736053178035605
75,71,not,0.11687684274162431
75,77,as,0.12607151624122764
75,140,say,0.18742710302278803
75,273,it,0.21613331890672502
75,290,this,0.10342606817486903
75,359,matter,0.23080822179505964
75,361,should,0.1770851987111558
75,389,be,0.23375368548324862
75,648,dems,0.20680986564195555
75,649,duck,0.29025755565665917
75,650,invertebrates,0.29025755565665917
75,651,lame,0.29025755565665917
75,652,may,0.22123901639886592
75,653,nope,0.29025755565665917
75,654,pains,0.29025755565665917
75,655,session,0.29025755565665917
75,656,tend,0.29025755565665917
76,25,of,0.13190385768325996
76,96,one,0.3078760690900354
76,324,cohen,0.3827064753250395
76,328,leonard,0.3827064753250395
76,389,be,0.2281739192028474
76,458,us,0.2847481445413821
76,657,cannot,0.5086277906499899
76,658,wrong,0.4505975291242446
77,0,a,0.0735568540105675
77,30,and,0.08625962226583407
77,38,user,0.04459191132646307
77,67,i,0.09859336411769534
77,117,man,0.23395951043871094
77,171,love,0.18302915483725454
77,559,liked,0.23395951043871094
77,561,video,0.22176741341443132
77,659,adrian,0.3283620702125356
77,660,ali,0.2611083296668736
77,661,bulletproof,0.3283620702125356
77,662,feat,0.3283620702125356
77,663,method,0.3283620702125356
77,664,muhammad,0.2611083296668736
77,665,shaheed,0.3283620702125356
77,666,younge,0.3283620702125356
78,0,a,0.09166467939422863
78,14,to,0.08122533255242396
78,38,user,0.055569304999489
78,80,for,0.10547241547632934
78,118,needs,0.31189617435022926
78,184,trump,0.16066920381390473
78,290,this,0.14580698972947076
78,565,donald,0.28348160513349935
78,667,cabinet,0.26999122444375906
78,668,his,0.42444952785164913
78,669,idiot,0.40919645485291
78,670,joke,0.3427786806565562
78,671,nomination,0.40919645485291
78,672,what,0.20159110663932844
79,316,new,0.20415974756763683
79,673,aleppo,0.25746950247719796
79,674,army,0.3027052932831684
79,675,district,0.3613583337196784
79,676,monitorhttpstcoaekbmmx9y1aleppo,0.3613583337196784
79,677,syria,0.5508663651411869
79,678,syrianarmy,0.3613583337196784
79,679,takes,0.3243523853708544
80,25,of,0.09453420457559594
80,30,and,0.10668592045590737
80,199,on,0.125184397882658
80,203,tony,0.2742819873976592
80,434,statement,0.3229388415748769
80,502,life,0.2570206936774706
80,680,full,0.28134912076607943
80,681,powerful,0.3229388415748769
80,682,romos,0.3645285623836743
80,683,sport,0.3645285623836743
80,684,transcript,0.4061182831924718
80,685,words,0.3229388415748769
81,0,a,0.08305576923484163
81,25,of,0.08630502372774927
81,38,user,0.10070075852725188
81,686,also,0.26417235172268866
81,687,breathtaking,0.37076577969374763
81,688,defined,0.37076577969374763
81,689,douchebag,0.37076577969374763
81,690,form,0.31058579146709925
81,691,nazi,0.2726164463253267
81,692,philosophy,0.37076577969374763
81,693,socialism,0.33279643455197516
81,694,stuff,0.2726164463253267
82,0,a,0.07089211922077664
82,1,about,0.14763506383871225
82,17,with,0.11987263272139008
82,38,user,0.04297648582936631
82,116,in,0.08250286070835088
82,158,business,0.24121592878153603
82,257,or,0.17194227407184753
82,276,that,0.11522638991608028
82,379,wall,0.22548388902647784
82,531,they,0.15744072199343273
82,552,read,0.22548388902647784
82,668,his,0.3282630423246316
82,695,bought,0.28405786535790667
82,696,dealsdeplorables,0.31646653928053864
82,697,havent,0.25164919143527464
82,698,history,0.2651000064150673
82,699,lemon,0.31646653928053864
82,700,scotland,0.31646653928053864
82,701,shabby,0.31646653928053864
83,10,my,0.13073070374931964
83,38,user,0.04177170625656653
83,171,love,0.1714535184705627
83,290,this,0.10960379557004848
83,309,watching,0.19103049349574458
83,418,country,0.2191627955668324
83,421,happiness,0.2576683361350436
83,424,thankyouobama,0.18452726057405028
83,427,an,0.16131273626235854
83,517,2,0.18452726057405028
83,533,u,0.18766264889043785
83,702,betpresents,0.30759488738434515
83,703,brings,0.30759488738434515
83,704,celebration,0.30759488738434515
83,705,eyes,0.30759488738434515
83,706,led,0.30759488738434515
83,707,obama,0.178839208350647
83,708,tears,0.244594594031556
83,709,wdignitygrace,0.30759488738434515
84,8,is,0.0817265692218062
84,12,the,0.15833249034802632
84,25,of,0.0768853374012699
84,116,in,0.08610895158271586
84,276,that,0.12026278295257459
84,710,communist,0.29647365878935866
84,711,dictator,0.3302988729662227
84,712,dynasty,0.3302988729662227
84,713,fatty,0.2626484446124947
84,714,hereditary,0.3302988729662227
84,715,keeps,0.29647365878935866
84,716,kim,0.20513070695152605
84,717,korea,0.27668717691703165
84,718,north,0.24286196274016766
84,719,third,0.23533949145715094
84,720,world,0.21793394367651595
84,721,worst,0.29647365878935866
85,116,in,0.11977417262942675
85,673,aleppo,0.3273479976031694
85,677,syria,0.35018710923223584
85,722,bodyguard,0.4594327709583024
85,723,hezbollah,0.35018710923223584
85,724,identified,0.4594327709583024
85,725,nasrallahs,0.4594327709583024
86,46,like,0.1851152874387286
86,98,5,0.22541572077276667
86,267,screamqueens,0.28640524340778944
86,309,watching,0.23335997210905435
86,420,finally,0.27628365198774596
86,672,what,0.1851152874387286
86,726,after,0.24263398896006663
86,727,episode,0.31476375647430166
86,728,feels,0.3372731746227687
86,729,forever,0.3372731746227687
86,730,queens,0.37575327910932443
86,731,scream,0.37575327910932443
87,19,altright,0.25159537016494177
87,69,just,0.14232106488827836
87,116,in,0.08605293143133856
87,184,trump,0.1296060392272526
87,304,black,0.21779216175616262
87,307,friday,0.22867436424028134
87,405,doesnt,0.21314410148590207
87,525,day,0.20499725447017147
87,732,advisor,0.33008398946661877
87,733,banned,0.2962807810578396
87,734,bannon,0.20499725447017147
87,735,color,0.2962807810578396
87,736,fit,0.2962807810578396
87,737,scheme,0.33008398946661877
87,738,shopping,0.27650717173464173
87,739,steve,0.20499725447017147
87,740,wants,0.25159537016494177
88,12,the,0.05137528549233828
88,17,with,0.12178808396561709
88,38,user,0.08732641881486027
88,136,go,0.1768995867580042
88,239,all,0.14872731213166335
88,273,it,0.11970733029766627
88,465,if,0.16156689937291258
88,741,comes,0.2885968412632484
88,742,dun,0.6430467502584364
88,743,dunnnn,0.3215233751292182
88,744,electors,0.3215233751292182
88,745,popular,0.22908690821429153
88,746,together,0.2693360536729309
88,747,vote,0.22908690821429153
89,8,is,0.0840697435073166
89,38,user,0.046140962400162945
89,104,news,0.21503002025724804
89,245,out,0.17249685944635856
89,639,beautyandthebeast,0.2193978689948639
89,748,editor,0.3049738253841538
89,749,exotic,0.33976883889085385
89,750,fashion,0.2846200472706481
89,751,journal,0.33976883889085385
89,752,managing,0.33976883889085385
89,753,mckesson,0.33976883889085385
89,754,riley,0.33976883889085385
89,755,rose,0.33976883889085385
90,8,is,0.07409482834158929
90,12,the,0.047849060613298224
90,25,of,0.06970567749236012
90,38,user,0.04066631520361734
90,40,you,0.10613977960886792
90,79,do,0.1796441757986537
90,251,when,0.16269963863482353
90,532,think,0.176788829865486
90,583,leaving,0.26878853553954385
90,672,what,0.14752690329519785
90,756,behind,0.26878853553954385
90,757,corruption,0.26878853553954385
90,758,countrys,0.2994551040975631
90,759,humanly,0.26878853553954385
90,760,imminent,0.2994551040975631
90,761,minimum,0.18597531578637175
90,762,prices,0.26878853553954385
90,763,prof,0.26878853553954385
90,764,skyrocketed,0.2994551040975631
90,765,stuffs,0.2994551040975631
90,766,wage,0.18951660579126953
91,14,to,0.041525858793765365
91,138,its,0.10020693397640335
91,181,reject,0.17524310019008424
91,199,on,0.06448469504975005
91,585,saying,0.15945464410409152
91,767,criticism,0.20919870278357183
91,768,enjoy,0.17524310019008424
91,769,fate,0.20919870278357183
91,770,gadafi,0.20919870278357183
91,771,govt,0.16635150283021288
91,772,involvement,0.20919870278357183
91,773,libya,0.5633253084206771
91,774,lives,0.15381950021340476
91,775,post,0.15945464410409152
91,776,saved,0.18777510280689236
91,777,uk,0.4990545084906386
91,778,wishing,0.20919870278357183
92,38,user,0.0603015561909994
92,304,black,0.29298352736320504
92,307,friday,0.30762274138986645
92,779,blackfriday,0.2867307536986396
92,780,everybody,0.3985698457846134
92,781,happy,0.29298352736320504
92,782,thewalkingdead,0.30762274138986645
92,783,walkers,0.44404339798198683
92,784,zombies,0.44404339798198683
93,12,the,0.10203393577796366
93,25,of,0.0743206295949544
93,37,up,0.15729410758965462
93,38,user,0.04335867978000735
93,399,best,0.20616826029035562
93,668,his,0.16559115829381166
93,708,tears,0.25388713148072506
93,785,cried,0.31928090612694743
93,786,dragon,0.31928090612694743
93,787,fantasticbeasts,0.1947922512413372
93,788,fat,0.26745756582951125
93,789,fbnewthttpstco4g5lyjv9s3,0.31928090612694743
93,790,girl,0.31928090612694743
93,791,pearlwhen,0.31928090612694743
93,792,phoenix,0.31928090612694743
93,793,snapped,0.31928090612694743
94,116,in,0.0780053060892801
94,170,live,0.20208202337005426
94,199,on,0.18446356363761246
94,614,bob,0.1893644650861292
94,615,dylan,0.20208202337005426
94,668,his,0.15518406800977358
94,794,1995,0.2992147066373772
94,795,5th,0.2992147066373772
94,796,biggest,0.25064836500371573
94,797,door,0.2992147066373772
94,798,heavens,0.2992147066373772
94,799,hit,0.2379308067197907
94,800,knockin,0.2992147066373772
94,801,mtvs,0.2992147066373772
94,802,sings,0.26857275667858393
94,803,unplugged,0.2992147066373772
95,8,is,0.13829278874061718
95,804,better,0.3982273437427523
95,805,onedirection,0.4444379130276268
95,806,toyboy,0.5589119021552422
95,807,younger,0.5589119021552422
96,8,is,0.07092030737014349
96,12,the,0.045799014074548956
96,38,user,0.03892400641723141
96,71,not,0.11541423318292424
96,90,comey,0.20422182442501333
96,252,being,0.1780073839704921
96,530,people,0.1398617949119293
96,808,brutal,0.2866252409446092
96,809,created,0.24010232925692707
96,810,duped,0.2866252409446092
96,811,fbi,0.25727255173807323
96,812,hate,0.21074964005039107
96,813,manipulated,0.2866252409446092
96,814,myth,0.2866252409446092
96,815,putin,0.3971343466500025
96,816,reinforced,0.2866252409446092
96,817,surprised,0.2866252409446092
96,818,truth,0.25727255173807323
97,0,a,0.0748247937667237
97,12,the,0.10674488138687058
97,14,to,0.06630327839505139
97,30,and,0.08774652659165197
97,38,user,0.04536056651073308
97,44,he,0.16298965174367394
97,80,for,0.08609588544081494
97,186,blm,0.2798061833331555
97,199,on,0.10296106600317906
97,239,all,0.1545089155256382
97,379,wall,0.2379923985849803
97,458,us,0.16784762697015096
97,542,was,0.150759043719261
97,819,against,0.2379923985849803
97,820,border,0.2656091968709088
97,821,building,0.334022226955732
97,822,corby,0.334022226955732
97,823,denying,0.334022226955732
97,824,entry,0.334022226955732
97,825,mexican,0.2656091968709088
97,826,muslims,0.2656091968709088
98,0,a,0.06626326203870322
98,8,is,0.07319119310741798
98,12,the,0.04726550980334371
98,13,thing,0.19977787827378726
98,31,are,0.11760267812157384
98,116,in,0.1542317746500059
98,273,it,0.1101313197482911
98,362,earth,0.21749789551449025
98,363,google,0.23521791275519327
98,367,vr,0.409850686398538
98,399,best,0.19100797893550783
98,528,many,0.187205325958566
98,530,people,0.14434020408742052
98,827,almost,0.2655104823111175
98,828,calling,0.24779046507041452
98,829,emotional,0.2655104823111175
98,830,experience,0.2655104823111175
98,831,experienced,0.2958030518670418
98,832,profound,0.2958030518670418
98,833,theyve,0.2958030518670418
99,12,the,0.15172201818044612
99,14,to,0.06282685145728206
99,25,of,0.07367533052353469
99,30,and,0.16629156583236537
99,530,people,0.15444374527245427
99,632,pa,0.2840957137097362
99,834,both,0.26513532878961293
99,835,dying,0.2840957137097362
99,836,exactly,0.2327223366802925
99,837,fuel,0.26513532878961293
99,838,hamas,0.25168272160041566
99,839,idea,0.2840957137097362
99,840,problem,0.2840957137097362
99,841,promote,0.31650870581905666
99,842,right,0.17882066484484435
99,843,their,0.37371347476354944
99,844,war,0.25168272160041566
100,6,have,0.13397960546243085
100,14,to,0.1251497076564531
100,17,with,0.11940773322489535
100,136,go,0.17344208050072812
100,243,fossil,0.39901181314103956
100,244,fuels,0.20355841803435376
100,426,your,0.15382427355409872
100,458,us,0.15840907082289613
100,516,we,0.1422814278927129
100,845,along,0.28295620974576047
100,846,around,0.24028042614602052
100,847,dont,0.16722292252260432
100,848,enough,0.250673225697845
100,849,outdated,0.31523919379367593
100,850,theres,0.250673225697845
100,851,views,0.31523919379367593
100,852,wont,0.250673225697845
100,853,worry,0.31523919379367593
101,8,is,0.16863208645954256
101,141,so,0.3028083151165718
101,854,ashley,0.48559226024819024
101,855,graham,0.519472094306206
101,856,pretty,0.6117346187169257
102,14,to,0.07471175189100347
102,59,but,0.1910851470982827
102,67,i,0.11301185014430577
102,68,im,0.18194858278364054
102,71,not,0.15155637956677967
102,145,will,0.18365973322343726
102,201,romo,0.2681742059432305
102,203,tony,0.2541991128506779
102,340,going,0.22962967652075658
102,857,dak,0.3152907465932423
102,858,sack,0.7527647606716134
103,0,a,0.07818281007192962
103,8,is,0.0863569491389194
103,12,the,0.055767709922722467
103,14,to,0.06927886280672814
103,68,im,0.16871764595931424
103,199,on,0.10758179291781601
103,340,going,0.21293146597932341
103,396,allen,0.22536681835276265
103,400,grayson,0.22088013770471288
103,469,some,0.20291994722358028
103,859,1st,0.29236343446116375
103,860,guessing,0.31327095847638675
103,861,nba,0.2660230693276252
103,862,pick,0.29236343446116375
103,863,round,0.34901260685461216
103,864,suns,0.34901260685461216
103,865,team,0.2660230693276252
103,866,waste,0.31327095847638675
104,25,of,0.06936438854984159
104,243,fossil,0.18858870544933123
104,837,fuel,0.49924309355023394
104,867,efficiency,0.2979889291820344
104,868,hurting,0.2979889291820344
104,869,improving,0.2979889291820344
104,870,industrythankyouobama,0.2979889291820344
104,871,pollution,0.2979889291820344
104,872,rapidly,0.2979889291820344
104,873,reducing,0.2979889291820344
104,874,vehicles,0.2979889291820344
105,0,a,0.12843517693055395
105,12,the,0.04580633315908576
105,14,to,0.11380817591416223
105,48,me,0.14708000680226993
105,67,i,0.08607529736668407
105,69,just,0.12360287037890072
105,71,not,0.11543267739065416
105,80,for,0.07389088377615684
105,81,how,0.1293873559767529
105,199,on,0.08836524675432973
105,385,speech,0.18511119747923568
105,562,can,0.13373514400258965
105,875,7,0.2279562861265686
105,876,blunt,0.2573136661505387
105,877,give,0.21078331969312572
105,878,hey,0.2401406997170958
105,879,marijuana,0.2185053207045676
105,880,medical,0.2185053207045676
105,881,minutes,0.2866710461745088
105,882,next,0.1891479406805975
105,883,prepared,0.2866710461745088
105,884,professor,0.2866710461745088
105,885,roll,0.2866710461745088
105,886,teach,0.2866710461745088
105,887,yall,0.2573136661505387
106,0,a,0.09551815073905714
106,8,is,0.10550472767130627
106,59,but,0.21647781259686816
106,141,so,0.1894521350813373
106,273,it,0.15875372985206024
106,284,young,0.2601443954980557
106,882,next,0.2813413262891455
106,888,little,0.35718867840331453
106,889,maduro,0.2953988261327658
106,890,perhaps,0.42639857483632837
106,891,venezuela,0.38273199193514085
106,892,whos,0.42639857483632837
107,10,my,0.15760588014732752
107,80,for,0.09558306658921785
107,82,left,0.24467619394100187
107,277,today,0.24467619394100187
107,308,thanksgiving,0.21892584348888613
107,893,break,0.3708292051115047
107,894,hella,0.3708292051115047
107,895,mf,0.3708292051115047
107,896,overs,0.3708292051115047
107,897,pt2,0.3708292051115047
107,898,taking,0.33285336470585003
108,0,a,0.20878327536928515
108,8,is,0.1537412693449667
108,14,to,0.06166857683652222
108,30,and,0.08161290886724992
108,38,user,0.04218979285682049
108,40,you,0.11011608239264298
108,70,need,0.18954093555623383
108,285,big,0.22843187217334532
108,345,suppression,0.22135636236867418
108,348,voter,0.4099699944977276
108,426,your,0.15159642336574033
108,443,fraud,0.2602472989857857
108,899,bigot,0.31067355742794206
108,900,case,0.22843187217334532
108,901,hater,0.31067355742794206
108,902,immigration,0.24704270380306134
108,903,lie,0.2602472989857857
108,904,resign,0.31067355742794206
108,905,youre,0.2049849972488638
109,8,is,0.09720245077044198
109,12,the,0.12554306590019837
109,38,user,0.10669747376622656
109,40,you,0.13924111753998905
109,116,in,0.10241468847660909
109,173,there,0.2721535848542418
109,184,trump,0.1542488083946007
109,265,get,0.19944294806765145
109,276,that,0.14303594719286114
109,435,transition,0.2994326983289249
109,438,over,0.2356690007265184
109,546,fact,0.3290811292971091
109,641,did,0.24862030126692658
109,865,team,0.2994326983289249
109,906,infighting,0.3928448268995155
109,907,sofs,0.3928448268995155
109,908,where,0.24862030126692658
110,0,a,0.1373006503915232
110,1,about,0.142966457403551
110,12,the,0.09793639850231871
110,14,to,0.06083199691209381
110,25,of,0.07133601915341053
110,30,and,0.0805057693054997
110,40,you,0.10862227616892235
110,465,if,0.15399700546802172
110,473,wanna,0.2335880509042103
110,497,state,0.2436913865345273
110,536,michael,0.2335880509042103
110,567,maybe,0.2335880509042103
110,720,world,0.2022042239230579
110,804,better,0.21835349934828965
110,882,next,0.2022042239230579
110,908,where,0.19394919764027985
110,909,crack,0.2750752135156797
110,910,feel,0.21835349934828965
110,911,invade,0.30645904049683215
110,912,lil,0.2750752135156797
110,913,moores,0.30645904049683215
110,914,smile,0.2750752135156797
110,915,watch,0.21835349934828965
111,25,of,0.0760697224371198
111,38,user,0.1775164044804613
111,40,you,0.11583021447956775
111,50,too,0.20295463957832635
111,67,i,0.098122837658114
111,81,how,0.14749707423530245
111,245,out,0.16591018414139608
111,276,that,0.11898701141118788
111,644,really,0.19292943848547592
111,741,comes,0.29332860720009507
111,818,truth,0.29332860720009507
111,916,bad,0.22639582805701564
111,917,bugs,0.3267949967716348
111,918,free,0.24028563469467906
111,919,know,0.20681924512313934
111,920,kremlintrolls,0.3267949967716348
111,921,mh17,0.3267949967716348
111,922,paid,0.2598622176285554
111,923,piss,0.29332860720009507
112,5,ever,0.25107808260689796
112,12,the,0.16368894347399024
112,25,of,0.07948639991824656
112,38,user,0.046372391887740824
112,458,us,0.17159168268865138
112,518,first,0.22530673842820453
112,542,was,0.15412191676037423
112,924,allowed,0.27153394928106755
112,925,gru,0.34147301938881336
112,926,headquarters,0.34147301938881336
112,927,inside,0.28604761766077086
112,928,intelli,0.34147301938881336
112,929,military,0.34147301938881336
112,930,officer,0.30650348433494046
112,931,russian,0.28604761766077086
113,0,a,0.07075503138047912
113,30,and,0.08297394392928413
113,38,user,0.042893379925766834
113,46,like,0.1556061197241176
113,67,i,0.09483788650140393
113,96,one,0.1716097802027484
113,251,when,0.1716097802027484
113,277,today,0.20840347322673258
113,349,were,0.19270185534898882
113,531,they,0.1571362705425494
113,799,hit,0.2511625640845103
113,932,3m,0.31585457119616966
113,933,awesome,0.24074947678256226
113,934,definitely,0.26458736851198644
113,935,getting,0.2511625640845103
113,936,lol,0.2511625640845103
113,937,model,0.2133201658278033
113,938,s,0.2039557837585781
113,939,saw,0.28350856764034
113,940,subs,0.31585457119616966
113,941,tesla,0.2039557837585781
113,942,x,0.2511625640845103
114,14,to,0.11091047731098903
114,30,and,0.0733901051519337
114,38,user,0.0758780290293724
114,141,so,0.12412712674011125
114,178,must,0.42588380350833116
114,199,on,0.08611535697240227
114,240,come,0.205416512553473
114,243,fossil,0.17680660816914803
114,244,fuels,0.18039803470284724
114,943,avoid,0.2793720425361709
114,944,cars,0.205416512553473
114,945,concern,0.2507621381518459
114,946,hind,0.2793720425361709
114,947,india,0.2793720425361709
114,948,jai,0.2793720425361709
114,949,serious,0.2793720425361709
114,950,sir,0.2507621381518459
114,951,solar,0.2793720425361709
114,952,take,0.17350281602019574
115,38,user,0.04125263501758136
115,80,for,0.07829889288893797
115,116,in,0.07919354817006305
115,251,when,0.16504541354407565
115,384,oh,0.20516030580975436
115,446,medicare,0.2004316850828116
115,848,enough,0.24155516781819478
115,852,wont,0.24155516781819478
115,953,before,0.22335773681397456
115,954,cool,0.24155516781819478
115,955,kick,0.30377259536880186
115,956,nah,0.30377259536880186
115,957,old,0.24155516781819478
115,958,repeal,0.30377259536880186
115,959,shes,0.42089290808578256
115,960,summer,0.30377259536880186
115,961,wait,0.2164393946328223
116,10,my,0.2088030996797638
116,48,me,0.25206251488680137
116,94,had,0.3500468500237471
116,116,in,0.1280795121708892
116,276,that,0.17888034042643106
116,308,thanksgiving,0.29004244434125825
116,382,god,0.317239541830123
116,384,oh,0.33180521004711105
116,506,thisisus,0.3241576244805771
116,708,tears,0.3906665223544943
116,727,episode,0.4115479052074207
117,12,the,0.03515852244272177
117,14,to,0.04367657298769864
117,30,and,0.05780208257972605
117,80,for,0.11342948087698039
117,116,in,0.11472554369929655
117,140,say,0.14208158003762605
117,199,on,0.06782449711438016
117,249,then,0.16178614538396438
117,265,get,0.2234171776959299
117,349,were,0.13424176348230113
117,389,be,0.08860002752387476
117,420,finally,0.16178614538396438
117,427,an,0.11539273433498765
117,438,over,0.1319989087678321
117,533,u,0.26848352696460226
117,546,fact,0.1843193200183006
117,962,8,0.3686386400366012
117,963,another,0.16771314558545614
117,964,email,0.2200335568359246
117,965,kilkenny,0.2200335568359246
117,966,placement,0.2200335568359246
117,967,tipp,0.1975003822015884
117,968,ull,0.2200335568359246
117,969,uno,0.1975003822015884
117,970,wen,0.2200335568359246
117,971,wks,0.4400671136718492
118,1,about,0.2335739075086298
118,38,user,0.06799323592341736
118,458,us,0.2515952550342781
118,972,ask,0.36814170265828355
118,973,bbn,0.5006827257259338
118,974,dropsmic,0.5006827257259338
118,975,duncan,0.3468611251835579
118,976,tim,0.3468611251835579
119,0,a,0.07350046369559093
119,10,my,0.13944996321264921
119,25,of,0.07637590165846647
119,30,and,0.08619349372710361
119,37,up,0.16164393867754984
119,67,i,0.19703556051806562
119,199,on,0.10113874977616749
119,273,it,0.12215974311948015
119,276,that,0.11946593192433107
119,290,this,0.11691396758268832
119,478,time,0.2001790607227268
119,532,think,0.19370597589560207
119,715,keeps,0.2945092494014055
119,850,theres,0.26090815823280433
119,937,model,0.22159740159891542
119,938,s,0.2118696633606334
119,941,tesla,0.2118696633606334
119,977,ad,0.26090815823280433
119,978,coming,0.26090815823280433
119,979,every,0.3281103405700066
119,980,jaguar,0.3281103405700066
119,981,see,0.18537534091317956
119,982,tl,0.2945092494014055
120,30,and,0.09056052029654292
120,38,user,0.09363052108660318
120,199,on,0.10626298350163617
120,239,all,0.15946395058545376
120,273,it,0.2566980271438616
120,389,be,0.1388127249530003
120,413,has,0.16664939245533314
120,846,around,0.26276198100370834
120,983,1,0.2328247193308671
120,984,air,0.3094306739946998
120,985,caused,0.34473417739362566
120,986,could,0.2328247193308671
120,987,drone,0.25347594496332054
120,988,flying,0.34473417739362566
120,989,force,0.34473417739362566
120,990,strikes,0.25347594496332054
120,991,true,0.274127170595774
121,1,about,0.14902515395267502
121,12,the,0.051043395525921686
121,298,days,0.2276069817176288
121,316,new,0.180480342273618
121,516,we,0.1441802810156752
121,672,what,0.15737558855060088
121,847,dont,0.1694546387301642
121,879,marijuana,0.24348714992108778
121,880,medical,0.24348714992108778
121,919,know,0.20216846358412038
121,992,above,0.31944629894071314
121,993,ahead,0.2540186492328007
121,994,floridas,0.31944629894071314
121,995,hazy,0.31944629894071314
121,996,law,0.5351922265840656
122,31,are,0.13021389599708905
122,48,me,0.16803996470170135
122,80,for,0.08442086570077098
122,239,all,0.15150290098506947
122,464,hatchimals,0.2072804398150694
122,531,they,0.16294162626279968
122,779,blackfriday,0.2114908733456787
122,953,before,0.24082145745721867
122,997,bearakeet,0.3275237302982012
122,998,burtle,0.3275237302982012
122,999,dm,0.29398271265605197
122,1000,draggle,0.3275237302982012
122,1001,gone,0.29398271265605197
122,1002,hatchimal,0.2743624750993679
122,1003,penguala,0.3275237302982012
122,1004,sale,0.2743624750993679
123,0,a,0.07295059877986214
123,14,to,0.06464252845208589
123,44,he,0.1589071227739228
123,59,but,0.16533178175359006
123,77,as,0.1414464793029296
123,117,man,0.23203121729887172
123,138,its,0.15599026170263067
123,290,this,0.11603932155054049
123,389,be,0.1311304758658778
123,716,kim,0.20224709140245087
123,847,dont,0.17274850623993482
123,961,wait,0.23203121729887172
123,1005,calls,0.24822006498426777
123,1006,jongun,0.25895627609184524
123,1007,loser,0.32565571163712687
123,1008,potus,0.2923059938644861
123,1009,terrifying,0.32565571163712687
123,1010,til,0.32565571163712687
123,1011,unsporting,0.32565571163712687
123,1012,want,0.21487034721162696
124,12,the,0.06245411382112394
124,69,just,0.16852490044229435
124,290,this,0.1392726488526002
124,416,pipeline,0.2578915665497686
124,572,nodapl,0.31080435516514415
124,771,govt,0.31080435516514415
124,1013,approved,0.35083133455987753
124,1014,enormous,0.3908583139546109
124,1015,nodakotaaccess,0.3908583139546109
124,1016,oil,0.32741705259682014
124,1017,quietly,0.3908583139546109
125,9,most,0.2153788949482681
125,14,to,0.07126583176353032
125,854,ashley,0.25580524295495677
125,855,graham,0.27365280744878695
125,981,see,0.2028400774681543
125,1018,diva,0.35902254621068036
125,1019,excited,0.3007486337101616
125,1020,more,0.18041039651600926
125,1021,reveal,0.35902254621068036
125,1022,roman,0.35902254621068036
125,1023,tami,0.35902254621068036
125,1024,theyre,0.2424747212096428
125,1025,which,0.26398188845656456
126,12,the,0.04641081619829714
126,14,to,0.05765502246022908
126,25,of,0.06761046809718568
126,116,in,0.07572141478004567
126,171,love,0.1618992359659465
126,400,grayson,0.18382012614599302
126,530,people,0.14173012646638306
126,1026,again,0.2069499038045296
126,1027,allen2,0.29045409915636705
126,1028,id,0.2069499038045296
126,1029,josh,0.5809081983127341
126,1030,list,0.24330971522198666
126,1031,mouth1,0.29045409915636705
126,1032,norman,0.29045409915636705
126,1033,norman3,0.29045409915636705
126,1034,punch,0.29045409915636705
127,12,the,0.10011712353269869
127,25,of,0.1458488805210429
127,184,trump,0.24601831879891034
127,1035,melania,0.44643104305152054
127,1036,quote,0.5624004875302976
127,1037,yearhello,0.6265657729778014
128,1,about,0.22312392056305322
128,67,i,0.1436081589123148
128,171,love,0.2665948179035473
128,458,us,0.24033900146246132
128,972,ask,0.3516712157450171
128,975,duncan,0.3313427213140578
128,976,tim,0.3313427213140578
128,1038,antoine,0.47828241567624036
128,1039,walker,0.47828241567624036
129,67,i,0.16404327845278474
129,251,when,0.29683739270807036
129,273,it,0.20340982819121298
129,812,hate,0.40171324251509605
129,1040,churches,0.490391304792373
129,1041,conservatives,0.37849204883277965
129,1042,recreate,0.5463409327721697
130,14,to,0.053840451968826974
130,20,at,0.1186908656255952
130,25,of,0.06313722560228746
130,199,on,0.08360778626622373
130,231,leadership,0.22721186250503617
130,360,pelosi,0.18790662057782695
130,388,back,0.17165822248172846
130,865,team,0.20674130184109993
130,993,ahead,0.2156834405894808
130,1043,1130,0.27123708061278856
130,1044,3rd,0.24346026060113468
130,1045,chairhttpstco1vdt7spbdr,0.27123708061278856
130,1046,dccc,0.27123708061278856
130,1047,ds,0.27123708061278856
130,1048,elections,0.27123708061278856
130,1049,house,0.24346026060113468
130,1050,including,0.27123708061278856
130,1051,letter,0.27123708061278856
130,1052,lujan,0.27123708061278856
130,1053,sends,0.24346026060113468
131,12,the,0.05329394956440776
131,14,to,0.1324115415683202
131,38,user,0.0452938578867223
131,80,for,0.08596927022207893
131,199,on,0.10280964833871648
131,253,fight,0.27939469187888877
131,360,pelosi,0.23106237403067612
131,1054,down,0.25422274035209824
131,1055,gauntlet,0.33353100374440026
131,1056,med,0.33353100374440026
131,1057,plan,0.25422274035209824
131,1058,privatize,0.33353100374440026
131,1059,schumer,0.33353100374440026
131,1060,something,0.25422274035209824
131,1061,throw,0.27939469187888877
131,1062,voucherize,0.33353100374440026
132,1,about,0.2327875437630111
132,38,user,0.0677643258698597
132,77,as,0.21673620366044777
132,426,your,0.24349087156043034
132,516,we,0.22521951889650954
132,686,also,0.3555377653505744
132,1041,conservatives,0.34569336198381445
132,1063,care,0.3803436806781346
132,1064,sexuality,0.4989970976188907
132,1065,though,0.3803436806781346
133,29,rise,0.2722397356432608
133,30,and,0.08537370732255395
133,436,trumps,0.20183345702914324
133,641,did,0.20567671332909382
133,837,fuel,0.2722397356432608
133,1066,fantasies,0.32498968279457097
133,1067,hollywoods,0.32498968279457097
133,1068,killer,0.2722397356432608
133,1069,rebel,0.32498968279457097
133,1070,revolt,0.32498968279457097
133,1071,robots,0.23155666863421753
133,1072,wieners,0.32498968279457097
133,1073,workingclass,0.32498968279457097
134,0,a,0.14583890114310624
134,8,is,0.08054329690186515
134,14,to,0.06461492759649973
134,25,of,0.07577215851192558
134,38,user,0.044205502228167104
134,138,its,0.1559236574903698
134,216,15,0.27268118130451546
134,245,out,0.16526118892962022
134,257,or,0.1768593786327096
134,273,it,0.1211940837152693
134,465,if,0.3271470891469542
134,761,minimum,0.20216073660018385
134,766,wage,0.2060102248662899
134,1074,b,0.27268118130451546
134,1075,boom,0.32551666422541603
134,1076,businesses,0.32551666422541603
134,1077,continue,0.27268118130451546
134,1078,puts,0.2921811860063033
134,1079,win,0.21477860257283962
134,1080,winwin,0.32551666422541603
135,0,a,0.0619962625601119
135,12,the,0.04422186390543391
135,30,and,0.07270259532253023
135,31,are,0.11002969498149538
135,77,as,0.12020673189441407
135,82,left,0.18260519700890668
135,184,trump,0.10866661194691446
135,251,when,0.15036619705701895
135,531,they,0.1376843638706998
135,691,nazi,0.20349219494676124
135,843,their,0.16338735753862785
135,1081,anti,0.2200711379028547
135,1082,deeply,0.27675491826708154
135,1083,ellison,0.27675491826708154
135,1084,intifadas,0.27675491826708154
135,1085,keith,0.27675491826708154
135,1086,mini,0.27675491826708154
135,1087,positioned,0.27675491826708154
135,1088,r,0.24841302808496812
135,1089,radical,0.23183408512887468
135,1090,riots,0.23183408512887468
135,1091,semitic,0.27675491826708154
135,1092,themselves,0.23183408512887468
136,1093,2016,0.20425106899144405
136,1094,angflo,0.30956122186343893
136,1095,arquettegene,0.30956122186343893
136,1096,bowieleonard,0.30956122186343893
136,1097,burnsdavid,0.30956122186343893
136,1098,cohenalexis,0.30956122186343893
136,1099,etcrip,0.30956122186343893
136,1100,grimmieprincechynabig,0.30956122186343893
136,1101,henderson,0.30956122186343893
136,1102,pete,0.30956122186343893
136,1103,wilderchristina,0.30956122186343893
137,10,my,0.1492970251280262
137,14,to,0.06972881799532511
137,30,and,0.09227992537527244
137,67,i,0.10547447396928403
137,80,for,0.09054400432930951
137,81,how,0.15854796587907793
137,199,on,0.1082805195417934
137,308,thanksgiving,0.20738424940732642
137,380,doing,0.23724518868727548
137,726,after,0.22683053997213037
137,775,post,0.26775084682686606
137,779,blackfriday,0.22683053997213037
137,910,feel,0.25028820666040463
137,1104,cardio,0.351279388192783
137,1105,deals,0.351279388192783
137,1106,doyoueven,0.351279388192783
137,1107,headed,0.351279388192783
137,1108,looking,0.2793318188000547
138,0,a,0.11040616568489274
138,8,is,0.12194930862553577
138,38,user,0.06693083895904842
138,40,you,0.17469063672427626
138,396,allen,0.3182526474047229
138,400,grayson,0.31191676351224007
138,426,your,0.24049598521363183
138,1109,mouth,0.442386827922767
138,1110,saint,0.49285953860005083
138,1111,shut,0.49285953860005083
139,21,israel,0.1913565740014242
139,25,of,0.07038243207076626
139,26,palestine,0.20946952977906907
139,312,bds,0.25328517884469115
139,458,us,0.1519384443522914
139,771,govt,0.24043383220070255
139,1112,aipac,0.604724874087939
139,1113,control,0.19524355019752324
139,1114,cynthia,0.3023624370439695
139,1115,lobby,0.3023624370439695
139,1116,mckinney,0.3023624370439695
139,1117,total,0.3023624370439695
140,0,a,0.09993838759611587
140,307,friday,0.30906882255439905
140,308,thanksgiving,0.26338150707340124
140,413,has,0.21566594345577278
140,779,blackfriday,0.2880786252517714
140,1118,dayafterthanksgiving,0.40044345351639454
140,1119,everyone,0.3178702590062147
140,1120,hope,0.30906882255439905
140,1121,itsfriday,0.44613076899739235
140,1122,wonderful,0.3737180872013937
141,0,a,0.21234512281311807
141,8,is,0.07818204945477238
141,38,user,0.042909551686051955
141,45,isnt,0.24084024470138876
141,69,just,0.13623716553839602
141,80,for,0.08144377662049072
141,124,who,0.16570683399316546
141,184,trump,0.1240656780838443
141,252,being,0.1962340916581325
141,339,didnt,0.2251327069637308
141,344,she,0.20403267963503774
141,385,speech,0.20403267963503774
141,959,shes,0.21889905924921538
141,1035,melania,0.2251327069637308
141,1123,figure,0.31597365540961203
141,1124,mocked,0.31597365540961203
141,1125,public,0.2646871238473192
141,1126,sayin,0.28361545668947985
141,1127,spouse,0.31597365540961203
141,1128,write,0.31597365540961203
142,20,at,0.17362565503019387
142,35,president,0.23802747139168207
142,80,for,0.10227104438380967
142,104,news,0.25110838279438485
142,184,trump,0.15579246194518911
142,707,obama,0.23069027533908473
142,1081,anti,0.31551019915587303
142,1090,riots,0.3323744270474009
142,1129,breaking,0.39677624340888906
142,1130,fault,0.3561432212823811
142,1131,fox,0.39677624340888906
142,1132,wtf,0.3323744270474009
143,116,in,0.09043249294940728
143,170,live,0.2342761290199694
143,644,really,0.20478889135620287
143,1133,77off,0.3468832212179747
143,1134,automated,0.3468832212179747
143,1135,forex,0.3468832212179747
143,1136,fully,0.3468832212179747
143,1137,systemsrobotssigna,0.3468832212179747
143,1138,trade,0.31135963875253175
143,1139,trading,0.3468832212179747
143,1140,working,0.2758360562870888
144,14,to,0.07337456721693937
144,21,israel,0.2339383739036679
144,26,palestine,0.2560819320402164
144,80,for,0.09527806899289736
144,115,gaza,0.2939365947053435
144,1005,calls,0.2817501152709554
144,1141,brutality,0.3696459200355977
144,1142,immune,0.3696459200355977
144,1143,israeli,0.3317912573704706
144,1144,jerusalem,0.26337444647982294
144,1145,justice,0.3317912573704706
144,1146,palestinian,0.3696459200355977
145,8,is,0.08765576718618026
145,30,and,0.09306339370729039
145,68,im,0.17125517797785292
145,71,not,0.14264917241620606
145,80,for,0.09131273447031935
145,199,on,0.10919983495834204
145,257,or,0.19247715346206914
145,273,it,0.13189626939944743
145,465,if,0.1780180982462236
145,469,some,0.20597188562843557
145,627,else,0.27002408565434405
145,961,wait,0.2524131854464033
145,1147,david,0.23374487893929255
145,1148,nvm,0.3542617949862483
145,1149,reason,0.2817033815561454
145,1150,ross,0.3542617949862483
145,1151,someone,0.2817033815561454
145,1152,sure,0.24542417484109386
145,1153,thats,0.24542417484109386
145,1154,verlander,0.2524131854464033
146,21,israel,0.3090609803713439
146,38,user,0.19895414218365634
146,1119,everyone,0.3479496043147365
146,1144,jerusalem,0.3479496043147365
146,1155,blessings,0.43833651388798833
146,1156,shabbat,0.4883471169356453
146,1157,shalom,0.43833651388798833
147,14,to,0.09214168897278945
147,159,deep,0.3538137596449164
147,162,learning,0.34130994417245875
147,680,full,0.3215803871638136
147,1158,gallery,0.46419080460508044
147,1159,mac,0.46419080460508044
147,1160,throat,0.46419080460508044
148,30,and,0.09198530885525348
148,60,catholic,0.6285978928453279
148,64,francis,0.29332281508176133
148,73,pope,0.3142989464226639
148,170,live,0.23648775036471464
148,199,on,0.10793481889537959
148,1161,discussing,0.3501578797988081
148,1162,faith,0.3501578797988081
148,1163,radio,0.3142989464226639
149,0,a,0.1403314440533837
149,25,of,0.14582140073294203
149,52,efron,0.4463469297527357
149,58,zac,0.4463469297527357
149,67,i,0.09404799421362929
149,276,that,0.11404572093284822
149,478,time,0.19109686693143507
149,520,photo,0.4463469297527357
149,898,taking,0.2811472620550049
149,1164,efronception,0.3132238599999377
149,1165,picture,0.26238365510650996
149,1166,took,0.23874430604319208
150,14,to,0.08237201802321065
150,37,up,0.20443703642205885
150,40,you,0.1470843724436379
150,199,on,0.12791389792176314
150,251,when,0.22546282207854046
150,308,thanksgiving,0.24498707451280172
150,726,after,0.26795935832515627
150,935,getting,0.32998014700603323
150,1167,asf,0.41497321949926474
150,1168,sick,0.372476683252649
150,1169,turnt,0.41497321949926474
150,1170,wake,0.372476683252649
151,30,and,0.09342845905220443
151,31,are,0.14139666963057484
151,276,that,0.1294937407255376
151,278,why,0.2133565797692668
151,469,some,0.41355972774575744
151,491,great,0.20677986387287872
151,542,was,0.16052128431730436
151,630,hillary,0.5068066835148815
151,1171,acting,0.3192299576034286
151,1172,angryarab,0.35565147893419563
151,1173,chomsky,0.35565147893419563
151,1174,leftists,0.24019798787723273
152,0,a,0.07132662026408351
152,6,have,0.13532560302072905
152,8,is,0.07878393361315077
152,14,to,0.1264069975278922
152,17,with,0.12060733757369081
152,30,and,0.08364424232437292
152,44,he,0.15536963634193637
152,48,me,0.16336209509481586
152,67,i,0.0956040268113027
152,80,for,0.08207077117087967
152,137,good,0.17299611613911753
152,273,it,0.11854675699908312
152,276,that,0.11593261773357721
152,391,her,0.19425858193391707
152,648,dems,0.22686589010230665
152,848,enough,0.2531915608471051
152,1175,bit,0.2667248164875281
152,1176,concede,0.3184061771838842
152,1177,g,0.2857988690154946
152,1178,gore,0.3184061771838842
152,1179,rushing,0.3184061771838842
152,1180,same,0.20560342430750714
152,1181,thought,0.23411750831913852
152,1182,told,0.3184061771838842
153,12,the,0.06353494814663167
153,14,to,0.07892791298373981
153,30,and,0.10445411423227936
153,240,come,0.29236366160038907
153,389,be,0.1601090649838965
153,644,really,0.23474377541459335
153,852,wont,0.3161831524136637
153,1183,barrontrump,0.397622529412734
153,1184,january,0.35690284091319885
153,1185,melaniatrump,0.397622529412734
153,1186,moving,0.33308335009992424
153,1187,whitehouse,0.397622529412734
154,25,of,0.10811568332529914
154,38,user,0.06307472525524158
154,122,via,0.26241237378920007
154,1188,parliamentary,0.46446422112897584
154,1189,resignation,0.46446422112897584
154,1190,saakashvilis,0.41689941530299734
154,1191,start,0.36933460947701885
154,1192,ukrainian,0.41689941530299734
155,1,about,0.2014830468723815
155,38,user,0.05865160405409
155,48,me,0.22158818555545956
155,67,i,0.12967954910602972
155,184,trump,0.16958114782730652
155,273,it,0.1607996075935758
155,426,your,0.21074702664310901
155,491,great,0.25110792394026626
155,910,feel,0.30772622573808867
155,1193,darlena,0.43189362275793963
155,1194,deplorables,0.3291963238363929
155,1195,loved,0.34343498431200736
155,1196,made,0.29920566508904123
155,1197,piece,0.36179181035711294
156,0,a,0.06937172713920008
156,12,the,0.049482774440799536
156,14,to,0.06147124109149848
156,30,and,0.08135175245662661
156,40,you,0.10976371753727017
156,48,me,0.15888472836434397
156,68,im,0.14970342570559433
156,80,for,0.07982140640746015
156,112,bank,0.27796580133235943
156,265,get,0.15722079658123272
156,340,going,0.18893441593717988
156,426,your,0.15111132390857082
156,562,can,0.14446879959819225
156,630,hillary,0.22064803529312704
156,634,recount,0.23604267691516923
156,878,hey,0.2594145232469857
156,972,ask,0.22770090389103856
156,1198,details,0.30967942068830656
156,1199,into,0.22770090389103856
156,1200,later,0.27796580133235943
156,1201,liberals,0.20432905755922207
156,1202,money,0.2145385626204651
156,1203,presidency,0.27796580133235943
156,1204,send,0.24625218197641227
156,1205,try,0.24625218197641227
157,6,have,0.12905288841636736
157,10,my,0.12905288841636736
157,14,to,0.060273842432153286
157,70,need,0.18525416136072503
157,80,for,0.1565331295444272
157,469,some,0.17654396203667372
157,606,these,0.20507559903972591
157,762,prices,0.27255130388689935
157,779,blackfriday,0.19607313902835774
157,1206,200,0.303647173468716
157,1207,drivers,0.303647173468716
157,1208,extra,0.303647173468716
157,1209,gas,0.303647173468716
157,1210,lbvs,0.303647173468716
157,1211,link,0.25436138625422094
157,1212,stations,0.303647173468716
157,1213,uber,0.2314448002517426
157,1214,use,0.21635003094254168
158,14,to,0.11104436805864695
158,38,user,0.0759696287256668
158,239,all,0.2587706867486045
158,308,thanksgiving,0.3302630617128392
158,781,happy,0.3691090446491848
158,1215,americans,0.44484083036376915
158,1216,fellow,0.5021297146892342
158,1217,native,0.46861786565068514
159,30,and,0.09495992739354937
159,37,up,0.17808416873118066
159,42,by,0.16060888478642948
159,116,in,0.09423820746289024
159,199,on,0.11142521227677302
159,218,animal,0.4882705702371422
159,273,it,0.13458417608373102
159,386,testing,0.26578974205216765
159,426,your,0.17638858307756278
159,905,youre,0.23850835273107376
159,1218,condoning,0.36148127625789855
159,1219,face,0.2755268913671409
159,1220,ingredients,0.36148127625789855
159,1221,make,0.23341817322454145
159,1222,putting,0.32446273762183137
160,14,to,0.061441819285666645
160,25,of,0.07205114117355783
160,71,not,0.12463768348675655
160,88,voting,0.23592970047797826
160,116,in,0.08069481693775908
160,375,high,0.259290360409252
160,900,case,0.22759192005301837
160,1223,achieve,0.2778327593489949
160,1224,action,0.24613431899276123
160,1225,optin,0.3095311997052286
160,1226,optout,0.3095311997052286
160,1227,oregon,0.3095311997052286
160,1228,participation,0.2778327593489949
160,1229,rates,0.2778327593489949
160,1230,science,0.2778327593489949
160,1231,social,0.20423126012174458
160,1232,study,0.3095311997052286
161,861,nba,0.20549886354394412
161,975,duncan,0.18677737170681782
161,976,tim,0.18677737170681782
161,1147,david,0.17788897188501104
161,1233,antonio,0.2696070466836171
161,1234,avery,0.2696070466836171
161,1235,card,0.22584640375523432
161,1236,ginobili,0.2696070466836171
161,1237,gospursgo,0.21438726336575092
161,1238,johnson,0.2696070466836171
161,1239,lot,0.18677737170681782
161,1240,manu,0.2696070466836171
161,1241,robinson,0.2696070466836171
161,1242,san,0.24199715502468402
161,1243,spurs,0.42877452673150185
161,1244,timduncan,0.21438726336575092
162,9,most,0.18465730509743367
162,12,the,0.14755299265919686
162,80,for,0.07933998262888856
162,145,will,0.15019993199235143
162,199,on,0.09488176056635897
162,254,from,0.1317605415170206
162,273,it,0.11460228174821371
162,276,that,0.1120751242601612
162,347,them,0.19116512113504872
162,389,be,0.12394528459999074
162,409,well,0.20788818971133932
162,516,we,0.13892905390997506
162,617,bc,0.25784992640988663
162,938,s,0.1987622618902068
162,1245,admin,0.22632758018667012
162,1246,budgetput,0.30781166310843394
162,1247,cut,0.2762893168852174
162,1248,dt,0.30781166310843394
162,1249,grateful,0.2762893168852174
162,1250,home,0.24476697066200093
162,1251,likely,0.30781166310843394
162,1252,shld,0.30781166310843394
163,12,the,0.07542583951385018
163,25,of,0.10987904833144743
163,98,5,0.2831782400681316
163,298,days,0.33633043997920264
163,560,persona,0.34708102017584835
163,1253,129,0.4720396248905419
163,1254,release,0.4720396248905419
163,1255,until,0.4720396248905419
164,12,the,0.06904661417865762
164,14,to,0.08577492096377609
164,116,in,0.11265277665105462
164,307,friday,0.2993599596445684
164,340,going,0.2636327867567665
164,781,happy,0.2851139565680419
164,787,fantasticbeasts,0.2636327867567665
164,981,see,0.244136512302951
164,1256,adorable,0.432116341918483
164,1257,eddie,0.38786421449384484
164,1258,redmayne,0.38786421449384484
164,1259,tonight,0.34361208706920665
165,12,the,0.11806259439750104
165,17,with,0.13993710226511313
165,122,via,0.20872413783435861
165,239,all,0.1708908491676386
165,427,an,0.19374485393129026
165,438,over,0.22162668599282115
165,458,us,0.18564380835967076
165,618,cuba,0.2495085180543521
165,619,embargo,0.2495085180543521
165,720,world,0.2437577411418111
165,1053,sends,0.3316039170190519
165,1260,20,0.30947286187006195
165,1261,physicians,0.3694372056857719
165,1262,responds,0.3316039170190519
165,1263,ussr,0.3694372056857719
166,25,of,0.09349954765421827
166,38,user,0.3272860013492145
166,1264,bihar,0.4016734042781197
166,1265,child,0.4016734042781197
166,1266,hospital,0.4016734042781197
166,1267,jamui,0.4016734042781197
166,1268,nonavailablity,0.4016734042781197
166,1269,vaccines,0.2782698140068909
167,12,the,0.07455069517343735
167,38,user,0.3801581928313835
167,76,america,0.34305393884099855
167,424,thankyouobama,0.27989260432683916
167,720,world,0.30784194009569305
167,846,around,0.35562164517832173
167,1026,again,0.3324280945369314
167,1196,made,0.3232235695272237
167,1270,respected,0.46656268477510976
168,6,have,0.14106218671899717
168,8,is,0.08212366104951334
168,12,the,0.05303393129178058
168,25,of,0.07725890672448094
168,30,and,0.08719000296582735
168,40,you,0.11764096738687109
168,184,trump,0.1303205501248692
168,323,been,0.2061273929511692
168,427,an,0.17406107876866372
168,530,people,0.16195590607323382
168,667,cabinet,0.21899283785056434
168,680,full,0.22993503331272122
168,882,next,0.21899283785056434
168,1271,cronies,0.33190372417195235
168,1272,disaster,0.33190372417195235
168,1273,dwellers,0.33190372417195235
168,1274,maga,0.22415935666561274
168,1275,swamp,0.33190372417195235
168,1276,taken,0.27803154041878253
168,1277,utter,0.33190372417195235
169,0,a,0.11180978440413741
169,94,had,0.355629162955932
169,173,there,0.3457822289019102
169,323,been,0.309979685763926
169,333,only,0.290197238107631
169,465,if,0.25081267905378146
169,1278,60,0.49912537411789437
169,1279,signor,0.49912537411789437
170,8,is,0.08345464813239863
170,12,the,0.21557383187604887
170,30,and,0.1772062016034302
170,38,user,0.045803372544614813
170,42,by,0.14985737246203637
170,55,perfect,0.2403156603565563
170,67,i,0.10127192248047219
170,138,its,0.16155973832596018
170,309,watching,0.2094681219681259
170,387,am,0.2277923316744829
170,506,thisisus,0.2225420785285677
170,571,latest,0.2225420785285677
170,727,episode,0.2825376277534544
170,1049,house,0.30274248766812395
170,1280,fire,0.24799719158915243
170,1281,morning,0.30274248766812395
170,1282,quiet,0.3372829238324259
170,1283,sitting,0.3372829238324259
170,1284,yes,0.2225420785285677
171,12,the,0.1083604029955766
171,31,are,0.2696146439049158
171,239,all,0.31369463594395774
171,1285,shruggers,0.6781549176343918
171,1286,supremacists,0.4379028526072941
171,1287,white,0.4068275329932024
172,0,a,0.06352622590257917
172,12,the,0.045313185025723846
172,18,4,0.18311830184220157
172,30,and,0.07449677292537932
172,38,user,0.038511106414987596
172,125,3,0.18311830184220157
172,171,love,0.1580702654205299
172,256,ones,0.21615290601420442
172,517,2,0.17012350237228518
172,959,shes,0.19646080263354165
172,983,1,0.19152595624021496
172,1288,biatch,0.2835847635240534
172,1289,coz,0.2835847635240534
172,1290,emily,0.4510042458607578
172,1291,gilmoregirlstop4,0.2255021229303789
172,1292,kirk,0.23755535988213416
172,1293,michel,0.2545434432272161
172,1294,quirky,0.2835847635240534
172,1295,such,0.21615290601420442
172,1296,tj,0.2835847635240534
173,12,the,0.057316165034269104
173,14,to,0.07120247074013383
173,31,are,0.1426100032715887
173,245,out,0.18210969828399912
173,269,work,0.23667545154268463
173,273,it,0.13354991672359706
173,424,thankyouobama,0.21518740588732221
173,440,jesus,0.30048124412464183
173,562,can,0.16733899126814894
173,708,tears,0.2852352331030866
173,845,along,0.3219692897800042
173,1297,background,0.35870334645692176
173,1298,breasts,0.35870334645692176
173,1299,clapping,0.35870334645692176
173,1300,singers,0.35870334645692176
174,0,a,0.06465022201665548
174,12,the,0.04611493018155038
174,33,guy,0.19993686587499812
174,95,no,0.15490774767598214
174,124,who,0.15135243228680462
174,254,from,0.12353788418459341
174,265,get,0.14652020100662191
174,436,trumps,0.1792352575589918
174,691,nazi,0.21220336579497362
174,930,officer,0.2590471869485849
174,1005,calls,0.21997738988609147
174,1153,thats,0.19993686587499812
174,1301,1940,0.28860234748537833
174,1302,bounds,0.28860234748537833
174,1303,george,0.21220336579497362
174,1304,insecurity,0.28860234748537833
174,1305,knows,0.2590471869485849
174,1306,now,0.15490774767598214
174,1307,o,0.2590471869485849
174,1308,rid,0.2294920264117915
174,1309,soros,0.21997738988609147
174,1310,ss,0.28860234748537833
175,25,of,0.08513586364323018
175,284,young,0.2231386713328675
175,357,nbawards,0.23617013191763003
175,512,our,0.20663703346345078
175,1311,authors,0.36574307612910967
175,1312,calreid,0.36574307612910967
175,1313,literature,0.36574307612910967
175,1314,miamibookfair2016,0.32828809551512095
175,1315,opens,0.30637833639069967
175,1316,panel,0.36574307612910967
175,1317,peoples,0.32828809551512095
176,38,user,0.18736294733164505
176,396,allen,0.2969670132195789
176,400,grayson,0.29105489110213456
176,597,yeah,0.3186048428030935
176,1318,17,0.45989570333002294
176,1319,points,0.36570179631206995
176,1320,vs,0.36570179631206995
176,1321,wm,0.45989570333002294
177,12,the,0.061624785885055565
177,31,are,0.15333040707493656
177,81,how,0.1740691201063605
177,389,be,0.15529542615062564
177,399,best,0.24903626033470116
177,465,if,0.19379990757331939
177,531,they,0.19186820034081284
177,532,think,0.22768626275397072
177,562,can,0.17991834416966349
177,616,greatest,0.30667718533405147
177,847,dont,0.2045828989506131
177,1286,supremacists,0.24903626033470116
177,1287,white,0.23136366163085317
177,1322,altrightistsidentitarians,0.3856681079141322
177,1323,supremethe,0.3856681079141322
177,1324,whites,0.3856681079141322
178,12,the,0.06997806340004635
178,14,to,0.08693203756242149
178,38,user,0.17842042960238044
178,277,today,0.28896018677080326
178,571,latest,0.28896018677080326
178,573,thanks,0.30339837057380536
178,1325,httpstcovd7t22sve7,0.43794565643328126
178,1326,notpp,0.43794565643328126
178,1327,stoptpp,0.43794565643328126
178,1328,tpp,0.3482474658602973
179,9,most,0.25682485462834065
179,16,vegetarianism,0.2764422939488787
179,38,user,0.058137818518230945
179,138,its,0.410132714026617
179,178,must,0.3263125781593075
179,389,be,0.1723854341016446
179,1329,appealing,0.42811025314714174
179,1330,aspect,0.42811025314714174
179,1331,surely,0.42811025314714174
180,0,a,0.07915890890626652
180,8,is,0.08743510068289485
180,12,the,0.11292792023265605
180,14,to,0.07014379740255065
180,17,with,0.13385108130842682
180,25,of,0.08225571293068167
180,30,and,0.09282911392933074
180,38,user,0.047988010011149905
180,81,how,0.1594915376014858
180,90,comey,0.25177775509420197
180,290,this,0.12591460848570657
180,815,putin,0.24480633877368643
180,1332,4th,0.3533699687658334
180,1333,conspired,0.3533699687658334
180,1334,estate,0.3533699687658334
180,1335,failure,0.3171820921017844
180,1336,major,0.3171820921017844
180,1337,russia,0.25982566460854456
180,1338,steal,0.3533699687658334
181,14,to,0.056975274722368435
181,17,with,0.10872240186352357
181,20,at,0.1256015584707458
181,25,of,0.0668133465146477
181,42,by,0.1275294691354713
181,176,college,0.20450998230317827
181,177,electoral,0.20450998230317827
181,254,from,0.12286469077050959
181,279,candidate,0.24044111468270582
181,531,they,0.14279600821012808
181,605,states,0.24044111468270582
181,745,popular,0.40901996460635653
181,747,vote,0.20450998230317827
181,809,created,0.24044111468270582
181,935,getting,0.228241458444039
181,1339,bigger,0.2870296704001371
181,1340,help,0.19385255896527454
181,1341,least,0.2870296704001371
181,1342,less,0.2870296704001371
181,1343,prevent,0.24044111468270582
181,1344,victory,0.228241458444039
182,1,about,0.1920230246839218
182,80,for,0.10609590399806207
182,81,how,0.18578027216264328
182,879,marijuana,0.3137399140977405
182,880,medical,0.3137399140977405
182,1020,more,0.20683852226096705
182,1345,arthritis,0.4116153744498711
182,1346,eases,0.4116153744498711
182,1347,learn,0.4116153744498711
182,1348,suffering,0.4116153744498711
183,0,a,0.24414866006336713
183,8,is,0.06741869920008603
183,14,to,0.054085871016323825
183,16,vegetarianism,0.17594342884628053
183,46,like,0.1342343607481767
183,71,not,0.10971578887493497
183,77,as,0.11834710396518393
183,138,its,0.13051576688409747
183,141,so,0.12106203001305378
183,163,n,0.2166665828666103
183,273,it,0.10144540624882932
183,465,if,0.1369190984586545
183,533,u,0.16623517387118508
183,686,also,0.19413860798915625
183,847,dont,0.1445372520303116
183,905,youre,0.1797802493622257
183,1349,cheat,0.2724734511025526
183,1350,diet,0.45649510876845006
183,1351,dumb,0.22824755438422503
183,1352,lifestyle,0.2724734511025526
183,1353,referring,0.2724734511025526
183,1354,treat,0.2724734511025526
183,1355,vegetarian,0.2724734511025526
184,1,about,0.18653437841368387
184,25,of,0.09307511868834749
184,30,and,0.10503927920468864
184,38,user,0.054300054893079264
184,44,he,0.19511103404299912
184,80,for,0.10306333595719816
184,116,in,0.10424095360161703
184,542,was,0.18047006418332562
184,842,right,0.22590675177285363
184,1356,2002,0.3998500604024249
184,1357,defense,0.3998500604024249
184,1358,iraqhttpstcozy07zwx96a,0.3998500604024249
184,1359,secretary,0.3998500604024249
184,1360,trumptransitionteamjimwebbusa,0.3998500604024249
185,0,a,0.10743577920343296
185,25,of,0.11163881279750805
185,184,trump,0.18831267637454757
185,216,15,0.4017544695954121
185,284,young,0.29260214545078544
185,1035,melania,0.3417169296341239
185,1361,photos,0.4304847765736776
185,1362,rich,0.4017544695954121
185,1363,stunning,0.4795995607570161
186,8,is,0.07479775661112877
186,12,the,0.04830299860234295
186,17,with,0.11450505030187198
186,199,on,0.09318157765753082
186,436,trumps,0.18773964009656652
186,553,tcot,0.23041491149141965
186,668,his,0.1567821416794507
186,1364,appointment,0.2532295227062888
186,1365,enemies,0.2532295227062888
186,1366,jitso,0.30229599681355196
186,1367,ju,0.30229599681355196
186,1368,nikkihaley,0.30229599681355196
186,1369,part,0.22227202428917298
186,1370,political,0.24038099997932028
186,1371,positions,0.30229599681355196
186,1372,rewarding,0.30229599681355196
186,1373,unitednations,0.27133849839643615
186,1374,worthless,0.30229599681355196
187,10,my,0.2878108760624948
187,1375,grind,0.6771871601042577
187,1376,match,0.6771871601042577
188,0,a,0.07248866298950302
188,38,user,0.0439443485679445
188,48,me,0.16602356613481986
188,68,im,0.15642973905741023
188,84,much,0.2241779786286954
188,116,in,0.08436088709568187
188,141,so,0.14377510312223218
188,276,that,0.11782137475833676
188,290,this,0.115304540525988
188,421,happiness,0.2710702576641971
188,424,thankyouobama,0.19412494689941617
188,1377,4everythingthis,0.32359360342888577
188,1378,already,0.2241779786286954
188,1379,beyond,0.32359360342888577
188,1380,giving,0.2904550618288223
188,1381,grieving,0.32359360342888577
188,1382,messanxious,0.32359360342888577
188,1383,moment,0.25731652022875884
188,1384,specials,0.32359360342888577
189,8,is,0.09174965090287103
189,33,guy,0.2568864900465517
189,125,3,0.23944022009964513
189,276,that,0.13501200965086357
189,309,watching,0.2302882762787006
189,381,fucking,0.31062055012417084
189,1147,david,0.244661723140963
189,1385,blaine,0.2726469557105924
189,1386,hours,0.3328336788737086
189,1387,ridiculous,0.31062055012417084
189,1388,spent,0.3328336788737086
189,1389,videos,0.3708072732872871
189,1390,youtube,0.3328336788737086
190,42,by,0.1463515475476436
190,116,in,0.08587263101072985
190,151,forces,0.29566000558215894
190,252,being,0.20456773869900804
190,458,us,0.16552111298721484
190,1391,allied,0.32939238859786135
190,1392,antihouthi,0.32939238859786135
190,1393,funded,0.32939238859786135
190,1394,hospitals,0.32939238859786135
190,1395,saudi,0.29566000558215894
190,1396,taiz,0.32939238859786135
190,1397,terrorised,0.32939238859786135
190,1398,yemen,0.2759278264580098
191,42,by,0.14941650576784551
191,116,in,0.08767101326713218
191,280,cy,0.2271221874528311
191,284,young,0.2051698522886531
191,1079,win,0.2218873800718461
191,1154,verlander,0.23960867364643948
191,1399,auto,0.33629066829508364
191,1400,nips,0.33629066829508364
191,1401,pickup,0.33629066829508364
191,1402,porcello,0.33629066829508364
191,1403,romps,0.33629066829508364
191,1404,scherzer,0.3018518469372972
191,1405,wikyou,0.33629066829508364
192,8,is,0.10404284513202558
192,12,the,0.06718893227137625
192,17,with,0.15927524775014346
192,31,are,0.16717472017373441
192,81,how,0.18978594656992645
192,116,in,0.10962188183486304
192,273,it,0.15655402457971038
192,276,that,0.15310176630469097
192,530,people,0.20518268472754844
192,532,think,0.2482442197175923
192,1093,2016,0.2774430367853659
192,1269,vaccines,0.29130575470763626
192,1406,existing,0.420490359677768
192,1407,internet,0.3774288246877241
192,1408,still,0.27152192398615377
192,1409,unsafe,0.420490359677768
193,0,a,0.07252719020593913
193,14,to,0.06426734029401102
193,25,of,0.07536455238806863
193,42,by,0.14385151858208026
193,44,he,0.1579848186480451
193,81,how,0.14612976914017226
193,331,month,0.2906094366589066
193,349,were,0.1975283431192062
193,385,speech,0.41812828384501005
193,436,trumps,0.20107324013895134
193,444,last,0.23068449762192159
193,479,gave,0.2712143296067012
193,542,was,0.14612976914017226
193,815,putin,0.22429712765347584
193,1344,victory,0.25745328215619123
193,1410,parts,0.323765591161622
193,1411,similar,0.323765591161622
193,1412,struck,0.323765591161622
194,67,i,0.09483971056468662
194,68,im,0.1526915178082752
194,89,class,0.2407541072345591
194,239,all,0.14610789929596
194,276,that,0.11500578247148732
194,306,eps,0.2835140204987665
194,420,finally,0.23224583176749314
194,594,gonna,0.25116739481648925
194,782,thewalkingdead,0.21882076913421195
194,915,watch,0.22505218735994778
194,1413,arrow,0.31586064618104376
194,1414,flash,0.31586064618104376
194,1415,lucifer,0.31586064618104376
194,1416,missed,0.31586064618104376
194,1417,supernatural,0.2835140204987665
194,1418,thebigbangtheory,0.31586064618104376
195,1,about,0.27347314454630833
195,12,the,0.04683436826788195
195,20,at,0.12825999135813385
195,31,are,0.11652994243268122
195,81,how,0.13229120650144893
195,124,who,0.15371367849963335
195,199,on,0.09034843488129445
195,340,going,0.17882230967193302
195,491,great,0.1704145203440762
195,530,people,0.14302357685800868
195,542,was,0.13229120650144893
195,592,rightists,0.19795556552293314
195,1180,same,0.1892656625262204
195,1306,now,0.1573244602917703
195,1419,clem,0.2931048268292319
195,1420,granddad,0.2931048268292319
195,1421,harping,0.2931048268292319
195,1422,kept,0.26308857683498726
195,1423,killing,0.24553019617608252
195,1424,normandy,0.2931048268292319
195,1425,privilege,0.2931048268292319
195,1426,protoalt,0.2931048268292319
196,30,and,0.09615284883717024
196,52,efron,0.2607926263797465
196,58,zac,0.2607926263797465
196,254,from,0.15667795300023662
196,517,2,0.219578093988546
196,518,first,0.24150458215400103
196,519,neighbors,0.30661226939435404
196,522,zacefron,0.30661226939435404
196,1427,image,0.2789881612525304
196,1428,official,0.328538757559809
196,1429,rogen,0.328538757559809
196,1430,seth,0.328538757559809
196,1431,starring,0.3660223366583384
197,12,the,0.07952018230395297
197,38,user,0.06758320345630629
197,69,just,0.2145756297865216
197,80,for,0.12827520002689224
197,116,in,0.12974089233628694
197,254,from,0.2130276470793352
197,308,thanksgiving,0.29380472260094675
197,478,time,0.30362281356697235
197,622,long,0.4168862884916288
197,781,happy,0.3283624269399738
197,1432,ohio,0.4976633640132403
197,1433,weekend,0.39573404330709355
198,8,is,0.07282130355724478
198,30,and,0.15462753588892056
198,67,i,0.08836839617460698
198,71,not,0.11850787484007141
198,82,left,0.19418695803592564
198,95,no,0.15797033991350332
198,141,so,0.13076334817248472
198,184,trump,0.11555880752404024
198,382,god,0.1900426735154383
198,413,has,0.14227273003939186
198,502,life,0.18625923817301487
198,562,can,0.13729793040788454
198,578,brexit,0.2038897029835969
198,937,model,0.19876825202789733
198,941,tesla,0.1900426735154383
198,952,take,0.1827788150422395
198,1020,more,0.14789112442011104
198,1152,sure,0.2038897029835969
198,1284,yes,0.19418695803592564
198,1306,now,0.15797033991350332
198,1434,anymore,0.2943081389799902
198,1435,casey,0.2641686603145258
198,1436,eric,0.2943081389799902
198,1437,jessica,0.2943081389799902
198,1438,living,0.2641686603145258
198,1439,worth,0.2641686603145258
199,14,to,0.09795239442138665
199,740,wants,0.3761262173812241
199,1191,start,0.39239472683131765
199,1440,3d,0.35159536390628554
199,1441,loreal,0.493463938922208
199,1442,printing,0.3628338773060156
199,1443,skin,0.44292933287676284
200,9,most,0.18630800364005393
200,10,my,0.131992294006993
200,12,the,0.049624002110188845
200,25,of,0.07229138132780133
200,30,and,0.08158393665668458
200,80,for,0.08004922288140887
200,239,all,0.14365748784335303
200,396,allen,0.20053904822344693
200,400,grayson,0.19654664741919858
200,1444,cannolis,0.31056326973145115
200,1445,cats,0.31056326973145115
200,1446,fam,0.31056326973145115
200,1447,happyturkeyday,0.31056326973145115
200,1448,house3,0.31056326973145115
200,1449,slores,0.31056326973145115
200,1450,thankful,0.23671636099036242
200,1451,tswift,0.31056326973145115
200,1452,wine,0.31056326973145115
201,12,the,0.0616438720201974
201,14,to,0.07657867533883989
201,20,at,0.16881710557873594
201,38,user,0.10478070406456828
201,145,will,0.18824908702253487
201,213,stop,0.26726447429489303
201,304,black,0.25454583774920436
201,345,suppression,0.2748754370147591
201,348,voter,0.25454583774920436
201,842,right,0.21796173641360508
201,1020,more,0.19385993035754975
201,1453,brown,0.3231693423001066
201,1454,disenfranchise,0.38578755520343033
201,1455,massive,0.3462798615672512
201,1456,nothing,0.2940535313853834
201,1457,voters,0.30677216793107215
202,0,a,0.12948023634678213
202,17,with,0.10947011449847979
202,25,of,0.1345456790435194
202,38,user,0.07849399346083649
202,67,i,0.17355136050747275
202,76,america,0.21249843465067544
202,79,do,0.17337431102145415
202,119,security,0.17337431102145415
202,199,on,0.08908426264541908
202,413,has,0.13970846439637027
202,707,obama,0.16803004843272487
202,847,dont,0.15330592065458712
202,919,know,0.36580435530526256
202,962,8,0.2420946916487196
202,1245,admin,0.21249843465067544
202,1276,taken,0.2420946916487196
202,1458,associated,0.25940739215428155
202,1459,costs,0.28900364915232574
202,1460,huge,0.25940739215428155
202,1461,pres,0.25940739215428155
202,1462,toll,0.28900364915232574
202,1463,yrs,0.25940739215428155
203,0,a,0.09221028776338026
203,8,is,0.10185102227895425
203,1071,robots,0.2932897834297504
203,1074,b,0.34481897489168495
203,1464,2005,0.41163208231454906
203,1465,conamaraviews,0.41163208231454906
203,1466,movie,0.31375264910317074
203,1467,oh8qpr,0.41163208231454906
203,1468,sensitive,0.41163208231454906
204,10,my,0.14339981046960143
204,14,to,0.06697453801389854
204,20,at,0.1476448581142388
204,38,user,0.13745940138904847
204,46,like,0.16622241867911758
204,67,i,0.10130824484684896
204,95,no,0.18110205194711768
204,116,in,0.08796123141137697
204,124,who,0.17694554640133958
204,173,there,0.23374542082669422
204,326,heart,0.26829824532476576
204,530,people,0.16463977183055115
204,812,hate,0.2480861386993946
204,847,dont,0.17898048970325153
204,1469,fake,0.3028510698228373
204,1470,finger,0.33740389432090884
204,1471,gain,0.33740389432090884
204,1472,hypocrites,0.33740389432090884
204,1473,others,0.26829824532476576
204,1474,point,0.26829824532476576
205,104,news,0.23329206909892422
205,199,on,0.11362714333654537
205,879,marijuana,0.2809717203022373
205,880,medical,0.2809717203022373
205,1475,arkansas,0.3686246941025181
205,1476,bills,0.30879223122132865
205,1477,file,0.3686246941025181
205,1478,lawmakers,0.3686246941025181
205,1479,scholarships,0.3686246941025181
205,1480,taxes,0.3686246941025181
206,25,of,0.11537757395818414
206,96,one,0.26930216109895244
206,127,homeopathy,0.35316096018628385
206,586,single,0.39414199595851185
206,963,another,0.377801045513767
206,1481,dose,0.49566125261402294
206,1482,marvel,0.49566125261402294
207,6,have,0.1379080419126221
207,18,4,0.2095269854621304
207,25,of,0.07553140068576718
207,38,user,0.044065044033103025
207,44,he,0.158334578544686
207,80,for,0.08363694007482958
207,125,3,0.2095269854621304
207,137,good,0.1762974271142157
207,245,out,0.1647360894026114
207,261,rights,0.24732572517553741
207,320,euthanasia,0.22479369524051532
207,361,should,0.19796564775052608
207,427,an,0.17016908006681541
207,542,was,0.1464532833448155
207,641,did,0.20535564969145959
207,1001,gone,0.29125281193634467
207,1422,kept,0.29125281193634467
207,1483,any,0.23858520803937427
207,1484,important,0.24732572517553741
207,1485,labourgreens,0.32448237028425936
207,1486,legacy,0.32448237028425936
207,1487,years,0.23119520609844074
208,40,you,0.16802723449492885
208,117,man,0.3377698933571091
208,245,out,0.24067493564678422
208,290,this,0.16891946575823072
208,426,your,0.23132250279882466
208,562,can,0.22115406995981055
208,1147,david,0.3127886631297226
208,1385,blaine,0.3485664847294887
208,1488,finesse,0.47405989707463686
208,1489,shoes,0.47405989707463686
209,12,the,0.06477284678037512
209,116,in,0.10567992548515207
209,357,nbawards,0.26175811082743305
209,571,latest,0.2674663029231732
209,1490,art,0.3395730606614216
209,1491,culture,0.4053697047904435
209,1492,kansas,0.3638566443242908
209,1493,lawrence,0.4053697047904435
209,1494,music,0.32234358385813816
209,1495,poetry,0.4053697047904435
210,30,and,0.06266832677208828
210,95,no,0.3841387043421142
210,124,who,0.2502148455448973
210,213,stop,0.165267155795834
210,273,it,0.08881815052588654
210,316,new,0.13478003892747856
210,694,stuff,0.17540660428859786
210,740,wants,0.18183258703572464
210,944,cars,0.17540660428859786
210,972,ask,0.17540660428859786
210,1496,auspol,0.2385577512990006
210,1497,benefits,0.2385577512990006
210,1498,check,0.21412755279794507
210,1499,driving,0.19983680278965338
210,1500,making,0.18969735429688953
210,1501,mass,0.2385577512990006
210,1502,outs,0.2385577512990006
210,1503,self,0.37939470859377905
210,1504,serve,0.2385577512990006
210,1505,unemployment,0.2385577512990006
211,10,my,0.13293290177856923
211,12,the,0.04997763428540572
211,14,to,0.12417198675940998
211,16,vegetarianism,0.20196813610075495
211,30,and,0.08216532275526237
211,46,like,0.15408966290336523
211,68,im,0.1512005570774481
211,79,do,0.18763567778534457
211,80,for,0.08061967225284641
211,137,good,0.16993735997816045
211,362,earth,0.22997806064284954
211,487,look,0.18763567778534457
211,686,also,0.2228546587836601
211,1012,want,0.20637248068605699
211,1060,something,0.2384032568086515
211,1199,into,0.22997806064284954
211,1350,diet,0.26200883676544406
211,1506,feeling,0.2807456396661564
211,1507,lowkey,0.31277641578875093
211,1508,trash,0.31277641578875093
211,1509,veganism,0.26200883676544406
211,1510,wanting,0.31277641578875093
212,8,is,0.07147157817641671
212,12,the,0.09231002899488173
212,25,of,0.06723782063800172
212,42,by,0.1283396809035829
212,67,i,0.086730509164164
212,171,love,0.3220137974391854
212,178,must,0.22016860004623365
212,199,on,0.08903788982303752
212,290,this,0.10292566387699761
212,389,be,0.11631135982748447
212,614,bob,0.1828069679046285
212,672,what,0.14230386705773748
212,1511,5a274ac349,0.2888532082720649
212,1512,burtonfidel,0.2888532082720649
212,1513,castro,0.25927235760874445
212,1514,everythingaccept,0.2888532082720649
212,1515,head,0.22016860004623365
212,1516,puppy,0.2888532082720649
212,1517,t,0.24196866923126942
212,1518,wasafter,0.2888532082720649
212,1519,year,0.21238781856794894
212,1520,youi,0.2888532082720649
213,30,and,0.1021880026941823
213,42,by,0.17283396904092577
213,184,trump,0.15273765654632335
213,630,hillary,0.27716160186004024
213,1081,anti,0.30932362088536813
213,1303,george,0.2860208892573136
213,1521,19busted,0.3889961865603518
213,1522,nov,0.3889961865603518
213,1523,protests,0.32585717209480547
213,1524,sponsors,0.3889961865603518
213,1525,wikileaks,0.34915990372286
214,14,to,0.07898438747587659
214,96,one,0.21619044097521253
214,119,security,0.2387058380117813
214,184,trump,0.1562364628213434
214,565,donald,0.2756605635033447
214,1269,vaccines,0.2756605635033447
214,1526,alternative,0.3979070362438642
214,1527,matrix,0.3979070362438642
214,1528,memorandum,0.3979070362438642
214,1529,national,0.3571582119970244
214,1530,number,0.33332167786414607
215,0,a,0.14252579933217976
215,138,its,0.3047629095450361
215,614,bob,0.4026603565924905
215,615,dylan,0.4297026876405143
215,1531,kinda,0.5329730685523091
215,1532,night,0.5059307375042854
216,31,are,0.1613799721515972
216,184,trump,0.15938074546830974
216,254,from,0.17375422527392897
216,578,brexit,0.28120827439377666
216,1306,now,0.2178754789595649
216,1533,failing,0.4059149760459708
216,1534,italy,0.36434607549523945
216,1535,liberalism,0.4059149760459708
216,1536,progressives,0.4059149760459708
216,1537,worldwide,0.4059149760459708
217,6,have,0.27251229195951704
217,38,user,0.08707444452272281
217,40,you,0.2272657924606923
217,249,then,0.47145475324522984
217,266,lucky,0.5755282304038216
217,367,vr,0.44420212380983154
217,847,dont,0.3401286466512397
218,1538,fightfor15,0.49147432546637976
218,1539,ibelieveingini,0.49147432546637976
218,1540,incomeequality,0.49147432546637976
218,1541,keep,0.3501777550156284
218,1542,pushing,0.3908126176498345
219,8,is,0.1287169565862218
219,38,user,0.35322602438958217
219,1543,blackfridaytactics,0.520211065959287
219,1544,isis,0.3825004892794385
219,1545,itself,0.520211065959287
219,1546,turkey,0.41366361961031306
220,6,have,0.18367149132649532
220,38,user,0.05868760255515567
220,81,how,0.19505238845061193
220,201,romo,0.3079150983707102
220,203,tony,0.2918690280590707
220,528,many,0.2735009351742494
220,564,does,0.28514190835535685
220,836,exactly,0.3177574009556236
220,1547,bowl,0.432158705414925
220,1548,super,0.38790223963355075
220,1549,wins,0.38790223963355075
221,0,a,0.09306009823428288
221,38,user,0.112830482062186
221,67,i,0.12473491795506933
221,254,from,0.17782533886599736
221,505,series,0.3728828132800443
221,559,liked,0.2959927435333663
221,561,video,0.28056797092688196
221,720,world,0.2741013227251027
221,1550,champions,0.3728828132800443
221,1551,chicago,0.41542568563360593
221,1552,cubs,0.3166441950786643
221,1553,highlights,0.3728828132800443
222,1,about,0.17862420646236732
222,12,the,0.06118152391815631
222,20,at,0.16755092508425262
222,25,of,0.08912817765005138
222,38,user,0.15599222457474482
222,71,not,0.1541783990476937
222,104,news,0.24232272486628287
222,237,trumptransitionteam,0.24724496319671038
222,254,from,0.1638999774320816
222,265,get,0.1943910388043079
222,426,your,0.18683716065834863
222,1365,enemies,0.3207454723004841
222,1554,backstabbing,0.38289402924385174
222,1555,commie,0.38289402924385174
222,1556,liars,0.38289402924385174
222,1557,usa,0.3436826555267511
223,40,you,0.24653036341939077
223,59,but,0.17655970929144502
223,80,for,0.17927964514864628
223,81,how,0.15696468955835463
223,138,its,0.16658379270091458
223,265,get,0.17655970929144502
223,409,well,0.23487603379227937
223,426,your,0.16969874215182187
223,502,life,0.22009466136025185
223,512,our,0.1964834629035306
223,562,can,0.16223915546415468
223,582,funny,0.26507705928702524
223,761,minimum,0.2159819925988407
223,766,wage,0.22009466136025185
223,918,free,0.2557092081366543
223,919,know,0.22009466136025185
223,1558,dreams,0.3121569292574318
223,1559,sell,0.3121569292574318
223,1560,waking,0.3477714760338343
224,1561,de,0.3725227403272014
224,1562,lalienmexico,0.4150245313084788
224,1563,laliespos,0.4150245313084788
224,1564,martin,0.4150245313084788
224,1565,opening,0.4150245313084788
224,1566,ricky,0.4150245313084788
225,6,have,0.31696010098294386
225,14,to,0.07401772799647932
225,25,of,0.08679856539444056
225,38,user,0.15191493490350122
225,40,you,0.1321668611906336
225,67,i,0.11196204308745938
225,254,from,0.15961599669571688
225,273,it,0.13883031455575431
225,465,if,0.18737685825891853
225,573,thanks,0.25832660429225335
225,707,obama,0.21680023098179727
225,775,post,0.28421978058751357
225,1245,admin,0.2741754236533591
225,1340,help,0.2518377673619175
225,1483,any,0.2741754236533591
225,1567,hear,0.3123618993059065
225,1568,info,0.3346995555973482
225,1569,please,0.24603330493496617
225,1570,yet,0.2741754236533591
226,8,is,0.08356021721906917
226,12,the,0.10792326503930588
226,20,at,0.1477786244719744
226,25,of,0.07861036570341365
226,67,i,0.2028000603929398
226,245,out,0.1714513978943034
226,290,this,0.12033441894552571
226,387,am,0.2280804861265546
226,465,if,0.16970053923303358
226,595,season,0.3031254531306203
226,782,thewalkingdead,0.23395719436205953
226,1120,hope,0.23395719436205953
226,1571,direction,0.3031254531306203
226,1572,end,0.2685413237463399
226,1573,negan,0.33770958251490063
226,1574,peace,0.33770958251490063
226,1575,show,0.2828950343207276
226,1576,writersproducers,0.33770958251490063
227,12,the,0.15433813879830446
227,25,of,0.07494570349590651
227,30,and,0.08457945351708585
227,38,user,0.04372334809966408
227,40,you,0.2282373757161727
227,80,for,0.0829883896663158
227,116,in,0.08393662786417065
227,252,being,0.19995574788023024
227,254,from,0.13781948016305567
227,458,us,0.16178943047331598
227,776,saved,0.2889943346415859
227,1093,2016,0.21243598944268902
227,1284,yes,0.21243598944268902
227,1328,tpp,0.25602245003953034
227,1525,wikileaks,0.2889943346415859
227,1577,election,0.2230505654374747
227,1578,facts,0.32196621924364155
227,1579,honest,0.2889943346415859
227,1580,islamization,0.32196621924364155
227,1581,provider,0.32196621924364155
227,1582,thank,0.20790223912523015
228,8,is,0.08257624127060059
228,12,the,0.1599785975166707
228,25,of,0.07768467747848135
228,30,and,0.08767050359517801
228,31,are,0.132682454136024
228,62,even,0.22019969864688435
228,116,in,0.08700418516473805
228,843,their,0.19702531736247222
228,1201,liberals,0.22019969864688435
228,1583,90,0.333732832360089
228,1584,absolutely,0.29955595361068477
228,1585,democrats,0.29955595361068477
228,1586,faux,0.333732832360089
228,1587,media,0.2377862035823832
228,1588,pathetic,0.333732832360089
228,1589,pocket,0.333732832360089
228,1590,reporters,0.333732832360089
229,12,the,0.14529120111447352
229,80,for,0.11718570899314987
229,335,passed,0.36152252678573477
229,484,saakashvili,0.3465339649084399
229,561,video,0.30705230950927187
229,1591,drugs,0.4546399782622152
229,1592,maintenance,0.4546399782622152
229,1593,test,0.4546399782622152
230,10,my,0.16413009095284614
230,14,to,0.07665656586119594
230,37,up,0.19025199968440007
230,69,just,0.33301549726899743
230,70,need,0.23560714313832254
230,80,for,0.19907959523052468
230,96,one,0.20981889341408033
230,290,this,0.13760563065723444
230,478,time,0.23560714313832254
230,516,we,0.17430013784807044
230,525,day,0.23983541259248223
230,636,stillwithher,0.2751550212629482
230,719,third,0.2751550212629482
230,1020,more,0.19405711124599742
230,1541,keep,0.2751550212629482
230,1594,auditthevote,0.3234980477624281
230,1595,donated,0.38617995157305024
231,0,a,0.07437993948986346
231,38,user,0.0901817705722755
231,344,she,0.21440480710119628
231,354,pictures,0.27814265750058514
231,391,her,0.20257431960374536
231,672,what,0.16357810241217
231,679,takes,0.29803322385020126
231,959,shes,0.23002692831811308
231,1570,yet,0.24413950973454104
231,1596,attack,0.25308350750366115
231,1597,forlocker,0.3320363716162454
231,1598,hypocrite,0.3320363716162454
231,1599,ontrump,0.3320363716162454
231,1600,roomtalk,0.3320363716162454
231,1601,sexy,0.29803322385020126
232,14,to,0.10403408457989369
232,38,user,0.07117363013111142
232,40,you,0.185764394395076
232,82,left,0.34580701607448044
232,136,go,0.28835685532814076
232,562,can,0.244499363437005
232,1250,home,0.4167578183362971
232,1306,now,0.281312671181829
232,1456,nothing,0.39947922603523645
232,1602,tweet,0.5241022382578092
233,8,is,0.07775495639914129
233,25,of,0.07314899076632114
233,80,for,0.08099886539519592
233,135,far,0.24988468931958746
233,184,trump,0.1233879318502613
233,373,glorious,0.28206612160723965
233,726,after,0.20291808950595272
233,842,right,0.17754316225815242
233,1079,win,0.2073431498448248
233,1603,frances,0.3142475538948918
233,1604,le,0.23952458213247696
233,1605,marchieren,0.3142475538948918
233,1606,marine,0.23952458213247696
233,1607,parallel,0.28206612160723965
233,1608,path,0.3142475538948918
233,1609,pen,0.23952458213247696
233,1610,seen,0.24988468931958746
233,1611,wir,0.3142475538948918
234,8,is,0.08597935510052158
234,12,the,0.05552386672293498
234,25,of,0.16177240252202774
234,124,who,0.18223322133200834
234,161,leaders,0.3119011874561812
234,174,would,0.19909823742301808
234,333,only,0.20203268379999212
234,1040,churches,0.3119011874561812
234,1612,church,0.3474865561894597
234,1613,gay,0.2475857961228555
234,1614,itssotrue,0.3474865561894597
234,1615,marriage,0.2763158187229027
234,1616,pmsl,0.3474865561894597
234,1617,satan,0.3119011874561812
234,1618,support,0.24073044998962417
235,8,is,0.16023899890432253
235,12,the,0.05173968104656181
235,50,too,0.20109702046368394
235,67,i,0.09722473126746743
235,69,just,0.1396132946864216
235,80,for,0.08346205633944326
235,239,all,0.1497822079013516
235,290,this,0.11537946804884562
235,387,am,0.21868892867232698
235,842,right,0.18294228368230578
235,856,pretty,0.2906438061591411
235,877,give,0.23808632952525693
235,996,law,0.27124640530621114
235,1180,same,0.2090888673070536
235,1619,abortion,0.23808632952525693
235,1620,considering,0.2906438061591411
235,1621,fair,0.2906438061591411
235,1622,legalized,0.3238038819400953
235,1623,men,0.2906438061591411
235,1624,sweden,0.3238038819400953
236,0,a,0.07607181314127329
236,38,user,0.09223307852594105
236,276,that,0.12364534307884847
236,938,s,0.21928173825169223
236,1625,barcelona,0.30481239794116166
236,1626,bully,0.3395889938998895
236,1627,coolness,0.3395889938998895
236,1628,fans,0.30481239794116166
236,1629,hes,0.25884023869877293
236,1630,homophobic,0.3395889938998895
236,1631,legend,0.30481239794116166
236,1632,proves,0.3395889938998895
236,1633,slurs,0.3395889938998895
237,30,and,0.16039977529500163
237,59,but,0.15499469699055454
237,71,not,0.1229317688195641
237,79,do,0.18314733968574973
237,116,in,0.15918069564865903
237,127,homeopathy,0.2175238652613578
237,644,really,0.18023631287835512
237,812,hate,0.22447687182930687
237,887,yall,0.5480601305691201
237,1041,conservatives,0.21150089701375674
237,1201,liberals,0.20143594900560127
237,1230,science,0.27403006528456003
237,1269,vaccines,0.21150089701375674
237,1634,alike,0.30529464941996165
237,1635,believe,0.2327005331410029
237,1636,chiropractic,0.30529464941996165
238,0,a,0.07527434203434866
238,12,the,0.05369310296385134
238,14,to,0.06670162929506558
238,25,of,0.07821917652699184
238,65,him,0.2217147532654951
238,184,trump,0.13194033604001038
238,199,on,0.1035796573353363
238,254,from,0.1438391494760084
238,388,back,0.2126632058745625
238,618,cuba,0.22694548800350353
238,619,embargo,0.22694548800350353
238,707,obama,0.19537114998612592
238,726,after,0.2169829781287124
238,1487,years,0.2394222597995042
238,1637,50,0.3360290365427297
238,1638,congratulations,0.3016170083434526
238,1639,gets,0.2672049801441756
238,1640,goes,0.3016170083434526
238,1641,libtards,0.3360290365427297
238,1642,pat,0.3360290365427297
239,0,a,0.08017406901839906
239,116,in,0.09330501219814182
239,174,would,0.2050657697898107
239,201,romo,0.25500663656345723
239,203,tony,0.2417177317910593
239,257,or,0.1944547842572701
239,487,look,0.2147064968374519
239,491,great,0.20808816975170777
239,498,taylor,0.29980971714089494
239,1292,kirk,0.29980971714089494
239,1643,chiefs,0.3579017024907306
239,1644,cousins,0.3579017024907306
239,1645,tyrod,0.3579017024907306
239,1646,uniform,0.3579017024907306
240,12,the,0.09611368242213716
240,38,user,0.04084290532208201
240,69,just,0.12967559517155813
240,71,not,0.12110399294929923
240,77,as,0.2612624307064322
240,80,for,0.07752121210496749
240,391,her,0.18348993823823942
240,506,thisisus,0.19844095616907304
240,916,bad,0.20835625637437474
240,952,take,0.18678289825067376
240,959,shes,0.20835625637437474
240,1387,ridiculous,0.2519390372187065
240,1567,hear,0.2519390372187065
240,1647,cow,0.30075546317958624
240,1648,currently,0.2699557275778491
240,1649,half,0.30075546317958624
240,1650,narrating,0.30075546317958624
240,1651,stupid,0.2519390372187065
240,1652,thizizuz,0.30075546317958624
240,1653,trailer,0.2519390372187065
241,0,a,0.14015279916050133
241,14,to,0.06209566102885186
241,26,palestine,0.21671782813475585
241,80,for,0.08063222585251115
241,116,in,0.08155354215758513
241,199,on,0.09642713917717574
241,255,human,0.2807893556509713
241,261,rights,0.23844037949795438
241,273,it,0.11646885667164827
241,290,this,0.1114674588009219
241,389,be,0.12596403288827174
241,494,means,0.2228893603408807
241,531,they,0.15562913150128402
241,945,concern,0.2807893556509713
241,1635,believe,0.23844037949795438
241,1654,based,0.26204963517051644
241,1655,legitimate,0.31282511940907903
241,1656,movement,0.2807893556509713
241,1657,nonviolent,0.2807893556509713
241,1658,queensu,0.31282511940907903
241,1659,ygk,0.31282511940907903
242,0,a,0.08284811805691596
242,14,to,0.07341285634757996
242,30,and,0.09715542440134958
242,38,user,0.10044899237880929
242,67,i,0.11104709112325327
242,254,from,0.15831161741084276
242,559,liked,0.26351188345521037
242,561,video,0.24977975329255042
242,1090,riots,0.30980928303139066
242,1523,protests,0.30980928303139066
242,1660,antitrump,0.33196439636509395
242,1661,backfire,0.3698388127702309
242,1662,realize,0.294089979959957
242,1663,starting,0.3698388127702309
242,1664,students,0.3698388127702309
243,71,not,0.10904841754793389
243,116,in,0.07060177825206332
243,290,this,0.09649857750356143
243,304,black,0.17868669496302964
243,686,also,0.1929577155965075
243,1201,liberals,0.17868669496302964
243,1306,now,0.1453609358055245
243,1548,super,0.24308236403641983
243,1665,asyouwere,0.2708160691477808
243,1666,available,0.24308236403641983
243,1667,deelz,0.2708160691477808
243,1668,frahdi,0.2708160691477808
243,1669,guitar,0.2708160691477808
243,1670,kills,0.2708160691477808
243,1671,machine,0.2708160691477808
243,1672,myhearts,0.2708160691477808
243,1673,stickers,0.2708160691477808
243,1674,thisreally,0.2708160691477808
243,1675,wet,0.2708160691477808
244,464,hatchimals,0.696365099855416
244,1002,hatchimal,0.46086464439096697
244,1676,trending,0.5501630915044593
245,12,the,0.0497811544855136
245,14,to,0.06184191132720756
245,38,user,0.042308377501255254
245,116,in,0.08122027914616621
245,254,from,0.13335937999245118
245,438,over,0.18689801540994375
245,1079,win,0.20556115729534022
245,1303,george,0.2290739353479898
245,1319,points,0.24773707723338625
245,1677,10883,0.3115467808037453
245,1678,22,0.3115467808037453
245,1679,blowout,0.3115467808037453
245,1680,denver,0.3115467808037453
245,1681,hill,0.3115467808037453
245,1682,injury,0.3115467808037453
245,1683,returns,0.3115467808037453
245,1684,score,0.3115467808037453
246,13,thing,0.22181187527932228
246,38,user,0.08920170300338973
246,40,you,0.1164089867757836
246,80,for,0.08465392072526526
246,116,in,0.08562118953904312
246,218,animal,0.22181187527932228
246,290,this,0.23405424620275794
246,366,used,0.23400641668153047
246,413,has,0.15876670810948776
246,547,gun,0.20785266502950292
246,626,anyone,0.22752706686069896
246,638,actually,0.2503330742802925
246,961,wait,0.23400641668153047
246,981,see,0.18555475696831134
246,1113,control,0.21207472202169914
246,1224,action,0.2611606789417143
246,1610,seen,0.2611606789417143
246,1685,cruelty,0.32842790310374503
246,1686,pest,0.32842790310374503
246,1687,till,0.29479429102272964
247,171,love,0.3861055891439989
247,199,on,0.21351896831535552
247,290,this,0.2468228032792327
247,426,your,0.33800526390542424
247,574,thoughts,0.6217529011450739
247,1028,id,0.4935447289482498
248,8,is,0.10219598262098435
248,199,on,0.1273137500686495
248,276,that,0.15038405984247802
248,487,look,0.24777590391656862
248,1219,face,0.31481530138417635
248,1688,hand,0.4130262435191061
248,1689,obamas,0.32843194247147267
248,1690,priceless,0.4130262435191061
248,1691,putins,0.4130262435191061
248,1692,shaking,0.4130262435191061
249,8,is,0.0944950873101034
249,12,the,0.0610231680342815
249,17,with,0.14465894721919106
249,30,and,0.10032464258816497
249,31,are,0.1518335043492249
249,38,user,0.05186282351624086
249,67,i,0.11466945665713149
249,184,trump,0.14995254236078895
249,199,on,0.11772012578157293
249,276,that,0.2781039821803105
249,469,some,0.22204279239888083
249,694,stuff,0.28080540504705204
249,1328,tpp,0.3036832200573809
249,1693,agree,0.3819029862205951
249,1694,awful,0.3819029862205951
249,1695,corrupt,0.3819029862205951
249,1696,lobbyists,0.3819029862205951
250,14,to,0.06958782436944583
250,35,president,0.21030763752644863
250,38,user,0.14282294384479718
250,42,by,0.15576051793294332
250,67,i,0.10526120162436006
250,95,no,0.1881684914530805
250,475,attacked,0.31466804672182963
250,484,saakashvili,0.2672094471041732
250,517,2,0.21030763752644863
250,931,russian,0.29366728183874885
250,1284,yes,0.23130840240952946
250,1697,inch,0.3505690914164734
250,1698,lost,0.2787670020271859
250,1699,net,0.3505690914164734
250,1700,provinces,0.3505690914164734
250,1701,said,0.24286595733254215
251,217,1997,0.31286558904806616
251,861,nba,0.26567883818644983
251,975,duncan,0.24147479094926796
251,976,tim,0.24147479094926796
251,1235,card,0.29198511915589004
251,1237,gospursgo,0.27717018999866705
251,1239,lot,0.24147479094926796
251,1243,spurs,0.27717018999866705
251,1244,timduncan,0.27717018999866705
251,1702,rc,0.3485609880974652
251,1703,rookie,0.31286558904806616
251,1704,wheels,0.3485609880974652
252,38,user,0.49185928234014636
252,276,that,0.1883926203465642
252,339,didnt,0.36866121320445777
252,414,interest,0.46442837985119784
252,952,take,0.3213389084084375
252,1705,longgopspecial,0.5174158509217459
253,218,animal,0.23917895015784119
253,254,from,0.151592777040526
253,1077,continue,0.2966607905077609
253,1706,asahi,0.35414263085768066
253,1707,away,0.2816086241240632
253,1708,cosmetics,0.35414263085768066
253,1709,makers,0.35414263085768066
253,1710,shift,0.35414263085768066
253,1711,shimbun,0.35414263085768066
253,1712,testingthe,0.35414263085768066
254,0,a,0.16311305106535764
254,8,is,0.09008339200001718
254,12,the,0.058174177341887484
254,14,to,0.07226835845595267
254,25,of,0.08474712757579166
254,38,user,0.0494415021355476
254,50,too,0.2261060272260206
254,80,for,0.09384163892390329
254,104,news,0.23041147502632123
254,199,on,0.11222412232153063
254,290,this,0.12972839221497706
254,379,wall,0.2594037638418647
254,491,great,0.21167627310407452
254,820,border,0.2895051513787165
254,825,mexican,0.2895051513787165
254,843,their,0.21493723406142007
254,1607,parallel,0.32678911003736477
254,1713,build,0.364073068696013
254,1714,effort,0.32678911003736477
254,1715,side,0.364073068696013
255,12,the,0.04983410458223165
255,13,thing,0.2106345984743395
255,38,user,0.04235337912292972
255,79,do,0.18709681087972835
255,116,in,0.08130666970260676
255,145,will,0.15218422176849797
255,199,on,0.09613524254159846
255,276,that,0.11355574758854668
255,512,our,0.17620450519074354
255,516,we,0.1407644442302404
255,530,people,0.15218422176849797
255,648,dems,0.22221464723682466
255,1026,again,0.22221464723682466
255,1180,same,0.20138810811344332
255,1287,white,0.18709681087972835
255,1453,brown,0.26125637916900857
255,1716,2020,0.3118781598636777
255,1717,allwhitenesscold,0.3118781598636777
255,1718,enthusiasm,0.3118781598636777
255,1719,explain,0.3118781598636777
255,1720,unless,0.3118781598636777
255,1721,water,0.24800058462560579
256,6,have,0.14047135828180185
256,12,the,0.05281180263014382
256,40,you,0.11714823697819121
256,345,suppression,0.23549246424270115
256,362,earth,0.24301982519969167
256,531,they,0.16442905856581969
256,623,policy,0.2628191684631499
256,747,vote,0.23549246424270115
256,1722,couple,0.29666636933337515
256,1723,fear,0.3305135702036004
256,1724,gerrymandering,0.3305135702036004
256,1725,gop,0.25192280356972846
256,1726,obstruction,0.3305135702036004
256,1727,scorched,0.3305135702036004
256,1728,wvoter,0.3305135702036004
257,12,the,0.05636674180376995
257,14,to,0.07002302546934154
257,20,at,0.15436522545336875
257,127,homeopathy,0.2513442501037711
257,245,out,0.17909311163786457
257,316,new,0.19930274521856192
257,389,be,0.14204507266712504
257,487,look,0.21162289800480563
257,512,our,0.19930274521856192
257,859,1st,0.29550387215059837
257,877,give,0.2593783029176451
257,1498,check,0.31663597546908195
257,1729,ayurveda,0.35276154470203525
257,1730,feedback,0.35276154470203525
257,1731,pl,0.35276154470203525
257,1732,ur,0.31663597546908195
258,38,user,0.27686093718037946
258,68,im,0.24638710988828408
258,138,its,0.24413912163331053
258,1130,fault,0.45748579309565957
258,1152,sure,0.35309503543089404
258,1733,coach,0.45748579309565957
258,1734,ks,0.5096811719280423
259,25,of,0.1215877780645111
259,30,and,0.06860852152528504
259,67,i,0.15683687840581714
259,98,5,0.15667688030134064
259,116,in,0.06808707907311635
259,199,on,0.16100937068470722
259,273,it,0.1944740606958521
259,333,only,0.15184731596173293
259,532,think,0.1541865869700876
259,560,persona,0.1920330158132033
259,562,can,0.12183868752242578
259,986,could,0.17638767661143873
259,1025,which,0.1920330158132033
259,1028,id,0.18608493390466904
259,1153,thats,0.18093247099252777
259,1735,exclusive,0.26117012305984827
259,1736,ffxv,0.26117012305984827
259,1737,games,0.26117012305984827
259,1738,mostly,0.26117012305984827
259,1739,play,0.46884847807481617
259,1740,ps3,0.26117012305984827
259,1741,terms,0.26117012305984827
260,12,the,0.08432520161331995
260,14,to,0.10475513665191025
260,38,user,0.2150007869201182
260,357,nbawards,0.34077250833651274
260,1093,2016,0.34820377735195274
260,1638,congratulations,0.4736905418874996
260,1742,danielborzutzky,0.5277347497214353
260,1743,winners,0.4420767069234667
261,12,the,0.05644213090570706
261,25,of,0.08222391251713217
261,116,in,0.09208797335345056
261,547,gun,0.22355132861068708
261,1113,control,0.2280922684631616
261,1170,wake,0.31705946813634833
261,1689,obamas,0.2808855818615671
261,1744,blog,0.3532333544111296
261,1745,charleston,0.3532333544111296
261,1746,massacre,0.31705946813634833
261,1747,phony,0.3532333544111296
261,1748,rhetoric,0.3532333544111296
261,1749,shameful,0.31705946813634833
262,12,the,0.07737084392960168
262,38,user,0.0657565077868346
262,116,in,0.25246829273778243
262,261,rights,0.36907431571320487
262,389,be,0.19497573917891442
262,986,could,0.32702457044935296
262,1587,media,0.3450033854197512
262,1619,abortion,0.35603119058451316
262,1750,constitutionhttpstcohexcdmcovw,0.4842121000096713
262,1751,put,0.4056183352295121
263,12,the,0.06724220080244672
263,17,with,0.15940152388218953
263,20,at,0.1841486159158511
263,80,for,0.1084694037195829
263,116,in,0.10970879193182573
263,290,this,0.14995008090672254
263,478,time,0.2567432016193869
263,525,day,0.2613507844902215
263,847,dont,0.2232316782023881
263,961,wait,0.2998388765285665
263,978,coming,0.33463238178588706
263,1191,start,0.33463238178588706
263,1213,uber,0.3207586732644898
263,1474,point,0.33463238178588706
263,1752,riding,0.4208237316042463
264,8,is,0.06899514130442076
264,14,to,0.11070110689229008
264,38,user,0.03786739542561049
264,69,just,0.12022839709098493
264,136,go,0.15341809943207055
264,199,on,0.08595279335548477
264,243,fossil,0.17647284282543466
264,244,fuels,0.18005748967072824
264,530,people,0.1360651788023822
264,585,saying,0.425079844563969
264,1221,make,0.18005748967072824
264,1546,turkey,0.2217328675604096
264,1623,men,0.2502887638130854
264,1753,alternatives,0.27884466006576125
264,1754,cold,0.27884466006576125
264,1755,expedite,0.27884466006576125
264,1756,minded,0.27884466006576125
264,1757,nobody,0.2502887638130854
264,1758,simple,0.27884466006576125
264,1759,straw,0.27884466006576125
265,8,is,0.10935397794775566
265,25,of,0.10287618299338672
265,98,5,0.26513058574294757
265,245,out,0.22437582151434227
265,267,screamqueens,0.33686554639685384
265,1760,blood,0.39669564321674156
265,1761,chanel,0.4419553642645689
265,1762,hahahaha,0.4419553642645689
265,1763,running,0.4419553642645689
266,6,have,0.20440436330638534
266,67,i,0.28881275669464435
266,98,5,0.288518122587606
266,199,on,0.1482481692883381
266,532,think,0.2839322848096029
266,560,persona,0.3536259152639472
266,848,enough,0.3824365724908308
266,1388,spent,0.4316887163314448
266,1764,quite,0.4809408601720587
267,10,my,0.14889707961592197
267,20,at,0.15330486226951862
267,67,i,0.21038384568727544
267,77,as,0.15216723031693372
267,78,crying,0.29347400159009246
267,218,animal,0.23660964254426006
267,278,why,0.210169221315351
267,385,speech,0.22622289319288455
267,386,testing,0.2575965855503065
267,387,am,0.23660964254426006
267,606,these,0.23660964254426006
267,641,did,0.2217191695105206
267,1108,looking,0.278583528556353
267,1765,choose,0.31446094459613894
267,1766,images,0.35033836063592483
267,1767,topic,0.35033836063592483
268,30,and,0.11396680499824724
268,254,from,0.18570521760973355
268,1269,vaccines,0.3005500655171095
268,1768,dementia,0.43383422094528656
268,1769,health,0.33067547924794716
268,1770,mercury,0.43383422094528656
268,1771,wellness,0.43383422094528656
268,1772,wujilife,0.43383422094528656
269,14,to,0.06430954518448748
269,17,with,0.2454358754487327
269,30,and,0.08510799696819878
269,38,user,0.04399657863424231
269,40,you,0.22966364847176124
269,80,for,0.1670139808763299
269,252,being,0.201205286588034
269,458,us,0.32560092990972095
269,512,our,0.18304077570366123
269,516,we,0.14622573376036185
269,573,thanks,0.22444442542032741
269,1440,3d,0.2308359900271185
269,1442,printing,0.23821450986377707
269,1773,appreciate,0.32397821068582366
269,1774,eager,0.32397821068582366
269,1775,following,0.29080028226399157
269,1776,passion,0.32397821068582366
269,1777,share,0.29080028226399157
270,12,the,0.060009270857778005
270,38,user,0.05100112504953597
270,77,as,0.16312108301463546
270,80,for,0.09680185582731962
270,254,from,0.1607596135144108
270,528,many,0.23767976180109826
270,611,remains,0.2986375370932534
270,619,embargo,0.2536421347956306
270,1138,trade,0.33709761123659715
270,1778,cuban,0.3145999100877857
270,1779,grows,0.33709761123659715
270,1780,reports,0.33709761123659715
270,1781,sectors,0.37555768537994083
270,1782,slowly,0.37555768537994083
271,12,the,0.05781547114499036
271,25,of,0.08422457064040069
271,38,user,0.0491366422473588
271,40,you,0.12824747835502284
271,67,i,0.1086418302446655
271,80,for,0.09326300457190966
271,184,trump,0.14207025241802848
271,245,out,0.18369613528864587
271,385,speech,0.2336421703808122
271,542,was,0.1633090978930883
271,582,funny,0.2757912976868793
271,670,joke,0.3030988672900936
271,923,piss,0.3247741046826695
271,1035,melania,0.25780426141930934
271,1119,everyone,0.25780426141930934
271,1166,took,0.2757912976868793
271,1181,thought,0.2660448042247619
271,1783,copying,0.3618281677480012
271,1784,michelles,0.3618281677480012
272,12,the,0.10458820915909366
272,38,user,0.17777640880429346
272,67,i,0.19653311198589762
272,69,just,0.2822186795645885
272,250,thinking,0.5483059655178041
272,290,this,0.23323166461149888
272,525,day,0.40650380543704473
272,542,was,0.2954262198294859
272,1785,other,0.48127515142390276
273,14,to,0.13744668359910658
273,31,are,0.4129338166355762
273,243,fossil,0.21910898339311632
273,244,fuels,0.22355968704542023
273,245,out,0.1757689994475221
273,246,run,0.2900190826200248
273,251,when,0.18810463743196595
273,340,going,0.4224480981219527
273,516,we,0.1562617345881625
273,531,they,0.17223995720346588
273,672,what,0.1705627307389993
273,1214,use,0.24667909867443058
273,1786,depleted,0.34621400671855784
273,1787,eventually,0.34621400671855784
274,145,will,0.2595028784031266
274,251,when,0.28894313681640094
274,273,it,0.19800023602368858
274,389,be,0.21414229481695235
274,1788,maduros,0.5318112433417059
274,1789,soooo,0.5318112433417059
274,1790,turn,0.4454915339296379
275,12,the,0.07991676100463375
275,14,to,0.09927863864716897
275,15,trying,0.41896536097148934
275,38,user,0.06792025070944387
275,68,im,0.241777326127949
275,71,not,0.20139149010499008
275,323,been,0.3106130961394498
275,391,her,0.30513702464411985
275,399,best,0.32295724865930087
275,413,has,0.241777326127949
275,422,miss,0.3563558531617757
275,424,thankyouobama,0.30003892404912613
275,1570,yet,0.3677465324538335
276,6,have,0.18393254270168208
276,12,the,0.13830305709630433
276,14,to,0.08590525352038884
276,38,user,0.23508405980865163
276,59,but,0.21971400201412533
276,81,how,0.19532961543815777
276,184,trump,0.1699264041503837
276,323,been,0.268771783479459
276,351,during,0.3625283952414807
276,435,transition,0.3298665464041398
276,1689,obamas,0.34413419587779054
276,1791,anything,0.3884535631534015
276,1792,gracious,0.4327729304290125
277,12,the,0.06624255798430574
277,38,user,0.056298717432605214
277,254,from,0.1774580471907645
277,410,access,0.2799884681365846
277,412,dakota,0.2799884681365846
277,415,istandwithstandingrock,0.37211263758951246
277,416,pipeline,0.2735351765580308
277,572,nodapl,0.3296576359688599
277,1793,bakken,0.41456763921016504
277,1794,divest,0.37211263758951246
277,1795,waterislifedivestdapl,0.41456763921016504
278,201,romo,0.2544383573706231
278,878,hey,0.2991415948270732
278,1796,backup,0.35710412289301374
278,1797,bro,0.35710412289301374
278,1798,colts,0.35710412289301374
278,1799,jaymohrsports,0.35710412289301374
278,1800,nice,0.2839635557949686
278,1801,quarterback,0.35710412289301374
278,1802,stony,0.35710412289301374
279,12,the,0.05001389328994833
279,59,but,0.15890831167079958
279,716,kim,0.19438938777659112
279,788,fat,0.7865967761605523
279,1408,still,0.20211466491647523
279,1803,ap,0.31300333652325674
279,1804,notes,0.31300333652325674
279,1805,works,0.28094932192462113
280,8,is,0.11683725540012428
280,10,my,0.20068904048311614
280,16,vegetarianism,0.3049116576853242
280,38,user,0.38475079262394984
280,71,not,0.19013851940635684
280,1806,consciousness,0.47219911647570906
280,1807,hesitantly,0.47219911647570906
280,1808,rightsbased,0.47219911647570906
281,48,me,0.2052155354321755
281,300,mannequinchallenge,0.27709803485989576
281,493,mannequin,0.35902066447473063
281,934,definitely,0.3350598313321572
281,1809,goofy,0.39998197928214807
281,1810,lmao,0.39998197928214807
281,1811,stevebuscemi,0.39998197928214807
281,1812,theface,0.39998197928214807
282,14,to,0.04928768306875841
282,38,user,0.06743911553451068
282,46,like,0.12232585895670776
282,67,i,0.07455443236095889
282,79,do,0.14895675039805056
282,80,for,0.06400085814531507
282,81,how,0.11206932969906683
282,84,much,0.17201716595773875
282,252,being,0.1542063836505231
282,290,this,0.08847595292217
282,360,pelosi,0.17201716595773875
282,630,hillary,0.17691574531713689
282,922,paid,0.19744516760573771
282,959,shes,0.3440343319154775
282,1813,cuckoo,0.7449035127052069
282,1814,sounding,0.22287316925373668
282,1815,wonder,0.22287316925373668
283,0,a,0.11613740754923402
283,38,user,0.07040525385135069
283,103,galaxy,0.3812013015253211
283,105,note,0.3812013015253211
283,276,that,0.18876702168312132
283,875,7,0.41225858426007334
283,1816,requires,0.4653513597738268
283,1817,unfortunately,0.5184441352875803
284,8,is,0.1351174501701142
284,12,the,0.08725633364447878
284,196,joins,0.4574432304668614
284,287,microsoft,0.434233181021843
284,290,this,0.19458158914301155
284,1460,huge,0.4901559578440517
284,1818,linuxfoundation,0.5460787346662603
285,35,president,0.2037009245967621
285,199,on,0.10466687112398747
285,290,this,0.12099239119183615
285,889,maduro,0.23523644050014555
285,891,venezuela,0.3047829019059412
285,1819,drug,0.33955613260883905
285,1820,execute,0.33955613260883905
285,1821,heaps,0.33955613260883905
285,1822,narcotics,0.33955613260883905
285,1823,pressure,0.3047829019059412
285,1824,scandal,0.33955613260883905
285,1825,scum,0.33955613260883905
286,38,user,0.20903049873288912
286,67,i,0.11554236777604085
286,71,not,0.15494997139105257
286,80,for,0.09918673451909446
286,273,it,0.14326983342322638
286,458,us,0.19336879957396927
286,562,can,0.1795181157156224
286,761,minimum,0.23898472738546692
286,766,wage,0.2435354077961163
286,981,see,0.21740954536412962
286,1284,yes,0.2539009633983246
286,1306,now,0.20654745250697498
286,1826,citizens,0.3223506150261397
286,1827,employed,0.38481018899921676
286,1828,happily,0.38481018899921676
286,1829,minimal,0.38481018899921676
287,8,is,0.12590218444798934
287,59,but,0.258329935463931
287,67,i,0.3055637175130324
287,171,love,0.2836249146472843
287,201,romo,0.362547410755968
287,203,tony,0.3436543416110142
287,380,doing,0.3436543416110142
287,422,miss,0.362547410755968
287,672,what,0.2506782160839039
287,857,dak,0.4262447367398703
288,38,user,0.13222701174025717
288,80,for,0.16731421923896211
288,95,no,0.17420840558748457
288,119,security,0.19470506424019834
288,446,medicare,0.21414779738934192
288,1125,public,0.2718803161319672
288,1202,money,0.2248479055747225
288,1221,make,0.20957751413863607
288,1231,social,0.21414779738934192
288,1362,rich,0.2718803161319672
288,1830,baby,0.3245606211343049
288,1831,cuts,0.2718803161319672
288,1832,richer,0.3245606211343049
288,1833,schoolsonly,0.3245606211343049
288,1834,tax,0.23864274427877308
288,1835,trumped,0.3245606211343049
289,0,a,0.0847706661994489
289,6,have,0.32166508042680647
289,12,the,0.12093364048228618
289,14,to,0.15023290537302172
289,67,i,0.11362401602848801
289,199,on,0.11664687222400999
289,276,that,0.13778425506682965
289,626,anyone,0.26216122372614636
289,915,watch,0.26962685979932155
289,1211,link,0.316998622700184
289,1284,yes,0.24968544171380597
289,1466,movie,0.2884387602668371
289,1552,cubs,0.2884387602668371
289,1570,yet,0.2782453041471528
289,1836,2nd,0.3396678608322087
289,1837,premiered,0.37842117938523984
290,0,a,0.1321609365004616
290,8,is,0.21896786379938507
290,38,user,0.04005954877029027
290,44,he,0.14394202730103453
290,46,like,0.1453257111664295
290,59,but,0.14976164332647088
290,80,for,0.07603437494374254
290,117,man,0.21017965231579516
290,137,good,0.3205441199265852
290,309,watching,0.18320044969679464
290,323,been,0.18320044969679464
290,536,michael,0.22484391351961058
290,537,moore,0.23456904078502092
290,1108,looking,0.23456904078502092
290,1386,hours,0.26477804527968307
290,1722,couple,0.26477804527968307
290,1838,lego,0.2949870497743452
290,1839,movies,0.2949870497743452
290,1840,ole,0.2949870497743452
290,1841,relaxing,0.2949870497743452
291,0,a,0.13681075498095333
291,12,the,0.04879347833025616
291,20,at,0.13362518467583828
291,30,and,0.16043704159594963
291,38,user,0.08293792790187425
291,145,will,0.14900633992159057
291,273,it,0.11369157311491862
291,399,best,0.19718276011139957
291,438,over,0.3663797820328467
291,530,people,0.14900633992159057
291,691,nazi,0.22452902541023345
291,843,their,0.18027818787889754
291,903,lie,0.2558008733675405
291,1587,media,0.21757440342334272
291,1635,believe,0.23275459735700846
291,1842,goebbles,0.30536557970812556
291,1843,j,0.30536557970812556
291,1844,repeat,0.30536557970812556
291,1845,tactic,0.30536557970812556
291,1846,tried,0.2740937317508185
292,830,experience,0.2475017836068027
292,937,model,0.18622760490490312
292,938,s,0.17805253886087075
292,941,tesla,0.3561050777217415
292,1847,85,0.2757397082637248
292,1848,ev,0.2757397082637248
292,1849,hirechauffeurdriving,0.2757397082637248
292,1850,models,0.2475017836068027
292,1851,p85,0.5514794165274496
292,1852,packages,0.2757397082637248
292,1853,teslamotors,0.2757397082637248
293,316,new,0.2729910974046425
293,413,has,0.23358009563469967
293,520,photo,0.3442739465877915
293,639,beautyandthebeast,0.31200769003391954
293,1854,bellehttpstco3wvbbuexnq,0.483188332929177
293,1855,gaston,0.433706030121675
293,1856,wooing,0.483188332929177
294,12,the,0.09969135224758513
294,14,to,0.061922064981223254
294,37,up,0.15368281314084542
294,38,user,0.04236321363066041
294,69,just,0.13450255062941532
294,603,numbers,0.2613170432277882
294,672,what,0.15368281314084542
294,812,hate,0.22937083938222552
294,842,right,0.17624542009775607
294,1221,make,0.20143487068462712
294,1286,supremacists,0.20143487068462712
294,1857,alt,0.2800043745178364
294,1858,etc,0.31195057836339907
294,1859,fascists,0.31195057836339907
294,1860,feed,0.31195057836339907
294,1861,ie,0.31195057836339907
294,1862,nazis,0.2800043745178364
294,1863,racists,0.2800043745178364
294,1864,things,0.2480581706722737
295,8,is,0.12873256098791036
295,25,of,0.1211068380861895
295,52,efron,0.37069775135976196
295,58,zac,0.37069775135976196
295,81,how,0.23482278777035304
295,98,5,0.31211429103402705
295,1865,incidents,0.5202741313288496
295,1866,inspirational,0.5202741313288496
296,0,a,0.09042610449569684
296,30,and,0.10604207754248232
296,52,efron,0.2876148990229188
296,53,hudgens,0.36232865511729095
296,57,vanessa,0.36232865511729095
296,58,zac,0.2876148990229188
296,67,i,0.12120439306727528
296,116,in,0.10523613041350306
296,170,live,0.2726267126143376
296,265,get,0.20493744017680196
296,388,back,0.25546958973122663
296,473,wanna,0.3076818272860032
296,720,world,0.2663430978629448
296,746,together,0.33814704857734346
296,908,where,0.25546958973122663
297,0,a,0.0710991709858531
297,14,to,0.06300195283169427
297,38,user,0.08620401105057367
297,40,you,0.11249697309057428
297,136,go,0.1746258937293547
297,199,on,0.09783450201637983
297,405,doesnt,0.20494778760009968
297,465,if,0.15949027760404863
297,686,also,0.22614245076412093
297,690,form,0.2658742733555023
297,761,minimum,0.19711422213828042
297,766,wage,0.2008676160859123
297,993,ahead,0.2523841731206785
297,1012,want,0.20941710982098616
297,1654,based,0.2658742733555023
297,1867,argument,0.3173908303902685
297,1868,assumptions,0.3173908303902685
297,1869,chipotle,0.3173908303902685
297,1870,pay,0.2848875017554735
297,1871,retarded,0.3173908303902685
298,0,a,0.12270681608470443
298,12,the,0.08752663301123219
298,38,user,0.07438778527988242
298,122,via,0.30947856272418894
298,237,trumptransitionteam,0.3537100381243039
298,254,from,0.23447623165512263
298,316,new,0.30947856272418894
298,1872,cartoon,0.5477703566954325
298,1873,yorker,0.5477703566954325
299,347,them,0.2382501745127718
299,399,best,0.24771853411711517
299,517,2,0.23013944648114798
299,805,onedirection,0.30505446353881155
299,1874,dance,0.38362742124303373
299,1875,harrystyles,0.38362742124303373
299,1876,lovely,0.38362742124303373
299,1877,niallhoran,0.38362742124303373
299,1878,wwatour,0.38362742124303373
300,12,the,0.050151885979577815
300,14,to,0.06230246199982794
300,25,of,0.07306039334771172
300,38,user,0.04262345753836121
300,46,like,0.154626910918387
300,69,just,0.2706576420540922
300,70,need,0.19148920796742763
300,95,no,0.16846855602325617
300,347,them,0.19492572503590444
300,847,dont,0.16649499181514904
300,984,air,0.28172448558479046
300,1194,deplorables,0.23923447205101006
300,1879,argue,0.3138669400027828
300,1880,bel,0.3138669400027828
300,1881,block,0.3138669400027828
300,1882,fresh,0.28172448558479046
300,1883,prince,0.3138669400027828
300,1884,sang,0.28172448558479046
300,1885,understand,0.2629223550691259
301,80,for,0.0845309536036765
301,116,in,0.0854968173760716
301,184,trump,0.12876846473835485
301,819,against,0.46733300435464414
301,978,coming,0.2607813205294105
301,1886,fighthttpstcovslovqx3ilnotemypresident,0.3279508332462819
301,1887,nlrb,0.3279508332462819
301,1888,ruling,0.3279508332462819
301,1889,soon,0.2943660768878462
301,1890,union,0.3279508332462819
301,1891,uniteblue,0.24113549746386923
301,1892,vengeance,0.3279508332462819
302,20,at,0.16029011182017827
302,80,for,0.09441598442002413
302,469,some,0.21297181009050284
302,476,got,0.2537648795921877
302,1440,3d,0.5219828214051057
302,1442,printing,0.26933382862811145
302,1893,buzzconf,0.3663013303681478
302,1894,jordan,0.3663013303681478
302,1895,printed,0.3287891801094944
302,1896,squirtels,0.3663013303681478
303,0,a,0.07301466612776734
303,9,most,0.19553358553438832
303,12,the,0.05208127869760082
303,14,to,0.06469929940981729
303,116,in,0.08497303925202
303,199,on,0.10047027836546361
303,512,our,0.18415011204764395
303,681,powerful,0.25918369906177424
303,774,lives,0.23965823196580613
303,1089,radical,0.2730372384352749
303,1515,head,0.24843805909982522
303,1897,acceptance,0.32594171200071176
303,1898,determination,0.32594171200071176
303,1899,meet,0.32594171200071176
303,1900,mental,0.32594171200071176
303,1901,negatives,0.32594171200071176
303,1902,rigorous,0.32594171200071176
304,8,is,0.0818155739954727
304,25,of,0.07696906980456093
304,38,user,0.0898075613408839
304,67,i,0.09928291177047355
304,71,not,0.1331449634845142
304,116,in,0.17240545802841584
304,137,good,0.17965308270094785
304,141,so,0.1469141290486735
304,184,trump,0.1298316523595258
304,276,that,0.1203937558036207
304,618,cuba,0.22331842245800212
304,619,embargo,0.22331842245800212
304,623,policy,0.2629344833583908
304,1063,care,0.25203333756111235
304,1276,taken,0.2769885046222371
304,1369,part,0.24312645290819646
304,1378,already,0.22907243164435012
304,1903,140,0.33065858678647214
304,1904,broke,0.2967965350724315
304,1905,diplomacy,0.33065858678647214
304,1906,guess,0.33065858678647214
305,6,have,0.1212706284598899
305,12,the,0.045593070170283356
305,30,and,0.07495691581861448
305,67,i,0.08567455201309461
305,80,for,0.14709373209378326
305,352,fcblive,0.20980196454751018
305,399,best,0.18424936540247658
305,1093,2016,0.188267314523178
305,1733,coach,0.25611567718878564
305,1907,award,0.2390226638512494
305,1908,cope,0.28533637649252486
305,1909,cristiano,0.22689497788504642
305,1910,fifa,0.28533637649252486
305,1911,lopetegui,0.28533637649252486
305,1912,mens,0.28533637649252486
305,1913,messi,0.25611567718878564
305,1914,player,0.25611567718878564
305,1915,ramos,0.28533637649252486
305,1916,spain,0.25611567718878564
305,1917,voted,0.2390226638512494
306,0,a,0.17030758313624342
306,25,of,0.08848512354409203
306,38,user,0.05162225021440265
306,116,in,0.0991003158285289
306,237,trumptransitionteam,0.24546110658757306
306,389,be,0.15306601175142096
306,1918,adolfs,0.3801314732919133
306,1919,nytimes,0.3801314732919133
306,1920,roomful,0.3801314732919133
306,1921,ruth,0.3801314732919133
306,1922,ruthgruber,0.3801314732919133
306,1923,sundaymorning,0.3801314732919133
307,12,the,0.047417984480320995
307,17,with,0.11240707316810711
307,35,president,0.3560514932087587
307,81,how,0.13393972436840848
307,199,on,0.09147429209503159
307,409,well,0.20042234540391538
307,707,obama,0.3450762070570444
307,748,editor,0.26636699745700104
307,1924,barack,0.5327339949140021
307,1925,embrace,0.2967572883699374
307,1926,frontiers,0.2967572883699374
307,1927,guest,0.26636699745700104
307,1928,issue,0.26636699745700104
308,67,i,0.12641350486087466
308,199,on,0.12977661294068885
308,387,am,0.284343639600155
308,842,right,0.2378651498034126
308,1147,david,0.2777899682041177
308,1306,now,0.22598106559580197
308,1385,blaine,0.3095645211088365
308,1390,youtube,0.37790078433444624
308,1929,celebrity,0.42101616605137443
308,1930,laughing,0.37790078433444624
308,1931,magic,0.37790078433444624
309,12,the,0.07959332475345597
309,25,of,0.11595016818924035
309,38,user,0.06764536630481637
309,80,for,0.1283931872103797
309,525,day,0.3093559939481305
309,815,putin,0.3450865009038572
309,1932,looked,0.49812111343504994
309,1933,miserable,0.49812111343504994
309,1934,rest,0.49812111343504994
310,38,user,0.34736690085175803
310,517,2,0.3068999012612577
310,1935,befirm,0.5115820842570867
310,1936,conflictofinterest,0.5115820842570867
310,1937,donaldtrump,0.5115820842570867
311,31,are,0.22873367484894067
311,141,so,0.255622633947125
311,304,black,0.3796062305306443
311,424,thankyouobama,0.34514132950464416
311,530,people,0.28073735935869987
311,1938,bet,0.4574917717364722
311,1939,dope,0.5753280466549872
312,14,to,0.14144620760032775
312,25,of,0.08293504970036798
312,30,and,0.09359577472580013
312,31,are,0.1416498888237782
312,38,user,0.14515300591888594
312,42,by,0.15830164799024254
312,239,all,0.16480859371180107
312,245,out,0.18088365418893027
312,347,them,0.2212713886824335
312,410,access,0.24062814468968277
312,1306,now,0.19123833621100517
312,1473,others,0.28331490169544105
312,1940,allowing,0.35628839478796065
312,1941,china,0.2984582697388217
312,1942,conveniently,0.35628839478796065
312,1943,europe,0.28331490169544105
312,1944,selling,0.2984582697388217
312,1945,ukraine,0.3198016482417009
313,25,of,0.0812870467406079
313,42,by,0.15515603482228346
313,199,on,0.10764220260345199
313,209,fracking,0.25676588520049487
313,1163,radio,0.3134468674253563
313,1946,cernunnos,0.34920858557267637
313,1947,folly,0.34920858557267637
313,1948,international,0.2925276033478149
313,1949,listenhere,0.34920858557267637
313,1950,nowplaying,0.3134468674253563
313,1951,rising,0.34920858557267637
313,1952,wicca,0.34920858557267637
314,0,a,0.06838099100709356
314,6,have,0.12973695948200817
314,14,to,0.06059333618489909
314,38,user,0.04145418028571367
314,44,he,0.14895321923479984
314,65,him,0.20141092089877843
314,77,as,0.13258630622602485
314,84,much,0.21147461835262543
314,141,so,0.13562788480550392
314,199,on,0.09409420826997672
314,382,god,0.1971124645545399
314,413,has,0.14756542800735273
314,427,an,0.16008652388601863
314,465,if,0.15339283267777257
314,506,thisisus,0.20141092089877843
314,1026,again,0.217496838255686
314,1028,id,0.217496838255686
314,1196,made,0.21147461835262543
314,1558,dreams,0.273996017470451
314,1953,adam,0.3052567170293638
314,1954,appearance,0.3052567170293638
314,1955,because,0.2061626439349895
314,1956,call,0.2427353179115382
314,1957,material,0.273996017470451
314,1958,yr,0.3052567170293638
315,1,about,0.12512926408381886
315,38,user,0.03642505990726018
315,67,i,0.08053633691889162
315,70,need,0.16364242308428015
315,283,top,0.21328725922443867
315,726,after,0.17319925952898887
315,1959,7x,0.2682237141888458
315,1960,buying,0.2682237141888458
315,1961,cans,0.2682237141888458
315,1962,dented,0.2682237141888458
315,1963,disability,0.2682237141888458
315,1964,emergencies,0.2682237141888458
315,1965,food,0.2682237141888458
315,1966,higher,0.2682237141888458
315,1967,insurance,0.2407554867066422
315,1968,obamacare,0.19721937618607127
315,1969,private,0.2407554867066422
315,1970,ramen,0.2682237141888458
315,1971,worried,0.2682237141888458
316,12,the,0.04382074415457445
316,25,of,0.06383729628884435
316,42,by,0.12184895580668614
316,1290,emily,0.2180749561002124
316,1458,associated,0.246159767748661
316,1769,health,0.20903366619095698
316,1972,cannabis,0.5484891587942191
316,1973,cultivator,0.27424457939710956
316,1974,errico,0.27424457939710956
316,1975,examines,0.27424457939710956
316,1976,grown,0.27424457939710956
316,1977,plants,0.27424457939710956
316,1978,pressassistant,0.27424457939710956
316,1979,vireo,0.27424457939710956
317,38,user,0.3002335599339504
317,80,for,0.1424633562250879
317,382,god,0.35689872850386106
317,573,thanks,0.3829033469367828
317,1119,everyone,0.39380738910900304
317,1380,giving,0.4961067808234322
317,1980,bless,0.46299689893515394
318,69,just,0.19429157338763356
318,124,who,0.23631907908816416
318,276,that,0.164071594194554
318,319,cause,0.35832489455433386
318,530,people,0.21988413979085472
318,532,think,0.2660310580453477
318,936,lol,0.35832489455433386
318,1269,vaccines,0.3121779762998408
318,1981,autism,0.45061873106331995
318,1982,suddenly,0.45061873106331995
319,9,most,0.1968660631476374
319,12,the,0.05243619029881899
319,25,of,0.0763881280645596
319,145,will,0.16013051463506955
319,530,people,0.16013051463506955
319,1020,more,0.16490327207566807
319,1219,face,0.25013105803463664
319,1440,3d,0.23381757588255378
319,1442,printing,0.24129140014022768
319,1640,goes,0.29455639502722686
319,1983,change,0.2609499249291875
319,1984,dramatically,0.32816286512526616
319,1985,exponential,0.32816286512526616
319,1986,manufacturing,0.32816286512526616
319,1987,once,0.274897870238267
319,1988,realise,0.32816286512526616
319,1989,than,0.19373698473310885
320,0,a,0.1915559715011853
320,25,of,0.19904990126401284
320,67,i,0.12837789150431836
320,77,as,0.1857073020062344
320,234,proud,0.3837731256963163
320,387,am,0.28876216156419227
320,444,last,0.3046374258175212
320,787,fantasticbeasts,0.2608520580886956
320,1532,night,0.3399877579674907
320,1990,niffler,0.4275584934251419
320,1991,owner,0.4275584934251419
321,0,a,0.06756995162231334
321,12,the,0.04819757000418286
321,25,of,0.07021337989848242
321,44,he,0.14718654511221083
321,80,for,0.0777482238341066
321,201,romo,0.21491719588296526
321,203,tony,0.20371743187474967
321,465,if,0.15157350208878226
321,865,team,0.22991199610693785
321,1180,same,0.194774593025766
321,1587,media,0.21491719588296526
321,1785,other,0.22178688198726468
321,1989,than,0.17807647410806712
321,1992,anywhere,0.252676810983121
321,1993,dallas,0.3016361900914924
321,1994,kind,0.2707462610956361
321,1995,near,0.3016361900914924
321,1996,played,0.2707462610956361
321,1997,receive,0.3016361900914924
321,1998,slurpage,0.3016361900914924
321,1999,wouldnt,0.23985633209977975
322,12,the,0.050270064996789446
322,14,to,0.12489854580809606
322,25,of,0.07323255448012543
322,30,and,0.08264609108549546
322,38,user,0.04272389639970526
322,40,you,0.11151010179288266
322,210,land,0.2397982094706087
322,384,oh,0.21247727925772872
322,426,your,0.15351556497146196
322,542,was,0.1419958845455841
322,597,yeah,0.2179519561933905
322,1147,david,0.20758001385964442
322,1154,verlander,0.2241586329980281
322,1404,scherzer,0.2823883474153191
322,2000,elite,0.3146065430262834
322,2001,guys,0.2823883474153191
322,2002,lead,0.2823883474153191
322,2003,price,0.26354191114200604
322,2004,promise,0.3146065430262834
322,2005,rotation,0.3146065430262834
322,2006,supposed,0.2501701518043548
323,8,is,0.09461333074178592
323,12,the,0.06109952744095449
323,40,you,0.13553224020842217
323,141,so,0.16989473279369435
323,374,here,0.22574558043922144
323,420,finally,0.2811567819881495
323,422,miss,0.27244815674824713
323,512,our,0.21603703107289832
323,552,read,0.27244815674824713
323,639,beautyandthebeast,0.2469136014605244
323,847,dont,0.20283913800038567
323,1653,trailer,0.3203156039820314
323,1791,anything,0.3432220464208672
323,2007,analysishttpstcofxmyubv9lg,0.38238086841474905
323,2008,indepth,0.38238086841474905
324,25,of,0.07705480789113894
324,38,user,0.04495380029838573
324,40,you,0.1173301891838801
324,141,so,0.14707778097207458
324,184,trump,0.1299762756150599
324,254,from,0.14169796362243672
324,257,or,0.17985320349749293
324,533,u,0.20195845460252546
324,567,maybe,0.252314084829739
324,668,his,0.1716830839612139
324,680,full,0.22932760209173672
324,905,youre,0.2184143131909423
324,919,know,0.20949750690003008
324,1483,any,0.24339727853882676
324,2009,never,0.252314084829739
324,2010,received,0.33102691700812675
324,2011,supporters,0.2632273737305334
324,2012,th,0.33102691700812675
324,2013,threats,0.2971271453693301
324,2014,yourself,0.33102691700812675
325,14,to,0.2063806629599766
325,38,user,0.04706425793380735
325,254,from,0.14835029439904976
325,673,aleppo,0.2469311231075271
325,1340,help,0.23406304945839038
325,2015,aid,0.3465677228997917
325,2016,airdrops,0.3465677228997917
325,2017,allow,0.31107644995478134
325,2018,save,0.3465677228997917
325,2019,starvation,0.3465677228997917
325,2020,thousands,0.3465677228997917
325,2021,urge,0.3465677228997917
326,14,to,0.14351962114486777
326,31,are,0.14372628806453897
326,38,user,0.14728075620366785
326,119,security,0.21687179283996094
326,137,good,0.19641584353224767
326,178,must,0.27554963071642535
326,253,fight,0.3028332715819607
326,446,medicare,0.23852803692492175
326,516,we,0.1631659954265986
326,606,these,0.2441554337054964
326,1231,social,0.23852803692492175
326,1343,prevent,0.3028332715819607
326,2022,changes,0.3615111094584251
326,2023,programs,0.3615111094584251
326,2024,unite,0.3615111094584251
327,80,for,0.07950698878537782
327,174,would,0.1767370835701217
327,181,reject,0.25839268585769465
327,551,pjnet,0.24528219123114306
327,648,dems,0.21977889963520758
327,1247,cut,0.2768708902025179
327,1725,gop,0.23511290155131798
327,1891,uniteblue,0.2268039868863198
327,1968,obamacare,0.2268039868863198
327,2025,75,0.30845958917389277
327,2026,congress,0.2768708902025179
327,2027,flashback,0.30845958917389277
327,2028,obamashutdown,0.30845958917389277
327,2029,proposal,0.30845958917389277
327,2030,subsidy,0.30845958917389277
328,0,a,0.05806068802110039
328,12,the,0.04141462304175912
328,14,to,0.05144837383278236
328,17,with,0.09817575785863682
328,38,user,0.035197767585579354
328,98,5,0.15548676874716014
328,280,cy,0.17504784260691567
328,284,young,0.1581287165903465
328,290,this,0.0923545928259866
328,333,only,0.15069388959244487
328,340,going,0.1581287165903465
328,353,game,0.20610083822128947
328,597,yeah,0.1795581149047598
328,981,see,0.1464347201963419
328,1519,year,0.19057434041410254
328,2031,14,0.23264356153781912
328,2032,assists,0.25918628485434875
328,2033,averaging,0.25918628485434875
328,2034,bid,0.25918628485434875
328,2035,crosby,0.25918628485434875
328,2036,goal,0.23264356153781912
328,2037,goals,0.25918628485434875
328,2038,nhl,0.25918628485434875
328,2039,pens,0.25918628485434875
328,2040,sidney,0.25918628485434875
328,2041,weird,0.25918628485434875
329,0,a,0.09134835914106752
329,8,is,0.10089897762706773
329,64,francis,0.3415958058594144
329,116,in,0.10630943231759324
329,276,that,0.1484754830900578
329,2042,blooms,0.40778438286349056
329,2043,flower,0.40778438286349056
329,2044,gratitude,0.40778438286349056
329,2045,noble,0.40778438286349056
329,2046,soulspope,0.40778438286349056
330,0,a,0.07335876727810442
330,8,is,0.08102854487963192
330,12,the,0.05232672565861971
330,17,with,0.12404352787700176
330,25,of,0.07622866188468588
330,30,and,0.0860273273023262
330,71,not,0.1318641686703671
330,399,best,0.2114612146140158
330,427,an,0.1717399803243111
330,1369,part,0.2407876855082338
330,1427,image,0.2496088899268013
330,1509,veganism,0.27432399947676245
330,2047,animals,0.3274777995292915
330,2048,approach,0.3274777995292915
330,2049,body,0.2939414855607628
330,2050,dead,0.26040517159223414
330,2051,especially,0.2939414855607628
330,2052,marketing,0.3274777995292915
330,2053,vegetaria,0.3274777995292915
331,38,user,0.2132937482600888
331,96,one,0.42667765189968077
331,1020,more,0.3946252466286282
331,2054,found,0.7853170525627411
332,239,all,0.2952688147038273
332,436,trumps,0.3964267832925132
332,614,bob,0.4039754313451406
332,615,dylan,0.43110608170802067
332,1065,though,0.48653892240439617
332,1408,still,0.4121812789552452
333,40,you,0.1205598349537865
333,251,when,0.1848038657432468
333,1221,make,0.21963676682499064
333,1585,democrats,0.3053059051142966
333,2055,apologizewell,0.34013880619604037
333,2056,calexit,0.34013880619604037
333,2057,humanrights,0.34013880619604037
333,2058,mangomussolini,0.34013880619604037
333,2059,opponents,0.34013880619604037
333,2060,publicly,0.34013880619604037
333,2061,youreafacist,0.34013880619604037
334,315,migrants,0.299555322124704
334,826,muslims,0.2843562911303291
334,1544,isis,0.26293446010432214
334,1943,europe,0.2843562911303291
334,2062,eu,0.32097715315071096
334,2063,excellent,0.32097715315071096
334,2064,hijra,0.35759801517109274
334,2065,jihad,0.35759801517109274
334,2066,lets,0.299555322124704
334,2067,selfdestruct,0.35759801517109274
335,38,user,0.08036323343920176
335,80,for,0.15253212805880287
335,349,were,0.36103809521140745
335,396,allen,0.38212298237705133
335,400,grayson,0.3745155457422466
335,1450,thankful,0.4510580988610878
335,2068,tbh,0.59177184642026
336,12,the,0.10539336648613407
336,30,and,0.0866355530570364
336,199,on,0.2033149172511197
336,842,right,0.1863260727543739
336,1306,now,0.17701695479187954
336,1365,enemies,0.2762635101746888
336,1503,self,0.26224627414637386
336,1517,t,0.2762635101746888
336,2069,areconservatives,0.3297931153482935
336,2070,elites,0.3297931153482935
336,2071,medias,0.3297931153482935
336,2072,obviously,0.3297931153482935
336,2073,thinkers,0.3297931153482935
336,2074,wingprofreedom,0.3297931153482935
337,6,have,0.13661349084759367
337,10,my,0.13661349084759367
337,14,to,0.06380500368878188
337,17,with,0.1217551523140243
337,38,user,0.04365140282050629
337,77,as,0.2792277266932128
337,79,do,0.19283085381306797
337,158,business,0.2450040637517766
337,385,speech,0.20756014307628856
337,458,us,0.1615232114794354
337,516,we,0.14507851758567966
337,547,gun,0.2034279638848108
337,672,what,0.1583560312842834
337,836,exactly,0.23634559437447214
337,1063,care,0.2450040637517766
337,1113,control,0.20756014307628856
337,1196,made,0.22268354333385806
337,1295,such,0.2450040637517766
337,1319,points,0.2556011738235194
337,1378,already,0.22268354333385806
337,1769,health,0.2450040637517766
337,2075,ect,0.2885188043131807
337,2076,telling,0.2885188043131807
338,1291,gilmoregirlstop4,0.3774631909252182
338,2077,jess,0.4746864834199845
338,2078,lane,0.4746864834199845
338,2079,lorelai,0.4746864834199845
338,2080,luke,0.4260748371726013
339,14,to,0.06130793810176819
339,17,with,0.11699015610200442
339,44,he,0.15070988527583457
339,67,i,0.09273672933705773
339,70,need,0.18843249740686158
339,71,not,0.12436609907051417
339,80,for,0.07960935481911802
339,141,so,0.1372273997450208
339,405,doesnt,0.19943709220962802
339,626,anyone,0.21396862474274742
339,627,else,0.23541561173542425
339,668,his,0.1601847881882084
339,842,right,0.17449746401948735
339,910,feel,0.220061867140318
339,1295,such,0.23541561173542425
339,1427,image,0.23541561173542425
339,2011,supporters,0.24559799447620387
339,2081,hurt,0.2772273642096603
339,2082,modi,0.30885673394311675
339,2083,pm,0.30885673394311675
339,2084,righti,0.30885673394311675
339,2085,sorry,0.30885673394311675
340,0,a,0.07860326114922046
340,12,the,0.056067617200210695
340,14,to,0.06965143028637967
340,116,in,0.0914769367469506
340,316,new,0.19824509397344797
340,1370,political,0.27902180566468293
340,1701,said,0.24308794605036926
340,2086,administration,0.3508895248933102
340,2087,cs,0.3508895248933102
340,2088,csmonitorbannon,0.3508895248933102
340,2089,monitor,0.3508895248933102
340,2090,planned,0.3508895248933102
340,2091,retweeted,0.29393570489844467
340,2092,usher,0.31495566527899654
341,12,the,0.04746956215685962
341,245,out,0.15082425066105934
341,1561,de,0.5333134624297969
341,1950,nowplaying,0.26665673121489847
341,2093,boy,0.29708007837456907
341,2094,fall,0.26665673121489847
341,2095,favoritas,0.29708007837456907
341,2096,gold,0.22643925386401825
341,2097,mis,0.29708007837456907
341,2098,shipped,0.29708007837456907
341,2099,standard,0.23623338405522784
341,2100,una,0.29708007837456907
342,0,a,0.08665781127904748
342,8,is,0.09571802541031485
342,12,the,0.06181291869020526
342,38,user,0.05253402267238759
342,276,that,0.14085157647237045
342,285,big,0.2844395371310871
342,903,lie,0.3240555731511888
342,1619,abortion,0.2844395371310871
342,2101,breast,0.38684550467026857
342,2102,cancer,0.3472294686501669
342,2103,causes,0.38684550467026857
342,2104,claim,0.3472294686501669
342,2105,parkinsbrea,0.38684550467026857
343,125,3,0.16474411883234788
343,861,nba,0.19446401411611786
343,975,duncan,0.17674782634697628
343,976,tim,0.17674782634697628
343,1237,gospursgo,0.2028751258790202
343,1243,spurs,0.4057502517580404
343,1244,timduncan,0.2028751258790202
343,2106,199798,0.25512972494310804
343,2107,95,0.25512972494310804
343,2108,9798,0.25512972494310804
343,2109,bgs,0.25512972494310804
343,2110,cam,0.22900242541106414
343,2111,gem,0.22900242541106414
343,2112,mint,0.25512972494310804
343,2113,skybox,0.25512972494310804
343,2114,slam,0.25512972494310804
343,2115,zforce,0.25512972494310804
344,0,a,0.09461141041756292
344,17,with,0.15997996641795093
344,80,for,0.21772604353844494
344,229,valentines,0.3219226549869462
344,304,black,0.27867059279320566
344,307,friday,0.2925946467751862
344,457,special,0.3358467089689268
344,525,day,0.26229918452318157
344,1151,someone,0.3358467089689268
344,2116,getaway,0.422350833356408
344,2117,speciallooking,0.422350833356408
345,8,is,0.09201501544277214
345,209,fracking,0.27343552365876006
345,412,dakota,0.2511581485973031
345,572,nodapl,0.29571289872021705
345,718,north,0.27343552365876006
345,2118,dakotaaccesspipeline,0.3718797471386812
345,2119,farms,0.3718797471386812
345,2120,indigenous,0.3718797471386812
345,2121,ravaging,0.3718797471386812
345,2122,wastewater,0.3718797471386812
346,42,by,0.18858644680515005
346,584,market,0.3809831248759346
346,1093,2016,0.2800557567827848
346,1269,vaccines,0.29404902186440635
346,1943,europe,0.3375160733701705
346,2123,canine,0.4244501763816988
346,2124,report,0.4244501763816988
346,2125,reportbazzar,0.4244501763816988
347,0,a,0.07371004995758577
347,10,my,0.13984760419415515
347,12,the,0.05257729519624786
347,14,to,0.0653154885810646
347,80,for,0.08481322430062375
347,96,one,0.17877690427319604
347,324,cohen,0.2222292856542492
347,328,leonard,0.2222292856542492
347,389,be,0.13249560783185824
347,427,an,0.1725623671050716
347,444,last,0.2344467750076992
347,1295,such,0.2508041564631574
347,1532,night,0.5233042734895111
347,1884,sang,0.2953490412829994
347,2126,amazing,0.3290459458212432
347,2127,favourites,0.3290459458212432
347,2128,tribute,0.2953490412829994
348,12,the,0.06929905691213979
348,37,up,0.2136609399743231
348,285,big,0.31888789737465234
348,291,ben,0.30901057849179026
348,2129,bang,0.4336962112840389
348,2130,blew,0.4336962112840389
348,2131,brain,0.4336962112840389
348,2132,carsons,0.4336962112840389
349,69,just,0.21625609830048054
349,239,all,0.232007388324516
349,273,it,0.1867376251718666
349,280,cy,0.3387414827678949
349,284,young,0.306000663180307
349,658,wrong,0.39883327037375
349,882,next,0.33093402708016095
349,1519,year,0.36878737657082244
349,2133,prove,0.5015608598034528
350,12,the,0.062371005998256214
350,30,and,0.10254054461944856
350,38,user,0.1060166681218765
350,40,you,0.13835266034038815
350,55,perfect,0.27811779125755726
350,69,just,0.1683006439967562
350,80,for,0.10061160624259656
350,254,from,0.16708649639399953
350,290,this,0.13908731844083083
350,388,back,0.24703392720924847
350,542,was,0.17617693884593044
350,787,fantasticbeasts,0.2381440758499328
350,1582,thank,0.25205186296453674
350,1584,absolutely,0.3503644825524572
350,2134,film,0.3903381979600817
350,2135,gift,0.3903381979600817
350,2136,mindblowing,0.3903381979600817
351,6,have,0.1383906518676318
351,25,of,0.07579572323999409
351,38,user,0.044219249898282305
351,65,him,0.42969079509385966
351,80,for,0.08392962800895482
351,90,comey,0.46400855000039437
351,174,would,0.18656822382582686
351,265,get,0.16531258425811401
351,273,it,0.12123177441436443
351,465,if,0.1636244150537798
351,516,we,0.14696579741945404
351,630,hillary,0.23200427500019719
351,1308,rid,0.2589262073906794
351,2009,never,0.2481912429179714
351,2137,f,0.2589262073906794
351,2138,trust,0.32561789813276254
351,2139,wasnt,0.29227205276172097
352,8,is,0.09885919706329466
352,14,to,0.0793086464821005
352,184,trump,0.15687786907629295
352,239,all,0.18481579276885576
352,565,donald,0.27679224817209036
352,667,cabinet,0.2636202019715896
352,668,his,0.2072168650842682
352,2140,friends,0.35862447350246723
352,2141,hiring,0.39954058616765564
352,2142,mike,0.35862447350246723
352,2143,pences,0.39954058616765564
352,2144,personnel,0.39954058616765564
353,0,a,0.10715778001404357
353,80,for,0.123299290084834
353,184,trump,0.18782540135525683
353,413,has,0.23124531304978796
353,734,bannon,0.2970825420416782
353,1152,sure,0.33139546968007055
353,2145,eye,0.4783585562228609
353,2146,keen,0.4783585562228609
353,2147,talent,0.4783585562228609
354,0,a,0.06552035973121194
354,8,is,0.07237061916380828
354,10,my,0.124309579760449
354,20,at,0.12798950156118125
354,25,of,0.06808360518899115
354,48,me,0.15006379381817636
354,71,not,0.11777444043172194
354,98,5,0.17546380122218566
354,137,good,0.1589135685887127
354,141,so,0.12995406575956397
354,172,nationalfastfoodday,0.2229381008831901
354,213,stop,0.2026278482429045
354,278,why,0.17546380122218566
354,339,didnt,0.20839813628081932
354,626,anyone,0.2026278482429045
354,839,idea,0.2625337446150946
354,953,before,0.21505944495409016
354,961,wait,0.20839813628081932
354,2148,30,0.2625337446150946
354,2149,burger,0.29248669280118966
354,2150,flight,0.29248669280118966
354,2151,hour,0.29248669280118966
354,2152,king,0.2625337446150946
354,2153,lax,0.29248669280118966
355,0,a,0.06496916153598929
355,12,the,0.04634242937965718
355,14,to,0.057570067187134456
355,25,of,0.06751084337177318
355,30,and,0.07618889372589625
355,68,im,0.14020273745875605
355,140,say,0.18727765365483515
355,145,will,0.1415212856562352
355,273,it,0.10798048998431768
355,276,that,0.10559935324197091
355,406,poroshenko,0.2210626063139098
355,1026,again,0.20664496097657825
355,1079,win,0.19136164103892062
355,1214,use,0.20664496097657825
355,1577,election,0.20092321620621356
355,1938,bet,0.23062418148120276
355,2154,1999,0.29002611203118117
355,2155,crate,0.29002611203118117
355,2156,ill,0.21325023056011286
355,2157,kuchmas,0.29002611203118117
355,2158,obolon,0.29002611203118117
355,2159,presidential,0.26032514675619195
355,2160,strategy,0.29002611203118117
355,2161,willing,0.29002611203118117
356,14,to,0.08326787297686922
356,38,user,0.05696668372670476
356,46,like,0.20666043626323274
356,67,i,0.251908331541351
356,69,just,0.1808683432032054
356,173,there,0.29061020183943576
356,199,on,0.12930505358171915
356,309,watching,0.260520210457472
356,389,be,0.16891288242058228
356,424,thankyouobama,0.2516513457102242
356,516,we,0.1893327932856278
356,542,was,0.1893327932856278
356,910,feel,0.29888598715676234
356,2006,supposed,0.3335689184893425
356,2162,finished,0.37652763513924925
356,2163,sorta,0.41948635178915605
357,16,vegetarianism,0.21681389671294435
357,25,of,0.07815822516010835
357,48,me,0.17226937018190677
357,59,but,0.17046526677150903
357,67,i,0.1008168111218102
357,68,im,0.16231462347494
357,257,or,0.1824286836790667
357,361,should,0.20485047980538665
357,389,be,0.1352020241556878
357,530,people,0.1638411247265318
357,624,shouldnt,0.2669967638281646
357,672,what,0.1654160943516167
357,1168,sick,0.3013819768620422
357,2076,telling,0.3013819768620422
357,2164,eating,0.3357671898959198
357,2165,eg,0.3357671898959198
357,2166,fence,0.3357671898959198
357,2167,noah,0.3357671898959198
358,12,the,0.041113289294564294
358,18,4,0.16614580755013952
358,25,of,0.05989312323971786
358,37,up,0.12675935903788685
358,38,user,0.03494166782128208
358,116,in,0.201234756463512
358,298,days,0.18332776627423455
358,322,ago,0.20460124379497793
358,469,some,0.14959743739524708
358,1144,jerusalem,0.18332776627423455
358,1280,fire,0.1891877171419733
358,1780,reports,0.23095084164783594
358,2168,brush,0.257300439500694
358,2169,community,0.2155373149948313
358,2170,corridor,0.257300439500694
358,2171,flames,0.257300439500694
358,2172,houses,0.257300439500694
358,2173,nataf,0.514600879001388
358,2174,nearing,0.257300439500694
358,2175,went,0.2155373149948313
359,6,have,0.13989716719773423
359,10,my,0.13989716719773423
359,12,the,0.0525959289703837
359,30,and,0.08646990881531975
359,67,i,0.0988337182694745
359,81,how,0.14856566145524822
359,171,love,0.18347534934187912
359,199,on,0.10146309300942778
359,276,that,0.11984904884747424
359,506,thisisus,0.2171841963070945
359,531,they,0.16375693792468002
359,982,tl,0.2954537151218867
359,1119,everyone,0.23452986464241815
359,1999,wouldnt,0.2617448681566713
359,2176,agrees,0.32916256208710204
359,2177,dash,0.2954537151218867
359,2178,hat,0.32916256208710204
359,2179,let,0.2757353037046875
359,2180,miguel,0.2954537151218867
359,2181,wear,0.32916256208710204
360,0,a,0.07651095751838549
360,8,is,0.08451030170067365
360,12,the,0.05457517938878753
360,14,to,0.06779741127558592
360,25,of,0.07950417008824742
360,31,are,0.1357900778345712
360,116,in,0.08904195473609029
360,634,recount,0.2603344614693523
360,670,joke,0.28611156715149383
360,843,their,0.20163994820749487
360,1174,leftists,0.2306737743878517
360,1408,still,0.22054759926354678
360,2182,decision,0.3065720069882257
360,2183,loss,0.34154935991513596
360,2184,spottingthedummy,0.34154935991513596
360,2185,trumptransition,0.34154935991513596
360,2186,votes,0.3065720069882257
360,2187,wisconsin,0.34154935991513596
361,0,a,0.14263899446231723
361,25,of,0.07410961282391199
361,46,like,0.15684750622380958
361,67,i,0.09559447931517562
361,116,in,0.08300023487134561
361,254,from,0.1362819726555071
361,501,fidel,0.2531662758719087
361,542,was,0.14369647625931237
361,614,bob,0.20149007633463287
361,888,little,0.26669818001375867
361,1036,quote,0.2857703277114716
361,1060,something,0.2426701155775894
361,2188,dylani,0.3183743795510345
361,2189,heard,0.3183743795510345
361,2190,jerkin,0.3183743795510345
361,2191,memory,0.26669818001375867
361,2192,ratwhen,0.3183743795510345
361,2193,sleepin,0.3183743795510345
362,14,to,0.07301201960659316
362,30,and,0.19324990483120064
362,38,user,0.09990053739771036
362,40,you,0.2607421146742416
362,77,as,0.15976004292288523
362,326,heart,0.29248423847285426
362,409,well,0.24841594717935084
362,1582,thank,0.2375109217100114
362,2194,dear,0.33015185925125884
362,2195,hugs,0.3678194800296634
362,2196,kisses,0.3678194800296634
362,2197,matteo,0.3678194800296634
362,2198,valentino,0.3678194800296634
363,0,a,0.0748719970428363
363,12,the,0.05340611073685312
363,17,with,0.12660227259791876
363,31,are,0.13288128440470032
363,46,like,0.16466024689016923
363,237,trumptransitionteam,0.2158231936372892
363,271,comfortable,0.30000485087541984
363,1239,lot,0.2315486623803127
363,1457,voters,0.26577675662786626
363,1955,because,0.22573245341592957
363,2199,drama,0.33423294512297347
363,2200,oldtestamentmagafordummies,0.33423294512297347
363,2201,potustrump,0.33423294512297347
363,2202,process,0.33423294512297347
363,2203,reads,0.33423294512297347
363,2204,very,0.24575460502189792
364,14,to,0.06347426013015162
364,30,and,0.16800514210505402
364,63,everything,0.24373404555195968
364,69,just,0.13787411465378654
364,116,in,0.08336412985507369
364,124,who,0.1676978740610303
364,138,its,0.15317108854153597
364,382,god,0.20648422149675688
364,658,wrong,0.2542762237893056
364,668,his,0.1658449334484849
364,842,right,0.1806633490892962
364,862,pick,0.26786745537818196
364,1041,conservatives,0.2215292271625139
364,1196,made,0.2215292271625139
364,1205,try,0.2542762237893056
364,1427,image,0.24373404555195968
364,1765,choose,0.2870232204160973
364,2205,whats,0.5357349107563639
365,38,user,0.0629859633376337
365,174,would,0.26574804712635897
365,464,hatchimals,0.2935325200838426
365,668,his,0.24054972794950158
365,942,x,0.36881486328639385
365,2206,heartand,0.4638106037765289
365,2207,melt,0.4638106037765289
365,2208,mine,0.4638106037765289
366,25,of,0.11100481063943932
366,30,and,0.12527370861445286
366,31,are,0.18959196555363445
366,38,user,0.06476024308172108
366,162,learning,0.3506370277702599
366,257,or,0.25909571827550565
366,592,rightists,0.32206988157962513
366,1506,feeling,0.42804003293547277
366,2209,compassion,0.47687589191005075
366,2210,incapable,0.47687589191005075
367,12,the,0.11559755679998536
367,25,of,0.0842002529404426
367,77,as,0.15711237938342162
367,323,been,0.2246469612408181
367,352,fcblive,0.2659679905624855
367,413,has,0.17486236828594462
367,1427,image,0.2757116699728143
367,1550,champions,0.32468033443045236
367,1913,messi,0.32468033443045236
367,1914,player,0.32468033443045236
367,1917,voted,0.3030113552107045
367,2211,league,0.32468033443045236
367,2212,uefa,0.36172369907867136
367,2213,week,0.28763696978223335
368,8,is,0.08219367332894324
368,141,so,0.147593072329983
368,267,screamqueens,0.2531980746923275
368,382,god,0.21450186500998072
368,1601,sexy,0.2981681391156111
368,2214,booty,0.3321866796074941
368,2215,damn,0.3321866796074941
368,2216,hester,0.3321866796074941
368,2217,lea,0.3321866796074941
368,2218,leamichele,0.3321866796074941
368,2219,michele,0.3321866796074941
368,2220,whew,0.3321866796074941
369,12,the,0.055289258406959196
369,45,isnt,0.2637407604265753
369,69,just,0.14919140147033155
369,104,news,0.2189851264727067
369,273,it,0.12882710927264673
369,478,time,0.2111046493000537
369,606,these,0.23369198347442907
369,1194,deplorables,0.2637407604265753
369,1469,fake,0.3105832927082328
369,2221,creators,0.34601830045398224
369,2222,fakenews,0.3105832927082328
369,2223,feeding,0.34601830045398224
369,2224,fires,0.34601830045398224
369,2225,stopped,0.34601830045398224
370,14,to,0.11607258550682882
370,25,of,0.06805757334307459
370,116,in,0.07622215738288675
370,323,been,0.1815781604808258
370,413,has,0.14133815563454577
370,1186,moving,0.2449187123656703
370,1834,tax,0.21497721672427766
370,1909,cristiano,0.23249186888999832
370,1916,spain,0.26243336453139093
370,2226,635,0.29237486017278363
370,2227,accodring,0.29237486017278363
370,2228,accused,0.26243336453139093
370,2229,allegedly,0.29237486017278363
370,2230,evasion,0.26243336453139093
370,2231,mil,0.29237486017278363
370,2232,ronaldo,0.2449187123656703
370,2233,sources,0.29237486017278363
370,2234,v,0.26243336453139093
371,8,is,0.09078130255837208
371,12,the,0.05862487498647114
371,30,and,0.1927634968571104
371,80,for,0.09456866606136176
371,491,great,0.21331621030751066
371,639,beautyandthebeast,0.2369131092228374
371,882,next,0.24207950323893176
371,1020,more,0.1843656767435642
371,1315,opens,0.3073421845661534
371,1814,sounding,0.32932087050049696
371,2213,week,0.29174805872666926
371,2235,cast,0.32932087050049696
371,2236,onstage,0.3668936822743247
371,2237,tickets,0.32932087050049696
371,2238,visit,0.32932087050049696
372,6,have,0.13543217375958355
372,38,user,0.12982182802644884
372,310,while,0.21521280541502688
372,516,we,0.14382400215778288
372,697,havent,0.25339095261857253
372,707,obama,0.18527080514165167
372,847,dont,0.1690359052894604
372,1245,admin,0.2343018790167997
372,1408,still,0.20576533977915748
372,2239,cases,0.3186569263459118
372,2240,courts,0.3186569263459118
372,2241,forgotten,0.3186569263459118
372,2242,jurisdiction,0.3186569263459118
372,2243,litigating,0.3186569263459118
372,2244,multiple,0.3186569263459118
372,2245,says,0.25339095261857253
373,38,user,0.07198373305375338
373,1834,tax,0.38974779903042195
373,2246,____5tip,0.5300676042816261
373,2247,______100total,0.5300676042816261
373,2248,_____slice,0.5300676042816261
374,6,have,0.17179167475407714
374,12,the,0.06458703134637195
374,38,user,0.05489170615122825
374,42,by,0.17959216530985342
374,260,real,0.32141886901372463
374,355,players,0.32141886901372463
374,399,best,0.2610071989965517
374,531,they,0.20109112416063168
374,1541,keep,0.2879992428282749
374,1955,because,0.27299102749692494
374,2249,madrid,0.40420681090247257
374,2250,winning,0.3628128399580986
374,2251,worlds,0.40420681090247257
375,12,the,0.059036935279593916
375,14,to,0.07334014155202394
375,25,of,0.08600397830157214
375,30,and,0.09705919279868513
375,69,just,0.15930405591707572
375,116,in,0.09632151790971659
375,119,security,0.22164785356378736
375,446,medicare,0.24378102245047242
375,478,time,0.22541397510189687
375,1063,care,0.28161792457564916
375,1231,social,0.24378102245047242
375,1769,health,0.28161792457564916
375,2252,destroy,0.3694724906436003
375,2253,education,0.3316355885184236
375,2254,freedom,0.3316355885184236
375,2255,medicaid,0.3095024196317386
375,2256,press,0.3316355885184236
376,0,a,0.08994606103625613
376,8,is,0.09935006699053024
376,283,top,0.3192858921606061
376,316,new,0.22685274201057654
376,2257,clinton,0.33635193332932944
376,2258,donor,0.4015244426452094
376,2259,foundation,0.36040516740290773
376,2260,shareholder,0.4015244426452094
376,2261,times,0.3192858921606061
376,2262,york,0.4015244426452094
377,8,is,0.07612794003351311
377,12,the,0.14748601887175797
377,14,to,0.06107275865960005
377,25,of,0.0716183538703907
377,290,this,0.10963125437354714
377,366,used,0.21921770195129095
377,458,us,0.1546064970190025
377,516,we,0.13886599449818024
377,1340,help,0.2077938299889246
377,2213,week,0.24465587178986187
377,2263,25th,0.3076719484708335
377,2264,anniversary,0.3076719484708335
377,2265,investigate,0.3076719484708335
377,2266,seethinkwonder,0.3076719484708335
377,2267,uncrc,0.615343896941667
378,0,a,0.10241978676667784
378,20,at,0.20006998606304952
378,25,of,0.10642658792426278
378,761,minimum,0.2839470041654807
378,766,wage,0.28935384368888784
378,1197,piece,0.3829972418276746
378,2268,braking,0.4572078790727137
378,2269,patriarchal,0.4572078790727137
378,2270,vxvmu,0.4572078790727137
379,8,is,0.07449293394259678
379,17,with,0.11403840883326657
379,21,israel,0.19053486339356274
379,26,palestine,0.4171400794547221
379,38,user,0.04088481207063564
379,95,no,0.16159658672981048
379,116,in,0.15697486149720827
379,290,this,0.1072766948179275
379,850,theres,0.23940137731150377
379,1020,more,0.15128600044166143
379,1120,hope,0.20857003972736105
379,1280,fire,0.22136620097770549
379,1618,support,0.20857003972736105
379,1746,massacre,0.2702327148956465
379,1889,soon,0.2702327148956465
379,2271,aint,0.2702327148956465
379,2272,either,0.30106405247978923
379,2273,nor,0.30106405247978923
379,2274,settled,0.30106405247978923
380,14,to,0.08261566144369044
380,21,israel,0.26340153312210657
380,239,all,0.19252224873469617
380,1144,jerusalem,0.29654490552515494
380,1155,blessings,0.3735784104572814
380,1157,shalom,0.3735784104572814
380,2275,hashems,0.41620064474672946
380,2276,shabbatshalom,0.41620064474672946
380,2277,sshabbat,0.41620064474672946
381,12,the,0.06356307013133886
381,80,for,0.10253454279386826
381,713,fatty,0.316323102126951
381,716,kim,0.24705107871525692
381,719,third,0.2834333098775322
381,1948,international,0.3332307802175362
381,2278,center,0.3977985260101589
381,2279,csis,0.3977985260101589
381,2280,strategic,0.3977985260101589
381,2281,studies,0.3977985260101589
382,30,and,0.09410622679600934
382,38,user,0.04864821350160008
382,71,not,0.14424764493206857
382,80,for,0.18467190067139122
382,138,its,0.17159419070480691
382,465,if,0.18001290152866012
382,516,we,0.16168577049001986
382,564,does,0.2363641353876785
382,847,dont,0.19002878641369703
382,972,ask,0.2634002619015609
382,1457,voters,0.2848600427930518
382,2282,anyones,0.3582315182809157
382,2283,curtains,0.3582315182809157
382,2284,everyonemother,0.3582315182809157
382,2285,nature,0.3582315182809157
382,2286,registration,0.3000859996454928
383,8,is,0.11017627810834278
383,38,user,0.06046931147285481
383,239,all,0.20597290679873023
383,374,here,0.2628784723801749
383,779,blackfriday,0.28752842131190937
383,1260,20,0.3730043196881108
383,1517,t,0.3730043196881108
383,2287,off,0.33939864668361924
383,2288,shirts,0.44527869985626284
383,2289,strangerthings,0.44527869985626284
384,0,a,0.06226998412423751
384,10,my,0.11814275119869848
384,12,the,0.04441710918727665
384,31,are,0.11051549039829807
384,33,guy,0.1925757572909571
384,40,you,0.09852695370764149
384,48,me,0.14261933385309647
384,67,i,0.16692957579403936
384,199,on,0.08568528722472497
384,276,that,0.10121217350580587
384,278,why,0.1667592815623536
384,290,this,0.0990501357301279
384,335,passed,0.22104278060514285
384,465,if,0.13968456898534648
384,525,day,0.17263632350445293
384,542,was,0.12546326941108876
384,1378,already,0.1925757572909571
384,1552,cubs,0.21187844602249292
384,1785,other,0.20439063945918928
384,2175,went,0.23285766277337505
384,2290,asked,0.27797682723351436
384,2291,date,0.2495098039193286
384,2292,fr,0.27797682723351436
384,2293,jersey,0.27797682723351436
384,2294,niggaaaaa,0.27797682723351436
384,2295,rn,0.27797682723351436
384,2296,wearing,0.27797682723351436
385,280,cy,0.256203053085314
385,284,young,0.2314399273225236
385,391,her,0.2314399273225236
385,571,latest,0.2502979777231791
385,683,sport,0.34050114448126073
385,2297,clarifies,0.37934953386795167
385,2298,kate,0.34050114448126073
385,2299,nsfw,0.37934953386795167
385,2300,rant,0.37934953386795167
385,2301,upton,0.3177762934766328
386,0,a,0.1014544427986627
386,8,is,0.2241233373070364
386,12,the,0.07236733920361656
386,761,minimum,0.5625413994970538
386,766,wage,0.2866265778309399
386,2036,goal,0.40651814008711273
386,2302,bandaid,0.452898527509648
386,2303,income,0.40651814008711273
387,17,with,0.16416322365269326
387,20,at,0.18964956973855832
387,38,user,0.05885545595224206
387,116,in,0.11298605250400263
387,269,work,0.2859574475132933
387,843,their,0.2558625520138344
387,1286,supremacists,0.2798546225077738
387,2304,fabrications,0.43339472978167565
387,2305,jew,0.36304926867332804
387,2306,jewmedia,0.43339472978167565
387,2307,kiddieshit,0.43339472978167565
388,8,is,0.0844791194118081
388,67,i,0.10251511478088461
388,265,get,0.17333682939168918
388,290,this,0.12165772284672446
388,374,here,0.20156554786830178
388,387,am,0.23058866125818678
388,606,these,0.23058866125818678
388,1147,david,0.22527395713586718
388,1385,blaine,0.25104155167984776
388,1931,magic,0.3064588892181122
388,2308,drops,0.34142333633471567
388,2309,howd,0.34142333633471567
388,2310,jeff,0.34142333633471567
388,2311,keyswoah,0.34142333633471567
388,2312,street,0.34142333633471567
389,0,a,0.07660421543443352
389,25,of,0.07960107638062752
389,30,and,0.08983324227536295
389,80,for,0.08814334693508478
389,277,today,0.22563179252223967
389,457,special,0.2719256962057227
389,512,our,0.19320330563297675
389,1144,jerusalem,0.24365213795041887
389,2111,gem,0.3069456824383534
389,2313,firefighting,0.34196566867098405
389,2314,heroes,0.34196566867098405
389,2315,hidden,0.34196566867098405
389,2316,police,0.3069456824383534
389,2317,prayers,0.34196566867098405
389,2318,rain,0.3069456824383534
390,0,a,0.08119819459559359
390,12,the,0.11583716058017798
390,28,protesting,0.3253533126285845
390,31,are,0.14410889004379274
390,38,user,0.04922427341380621
390,77,as,0.3148760652660015
390,116,in,0.09449686949866917
390,184,trump,0.14232362304669693
390,438,over,0.2174491094763415
390,819,against,0.258264034149191
390,2319,benghazi,0.3624734585725893
390,2320,organic,0.3624734585725893
390,2321,protest,0.2882331666845798
390,2322,spontaneous,0.3624734585725893
390,2323,videosorosprotestors,0.3624734585725893
391,67,i,0.15683005227595143
391,81,how,0.2357450560436328
391,276,that,0.1901773294082137
391,464,hatchimals,0.3305598757482794
391,641,did,0.3305598757482794
391,2324,become,0.4153386321462641
391,2325,iso,0.5223175119108143
391,2326,mom,0.4688280720285392
392,12,the,0.08541750852681063
392,14,to,0.05305604141466024
392,25,of,0.12443473759474434
392,30,and,0.0702149797344974
392,42,by,0.11875693147618635
392,261,rights,0.2037292532193643
392,323,been,0.1659964471438734
392,413,has,0.12920954601079307
392,547,gun,0.1691573051138332
392,1140,working,0.21254111245198043
392,1440,3d,0.19044208463516135
392,1442,printing,0.19652943998668201
392,1618,support,0.18516897757913162
392,1805,works,0.23991324732482924
392,2254,freedom,0.23991324732482924
392,2327,activities,0.26728538219767806
392,2328,imura,0.5345707643953561
392,2329,operated,0.26728538219767806
392,2330,protect,0.26728538219767806
392,2331,workplease,0.26728538219767806
393,8,is,0.10492865904218938
393,290,this,0.15110694582653095
393,734,bannon,0.26336710587206336
393,739,steve,0.26336710587206336
393,1020,more,0.2130972203408188
393,1989,than,0.2503577546047301
393,2332,19thcentury,0.4240703868215826
393,2333,drunk,0.4240703868215826
393,2334,kempt,0.4240703868215826
393,2335,wheelbarrow,0.4240703868215826
394,12,the,0.061964298338509166
394,14,to,0.07697673312132274
394,116,in,0.1010976474965959
394,411,conflict,0.3480798325540047
394,516,we,0.17502812764186823
394,657,cannot,0.3480798325540047
394,1398,yemen,0.32484918425601955
394,2336,afford,0.3877928881248248
394,2337,ignore,0.3877928881248248
394,2338,protecthumanity,0.3877928881248248
394,2339,stopindifference,0.3877928881248248
395,6,have,0.14693613588963716
395,12,the,0.05524230919923279
395,25,of,0.1609520663360639
395,116,in,0.09013040818782495
395,184,trump,0.13574720843159338
395,290,this,0.12319032742898754
395,533,u,0.21092538851201698
395,796,biggest,0.2896090097196659
395,983,1,0.23349354251514945
395,1093,2016,0.2281118854719577
395,1519,year,0.2542040918247731
395,1552,cubs,0.2635168033668505
395,1743,winners,0.2896090097196659
395,2340,bucks,0.3103195590292896
395,2341,common,0.34572447692418234
395,2342,penguins,0.34572447692418234
395,2343,trends,0.34572447692418234
396,38,user,0.042357560870995466
396,265,get,0.158352705361622
396,292,cant,0.21065539541765285
396,479,gave,0.2612821742385137
396,531,they,0.1551733427411469
396,579,bullshit,0.27996701197381213
396,1286,supremacists,0.20140799210733015
396,1287,white,0.18711528382670933
396,2066,lets,0.2612821742385137
396,2344,altrighta,0.3119089530593746
396,2345,ca,0.3119089530593746
396,2346,name,0.2612821742385137
396,2347,normalized,0.3119089530593746
396,2348,remember,0.27996701197381213
396,2349,rt,0.27996701197381213
396,2350,themselvesrebranding,0.3119089530593746
397,12,the,0.051224105758885426
397,14,to,0.12726890884293687
397,38,user,0.04353472365213645
397,69,just,0.13822207689931112
397,71,not,0.12908554924391127
397,199,on,0.09881670138130164
397,210,land,0.24434917367817838
397,243,fossil,0.20288420574382163
397,244,fuels,0.20700533971795324
397,273,it,0.1193550729405864
397,340,going,0.19558314206973101
397,344,she,0.20700533971795324
397,405,doesnt,0.20700533971795324
397,542,was,0.14469072613600203
397,919,know,0.20288420574382163
397,1343,prevent,0.268543490626063
397,2321,protest,0.5098359158501633
397,2351,dapl,0.2877476003662023
397,2352,sacred,0.32057724280732297
397,2353,whole,0.268543490626063
398,0,a,0.14672342867292562
398,14,to,0.06500682359851573
398,17,with,0.1240485111057173
398,25,of,0.07623172423596974
398,38,user,0.04447361302291273
398,40,you,0.11607689216558635
398,80,for,0.08441241780024561
398,159,deep,0.24961891752122098
398,162,learning,0.24079735872641217
398,458,us,0.16456563449044243
398,525,day,0.20338686169828757
398,680,full,0.22687797167766155
398,1108,looking,0.2604156329081203
398,1484,important,0.24961891752122098
398,1582,thank,0.21146970969324258
398,2354,continued,0.3274909553690378
398,2355,forward,0.3274909553690378
398,2356,partnership,0.3274909553690378
398,2357,resources,0.293953294138579
398,2358,sharing,0.3274909553690378
399,8,is,0.08215368668852308
399,37,up,0.16357253620410728
399,38,user,0.09017870188220593
399,344,she,0.21439751137060412
399,427,an,0.17412471810293062
399,530,people,0.16201511957527578
399,1408,still,0.21439751137060412
399,1483,any,0.24413120219650583
399,2359,beashamed,0.33202507313862795
399,2360,blind,0.2980230824259575
399,2361,filibusting,0.33202507313862795
399,2362,lately,0.33202507313862795
399,2363,mp,0.33202507313862795
399,2364,sheryll,0.33202507313862795
399,2365,stitched,0.33202507313862795
400,119,security,0.3331538885003877
400,426,your,0.2709867956176574
400,1231,social,0.36642175534807114
400,1530,number,0.46520610483114005
400,2031,14,0.49847397167882346
400,2205,whats,0.46520610483114005
401,38,user,0.06773038172534766
401,67,i,0.1497528585036179
401,77,as,0.21662763731785378
401,138,its,0.23890168213281698
401,141,so,0.2215971549109143
401,158,business,0.380153160951192
401,360,pelosi,0.3455201991096119
401,531,they,0.24812452656245426
401,1120,hope,0.3455201991096119
401,1541,keep,0.3553596712703688
401,2366,usual,0.4987471426554903
402,1,about,0.1773511409353195
402,38,user,0.051626819517316555
402,46,like,0.18728878611781144
402,71,not,0.15307956026917466
402,122,via,0.2147851806869318
402,426,your,0.18550556090982437
402,707,obama,0.22103237716527818
402,987,drone,0.27952758802866484
402,990,strikes,0.27952758802866484
402,1215,americans,0.30230129656227256
402,1423,killing,0.31845949991281425
402,1515,head,0.2897680203390857
402,1629,hes,0.2897680203390857
402,2367,talking,0.34123320844642197
402,2368,thug,0.38016512033057137
403,14,to,0.057949659378686555
403,20,at,0.1277495820121837
403,67,i,0.0876568686432622
403,116,in,0.07610837715314028
403,138,its,0.13983955684468483
403,290,this,0.10402500210634504
403,320,euthanasia,0.2022480172304246
403,478,time,0.1781106880886593
403,487,look,0.17513488990101375
403,494,means,0.20800748871786648
403,672,what,0.1438237997484559
403,952,take,0.18130711062438226
403,1307,o,0.26204161848883895
403,1815,wonder,0.26204161848883895
403,1882,fresh,0.5240832369776779
403,2194,dear,0.26204161848883895
403,2369,andrews,0.29193841911804613
403,2370,context,0.29193841911804613
403,2371,daniel,0.29193841911804613
404,10,my,0.14421355730814958
404,199,on,0.10459363739435469
404,290,this,0.12090773475786602
404,309,watching,0.21073233931471153
404,424,thankyouobama,0.20355839832959016
404,457,special,0.2698207497702464
404,502,life,0.21474504564494917
404,842,right,0.19170774042825733
404,935,getting,0.2698207497702464
404,1306,now,0.18212974662637804
404,1938,bet,0.2698207497702464
404,2372,af,0.339318550633343
404,2373,concert,0.339318550633343
404,2374,entire,0.2698207497702464
404,2375,iseeyoubradleycooper,0.339318550633343
404,2376,lit,0.339318550633343
405,12,the,0.050303166506006566
405,25,of,0.07328077618179366
405,31,are,0.12516075937222457
405,59,but,0.15982741465102354
405,67,i,0.09452535745336128
405,239,all,0.1456236140481516
405,383,horrible,0.2637154465253663
405,987,drone,0.23147603608408415
405,990,strikes,0.23147603608408415
405,2191,memory,0.2637154465253663
405,2377,crazily,0.3148137031201566
405,2378,dated,0.3148137031201566
405,2379,hagar,0.3148137031201566
405,2380,harambe,0.3148137031201566
405,2381,jokes,0.28257429267887446
405,2382,repress,0.3148137031201566
405,2383,sammy,0.3148137031201566
406,12,the,0.0523606659768597
406,14,to,0.13009275079455132
406,25,of,0.07627810554871817
406,254,from,0.14026966676110023
406,287,microsoft,0.2605740763781525
406,413,has,0.15841009639304296
406,427,an,0.17185137482708895
406,2169,community,0.27450193233470294
406,2324,become,0.2605740763781525
406,2384,active,0.2941321427715532
406,2385,cloudcomputing,0.3276902091649539
406,2386,gaming,0.3276902091649539
406,2387,member,0.2941321427715532
406,2388,networking,0.3276902091649539
406,2389,open,0.2941321427715532
406,2390,source,0.3276902091649539
407,8,is,0.10540794018924914
407,38,user,0.05785224983501333
407,40,you,0.15099536352433718
407,48,me,0.2185681922598295
407,80,for,0.10980552178752356
407,276,that,0.15511053936515007
407,681,powerful,0.3387543586391757
407,1020,more,0.21407058149050362
407,1582,thank,0.2750844297585689
407,1989,than,0.25150131016807725
407,2391,always,0.32470975480546804
407,2392,darkness,0.38238088287472494
407,2393,light,0.38238088287472494
407,2394,reminding,0.4260074071102742
408,38,user,0.060254649142699394
408,42,by,0.19713839609412015
408,122,via,0.25067989514638717
408,1174,leftists,0.2996623667629277
408,1596,attack,0.33819380239857383
408,2222,fakenews,0.39825980842922687
408,2395,siliconvalley,0.4436979879058278
408,2396,socalled,0.4436979879058278
408,2397,under,0.37168017733437775
409,389,be,0.13660625354391978
409,501,fidel,0.2697698340145888
409,986,could,0.22912389805021946
409,1344,victory,0.2697698340145888
409,2398,apple,0.33925452049322646
409,2399,castros,0.3045121772539076
409,2400,fakeheadlinebot,0.33925452049322646
409,2401,javascript,0.33925452049322646
409,2402,learntocode,0.33925452049322646
409,2403,makeatwitterbot,0.33925452049322646
409,2404,shortlived,0.33925452049322646
410,10,my,0.20697126898385937
410,38,user,0.06613246011526644
410,199,on,0.15010986666732687
410,338,wow,0.40793739326219414
410,464,hatchimals,0.3081960908166313
410,779,blackfriday,0.31445639765472355
410,1030,list,0.40793739326219414
410,2405,daughters,0.48698050533684634
410,2406,wish,0.40793739326219414
411,35,president,0.27291935261761013
411,71,not,0.1831883488995261
411,80,for,0.11726271367571058
411,184,trump,0.17862970861383734
411,542,was,0.20533402365468836
411,739,steve,0.28253775866443964
411,991,true,0.36176008926372694
411,1287,white,0.27291935261761013
411,2407,bannons,0.4549387297695986
411,2408,favorite,0.3810964042346066
411,2409,supremacist,0.40834940951666276
412,116,in,0.20707377897705817
412,611,remains,0.31580692232741536
412,618,cuba,0.536449253781186
412,1969,private,0.3564781579862497
412,2399,castros,0.3564781579862497
412,2410,buried,0.397149393645084
412,2411,ceremony,0.397149393645084
413,0,a,0.08127076432429704
413,12,the,0.11594068839085099
413,20,at,0.15875683009121058
413,31,are,0.14423768530957815
413,38,user,0.09853653381266933
413,40,you,0.1285910209706948
413,116,in,0.09458132472845598
413,138,its,0.17378127126791315
413,251,when,0.19711471722207213
413,276,that,0.13209559654502212
413,308,thanksgiving,0.21418412787732918
413,353,game,0.2884907709677023
413,388,back,0.2296041495413462
413,491,great,0.21093459281309973
413,781,happy,0.23937675139873626
413,865,team,0.27653007294392284
413,905,youre,0.23937675139873626
413,2412,different,0.3627974140580755
413,2413,level,0.3627974140580755
413,2414,plays,0.3627974140580755
414,8,is,0.2219289416924232
414,38,user,0.12180380868233366
414,184,trump,0.3521750175330012
414,239,all,0.4148928427061556
414,667,cabinet,0.5918008052891619
414,1287,white,0.5380705065190746
415,0,a,0.12358060635366878
415,8,is,0.1365011583444253
415,17,with,0.2089644490776973
415,81,how,0.24899359020233106
415,184,trump,0.21661121558380406
415,273,it,0.20539428416720823
415,290,this,0.19657425652334365
415,667,cabinet,0.3639971191458723
415,836,exactly,0.4056323365521656
415,842,right,0.3116823470386218
415,1153,thats,0.38218459808102356
415,1383,moment,0.43868006779613133
416,8,is,0.08202735642807248
416,12,the,0.05297173956029534
416,25,of,0.07716830689405509
416,38,user,0.04502001565406303
416,40,you,0.11750301239697726
416,277,today,0.21873602973853018
416,320,euthanasia,0.2296653935273514
416,426,your,0.16176598392381708
416,1221,make,0.2140678256980171
416,1224,action,0.26361509832911856
416,2415,barbara,0.3315145079326529
416,2416,barbiturates,0.3315145079326529
416,2417,exit,0.3315145079326529
416,2418,feast,0.29756480313088574
416,2419,seech2,0.3315145079326529
416,2420,st,0.29756480313088574
416,2421,suggests,0.3315145079326529
417,12,the,0.053025146129279915
417,14,to,0.1317436856950916
417,237,trumptransitionteam,0.21428365074351152
417,273,it,0.12355159919697865
417,337,weeks,0.2779854840129421
417,667,cabinet,0.21895656130797855
417,668,his,0.3442186288041793
417,707,obama,0.19294067963318007
417,726,after,0.21428365074351152
417,1166,took,0.25294049449768524
417,1577,election,0.2298969441765202
417,2346,name,0.2779854840129421
417,2422,2008,0.2978648105559336
417,2423,failingnytimes,0.33184874374564033
417,2424,three,0.2978648105559336
417,2425,worstpresidentever,0.33184874374564033
418,12,the,0.0706659746457552
418,38,user,0.18017437096663372
418,80,for,0.11399234471233015
418,122,via,0.24986228207893926
418,357,nbawards,0.2855732446926589
418,1549,wins,0.39696085135322806
418,1907,award,0.3704679119082952
418,2426,author,0.44225083047543107
418,2427,railroad,0.39696085135322806
418,2428,underground,0.39696085135322806
419,12,the,0.10142740011564387
419,14,to,0.1260007797916006
419,38,user,0.12930280878617256
419,69,just,0.13684480861874174
419,146,within,0.28488043434117566
419,199,on,0.09783207496375688
419,292,cant,0.21435239859082567
419,981,see,0.17931459790423165
419,1184,january,0.28488043434117566
419,1836,2nd,0.28488043434117566
419,2234,v,0.28488043434117566
419,2237,tickets,0.28488043434117566
419,2238,visit,0.28488043434117566
419,2429,12,0.28488043434117566
419,2430,booked,0.3173829566419331
419,2431,months,0.28488043434117566
419,2432,waitsecond,0.3173829566419331
420,10,my,0.18322367844496315
420,37,up,0.21238440197843123
420,69,just,0.18587793388335483
420,734,bannon,0.2677359542144214
420,739,steve,0.2677359542144214
420,2433,dried,0.4311050512318321
420,2434,estrogen,0.4311050512318321
420,2435,married,0.4311050512318321
420,2436,somebody,0.4311050512318321
421,14,to,0.09518825319812649
421,69,just,0.20676091549900524
421,136,go,0.2638383897664959
421,361,should,0.29256505485710244
421,531,they,0.23856844309082406
421,673,aleppo,0.341673613192366
421,677,syria,0.3655122248519577
421,1250,home,0.381321649479494
421,1701,said,0.3322130911442304
421,2437,refugees,0.47953876615002106
422,145,will,0.19970421701233132
422,660,ali,0.3254395363442928
422,664,muhammad,0.3254395363442928
422,804,better,0.2916018600312449
422,1757,nobody,0.36735130945494665
422,1989,than,0.24161599012298512
422,1996,played,0.36735130945494665
422,2438,couldve,0.4092630825656005
422,2439,smith,0.4092630825656005
423,9,most,0.22342962793595464
423,30,and,0.0978394285624489
423,40,you,0.13200968727087067
423,48,me,0.19108612366716232
423,291,ben,0.2653670884104983
423,405,doesnt,0.24049618940558706
423,483,place,0.283881784083801
423,518,first,0.24574072010257705
423,1079,win,0.24574072010257705
423,1154,verlander,0.2653670884104983
423,2091,retweeted,0.311990435962855
423,2186,votes,0.33430152812947733
423,2440,kidding,0.3724425921107013
423,2441,verly32are,0.3724425921107013
424,27,politics,0.3362539048762301
424,184,trump,0.1576108732092088
424,536,michael,0.3059592455993548
424,537,moore,0.31919283753833844
424,667,cabinet,0.26485195440871195
424,862,pick,0.3362539048762301
424,2442,betsy,0.4014074199196241
424,2443,devos,0.4014074199196241
424,2444,pans,0.4014074199196241
425,17,with,0.14842890002484843
425,25,of,0.09121424251275088
425,38,user,0.10642883823887295
425,40,you,0.13889054587489402
425,68,im,0.18942862889580617
425,81,how,0.1768618770804798
425,389,be,0.15778697884053403
425,469,some,0.22782944344447276
425,562,can,0.18280494582620546
425,668,his,0.4064624358780857
425,681,powerful,0.31159750002066344
425,685,words,0.31159750002066344
425,1152,sure,0.2714683753623219
425,1885,understand,0.3282525915671105
425,2011,supporters,0.31159750002066344
425,2051,especially,0.351726624679005
426,8,is,0.08060894310035459
426,14,to,0.12933518299867766
426,38,user,0.044241531584863686
426,69,just,0.14046618119663268
426,77,as,0.2830026411903565
426,140,say,0.21036617456322884
426,265,get,0.16539588379844702
426,273,it,0.12129286202682776
426,345,suppression,0.23212117989010342
426,348,voter,0.21495365623115908
426,562,can,0.1519808149458009
426,626,anyone,0.22569402995695012
426,627,else,0.24831630427698728
426,1028,id,0.23212117989010342
426,2445,amounts,0.3257819740944347
426,2446,easily,0.3257819740944347
426,2447,ids,0.3257819740944347
426,2448,minorities,0.3257819740944347
426,2449,racist,0.27290342801703904
427,12,the,0.08603141016962314
427,96,one,0.2925298671788729
427,116,in,0.14036426478113292
427,963,another,0.4103869393887737
427,1577,election,0.37299960009486455
427,2450,lockerhttpstcongwsvyi9ft,0.5384127620855468
427,2451,tory,0.5384127620855468
428,0,a,0.09827780746238582
428,174,would,0.2513707298042209
428,304,black,0.28946968175495724
428,389,be,0.17665674956948071
428,644,really,0.2590051497120487
428,937,model,0.29629890307494205
428,938,s,0.28329189961458545
428,941,tesla,0.28329189961458545
428,2452,satisfied,0.4387178427949331
428,2453,specifically,0.4387178427949331
428,2454,w,0.3343978550256783
429,14,to,0.06854292579480467
429,30,and,0.0907105019014014
429,38,user,0.046892793533230975
429,44,he,0.16849525204807242
429,71,not,0.13904261933959453
429,81,how,0.15585150835190478
429,145,will,0.16849525204807242
429,184,trump,0.1355825451058516
429,273,it,0.128561578506126
429,276,that,0.2514531938868857
429,413,has,0.16692538847707966
429,542,was,0.15585150835190478
429,934,definitely,0.2892577098052426
429,1651,stupid,0.2892577098052426
429,1662,realize,0.2745811657014408
429,1968,obamacare,0.2538957385874531
429,2391,always,0.2631971536758361
429,2455,decimate,0.34530510813701976
429,2456,hated,0.34530510813701976
429,2457,woman,0.34530510813701976
430,0,a,0.06595782434416568
430,59,but,0.1494836889868204
430,96,one,0.15997459851988144
430,116,in,0.0767604249147309
430,138,its,0.14103761247841526
430,174,would,0.16870407337930493
430,240,come,0.21649534819446983
430,374,here,0.17382781128364133
430,512,our,0.16635206853021237
430,516,we,0.2657872617712879
430,888,little,0.24664828543646763
430,2391,always,0.2244266081260624
430,2458,handy,0.29443956025163254
430,2459,knew,0.29443956025163254
430,2460,mightve,0.29443956025163254
430,2461,musical,0.29443956025163254
430,2462,skills,0.29443956025163254
430,2463,stalled,0.29443956025163254
430,2464,statues,0.29443956025163254
431,14,to,0.09741998697551989
431,238,way,0.32382190065937433
431,459,walk,0.411121672952154
431,843,their,0.2897420529564149
431,1071,robots,0.3496843132292531
431,1440,3d,0.3496843132292531
431,1895,printed,0.4405218483409392
431,2465,success,0.4405218483409392
432,8,is,0.07557557436635383
432,38,user,0.041479010042479385
432,176,college,0.21762711205567387
432,177,electoral,0.21762711205567387
432,238,way,0.20153155973764603
432,494,means,0.21762711205567387
432,531,they,0.1519548460660422
432,562,can,0.1424908569747134
432,605,states,0.25586284257886394
432,747,vote,0.43525422411134773
432,1012,want,0.20153155973764603
432,1387,ridiculous,0.25586284257886394
432,1483,any,0.22458341883915622
432,2466,given,0.3054395562504677
432,2467,nothingelectors,0.3054395562504677
432,2468,small,0.27416013251076005
432,2469,weightpop,0.3054395562504677
433,18,4,0.18324200685622974
433,47,looks,0.21629892745499826
433,103,galaxy,0.20865490061301767
433,105,note,0.20865490061301767
433,109,samsung,0.22565446020633576
433,123,west,0.25471539927911496
433,199,on,0.08747296420804386
433,2316,police,0.25471539927911496
433,2470,cumbria1800,0.2837763383518942
433,2471,essex2000,0.2837763383518942
433,2472,googling,0.2837763383518942
433,2473,kent,0.2837763383518942
433,2474,lancs1500,0.2837763383518942
433,2475,popular7000,0.2837763383518942
433,2476,wales2000,0.2837763383518942
433,2477,yorks5000,0.2837763383518942
434,14,to,0.07759513161915955
434,50,too,0.2427719034628661
434,90,comey,0.27852395748110303
434,2478,cute,0.35087615862359034
434,2479,hayla,0.39090825207655594
434,2480,ni,0.39090825207655594
434,2481,resist,0.35087615862359034
434,2482,sgt,0.39090825207655594
434,2483,zamnnn,0.39090825207655594
435,8,is,0.0846528346576142
435,14,to,0.06791175669037629
435,35,president,0.20524224229224552
435,38,user,0.04646098700972308
435,199,on,0.10545884053165529
435,257,or,0.18588322446354255
435,416,pipeline,0.22573719019404814
435,672,what,0.16854847810192458
435,707,obama,0.19891565082291518
435,1005,calls,0.2607735350478395
435,1020,more,0.17191951106756576
435,1484,important,0.2607735350478395
435,1721,water,0.2720527187984372
435,2484,company,0.3421254085060199
435,2485,profits,0.3421254085060199
435,2486,reroute,0.30708906365222854
435,2487,safe,0.30708906365222854
435,2488,senator,0.3421254085060199
436,14,to,0.06530033932068656
436,38,user,0.044674418167993904
436,50,too,0.2043051843956112
436,71,not,0.13246487682906552
436,308,thanksgiving,0.1942132714335159
436,426,your,0.16052418254806555
436,768,enjoy,0.27557368440841673
436,2489,buy,0.2952805380898671
436,2490,codes,0.32896962697531745
436,2491,coupon,0.32896962697531745
436,2492,discount,0.32896962697531745
436,2493,fave,0.32896962697531745
436,2494,late,0.32896962697531745
436,2495,sextoys,0.32896962697531745
436,2496,using,0.24188459552296632
437,12,the,0.07735953879238294
437,38,user,0.06574689969280591
437,40,you,0.34320106989875626
437,44,he,0.23624185296762323
437,238,way,0.3194404888023147
437,562,can,0.45171435244303854
437,716,kim,0.3006739206914141
437,1006,jongun,0.3849815504404324
437,1340,help,0.326976786846964
437,1575,show,0.4055590678013013
438,8,is,0.10357496561399752
438,12,the,0.06688678438981784
438,30,and,0.10996467331899867
438,44,he,0.20425998047512045
438,1407,internet,0.37573153145856736
438,2449,racist,0.3506554246421143
438,2497,farright,0.37573153145856736
438,2498,ha,0.4185994192044291
438,2499,personified,0.4185994192044291
438,2500,stevebannon,0.4185994192044291
439,8,is,0.26553978542547363
439,38,user,0.04857974955836441
439,80,for,0.09220600346185641
439,239,all,0.16547422129293596
439,251,when,0.19436006578272552
439,290,this,0.12746725993751112
439,320,euthanasia,0.2478250426546668
439,502,life,0.45279092538348287
439,562,can,0.1668836874144099
439,672,what,0.17623480217760804
439,2501,alcoholics,0.35772736940128613
439,2502,devalued,0.35772736940128613
439,2503,happen,0.35772736940128613
439,2504,valuable,0.35772736940128613
440,30,and,0.3386115176052922
440,38,user,0.04376130561017672
440,1831,cuts,0.2699411590805872
440,2505,cheese,0.322245727485412
440,2506,chicken,0.322245727485412
440,2507,crinkle,0.28924521903109446
440,2508,curds,0.322245727485412
440,2509,custard,0.322245727485412
440,2510,frozen,0.322245727485412
440,2511,tendermomentssweepstakes,0.322245727485412
440,2512,tenders,0.322245727485412
441,25,of,0.0630798247372661
441,30,and,0.07118829839955974
441,124,who,0.14211620132630792
441,199,on,0.08353177470238922
441,254,from,0.11599902660919735
441,278,why,0.162568151291431
441,723,hezbollah,0.20655334411175538
441,2513,afghanistan,0.27099048689720284
441,2514,assadmustgo,0.27099048689720284
441,2515,focus,0.27099048689720284
441,2516,irans,0.27099048689720284
441,2517,iraq,0.27099048689720284
441,2518,mullahs,0.27099048689720284
441,2519,murder,0.27099048689720284
441,2520,nusra,0.27099048689720284
441,2521,overlook,0.27099048689720284
441,2522,syrians,0.27099048689720284
441,2523,terrorists,0.27099048689720284
441,2524,tyrants,0.27099048689720284
442,25,of,0.08543071069370822
442,44,he,0.17908625352700755
442,80,for,0.09459857974255975
442,141,so,0.1630652220098886
442,184,trump,0.14410477299227406
442,389,be,0.1477823349645815
442,429,asking,0.3074394021384288
442,497,state,0.2918403436111068
442,562,can,0.17121401230815936
442,2525,aides,0.36700973700050626
442,2526,apology,0.36700973700050626
442,2527,mull,0.36700973700050626
442,2528,romney,0.36700973700050626
442,2529,sec,0.36700973700050626
443,25,of,0.07244973995891603
443,396,allen,0.20097834110426363
443,400,grayson,0.19697719470524852
443,517,2,0.18671612255935316
443,1239,lot,0.21562217325129082
443,2530,allenedmonds,0.31124357730568564
443,2531,brownblack,0.31124357730568564
443,2532,career,0.31124357730568564
443,2533,dress,0.2793697759542207
443,2534,edmonds,0.31124357730568564
443,2535,grays,0.31124357730568564
443,2536,leather,0.31124357730568564
443,2537,loafters,0.31124357730568564
443,2538,office,0.2793697759542207
444,12,the,0.08784877524209186
444,14,to,0.05456619301894824
444,19,altright,0.20952806614219585
444,40,you,0.09743398850042634
444,71,not,0.11069014514287823
444,116,in,0.07166469039893243
444,184,trump,0.10793562195454043
444,564,does,0.18137682916732709
444,685,words,0.21859074023023803
444,734,bannon,0.17072125876336905
444,739,steve,0.17072125876336905
444,1057,plan,0.20952806614219585
444,1456,nothing,0.20952806614219585
444,2539,actions,0.2748932141799756
444,2540,disavowing,0.2748932141799756
444,2541,dump,0.2748932141799756
444,2542,install,0.2748932141799756
444,2543,neonazi,0.5497864283599512
444,2544,wh,0.2748932141799756
445,80,for,0.19221224274930973
445,1005,calls,0.28419877797452003
445,1544,isis,0.2741551632749174
445,2487,safe,0.334674822747225
445,2545,ciivlians,0.3728584765843166
445,2546,exits,0.3728584765843166
445,2547,mosuls,0.3728584765843166
445,2548,ngo,0.3728584765843166
445,2549,trapped,0.3728584765843166
446,512,our,0.3188560024468292
446,639,beautyandthebeast,0.3644277257489537
446,1653,trailer,0.4727641020607642
446,2550,breakdown,0.5643682220097369
446,2551,heres,0.4727641020607642
447,6,have,0.12188759572287022
447,12,the,0.09165005204072144
447,38,user,0.038946113643034436
447,79,do,0.17204515459372813
447,80,for,0.07392103751134264
447,254,from,0.1227612561695735
447,257,or,0.3116347563936075
447,443,fraud,0.24023869744965157
447,446,medicare,0.18922512905110747
447,531,they,0.2853515885474173
447,532,think,0.16931059094697232
447,641,did,0.36299995361922505
447,908,where,0.18149997680961252
447,953,before,0.21086933712963205
447,1968,obamacare,0.21086933712963205
447,2255,medicaid,0.24023869744965157
447,2552,came,0.2867880322270504
447,2553,cash,0.2867880322270504
447,2554,floridians,0.2867880322270504
447,2555,rather,0.2574186719070309
448,88,voting,0.22549718653702125
448,116,in,0.07712659385706762
448,174,would,0.16950883953563897
448,344,she,0.19103449789446714
448,348,voter,0.19520041125412527
448,465,if,0.14866296171290697
448,542,was,0.13352757110052343
448,2286,registration,0.2478248675347007
448,2556,correcting,0.2958441202508665
448,2557,ferreting,0.2958441202508665
448,2558,genuinely,0.2958441202508665
448,2559,interested,0.2958441202508665
448,2560,irregularities,0.2958441202508665
448,2561,machines,0.26554734496797044
448,2562,pursue,0.2958441202508665
448,2563,standardize,0.2958441202508665
448,2564,stein,0.23525056968507446
449,0,a,0.07378231345278695
449,10,my,0.139984707298554
449,17,with,0.12475970896449547
449,38,user,0.08945718038662474
449,40,you,0.11674238695005366
449,67,i,0.19779112615804578
449,80,for,0.08489637307112073
449,137,good,0.17895217269278688
449,171,love,0.18359015831836561
449,2565,basket,0.29563859411927756
449,2566,couples,0.29563859411927756
449,2567,deplorablesand,0.329368534262582
449,2568,handsome,0.329368534262582
449,2569,learned,0.329368534262582
449,2570,manipedi,0.329368534262582
449,2571,massage,0.329368534262582
449,2572,weaving,0.329368534262582
450,38,user,0.03924556069030162
450,116,in,0.07534052551222352
450,138,its,0.13842872616868435
450,290,this,0.2059510035099683
450,361,should,0.17631374287409368
450,389,be,0.1163676792248163
450,534,called,0.22980272641068164
450,726,after,0.18661059360414137
450,1303,george,0.21249065937352557
450,1309,soros,0.4405504168046507
450,2573,cavity,0.28899307456398493
450,2574,freaking,0.28899307456398493
450,2575,happened,0.24208583345017723
450,2576,investigated,0.28899307456398493
450,2577,meeting,0.28899307456398493
450,2578,proportions,0.28899307456398493
450,2579,search,0.28899307456398493
451,14,to,0.06167089569829638
451,184,trump,0.12198920458639533
451,315,migrants,0.2602570848045025
451,553,tcot,0.23680932823064985
451,718,north,0.22844046166841
451,953,before,0.22844046166841
451,1274,maga,0.20982893023421878
451,1557,usa,0.27886861623869375
451,1891,uniteblue,0.22844046166841
451,2580,hoping,0.31068523937478626
451,2581,inaugurationhttpstcozlzkzucewr,0.31068523937478626
451,2582,reach,0.31068523937478626
451,2583,surge,0.31068523937478626
451,2584,trumpwall,0.31068523937478626
451,2585,trumpwon,0.31068523937478626
452,101,bring,0.5209023867702783
452,116,in,0.16211216906222298
452,209,fracking,0.4572216806599703
452,562,can,0.2900922492025889
452,1020,more,0.3124742579343805
452,2586,jobs,0.5581532118642532
453,458,us,0.2615755976759416
453,902,immigration,0.41392830910913125
453,1553,highlights,0.46723612035522705
453,2587,hypocrisyanaxagoreio,0.5205439316013228
453,2588,meeker,0.5205439316013228
454,21,israel,0.17477588505329633
454,25,of,0.19285177822968544
454,80,for,0.0711824595363727
454,199,on,0.0851262737710189
454,238,way,0.1822148409358914
454,585,saying,0.21049614451294354
454,723,hezbollah,0.21049614451294354
454,918,free,0.20305718863034847
454,2104,claim,0.2478819942714872
454,2589,absurd,0.2761632978485393
454,2590,arms,0.2313384922074006
454,2591,commercial,0.2761632978485393
454,2592,evidence,0.2478819942714872
454,2593,flights,0.2761632978485393
454,2594,iran,0.2761632978485393
454,2595,lies,0.2478819942714872
454,2596,pack,0.2478819942714872
454,2597,polite,0.2761632978485393
454,2598,rejects,0.2761632978485393
455,38,user,0.09723878728873046
455,141,so,0.31814140214872144
455,338,wow,0.5998164493110187
455,464,hatchimals,0.4531604308368761
455,954,cool,0.5693825757301687
456,0,a,0.0878086295162084
456,8,is,0.09698916355287092
456,14,to,0.07780843374526304
456,17,with,0.1484770339984449
456,30,and,0.10297258244161098
456,38,user,0.15969502803324706
456,136,go,0.21566581148279057
456,273,it,0.14594029868708272
456,286,deal,0.35184068602462326
456,952,take,0.24343926186649603
456,1619,abortion,0.2882169024010915
456,2599,bed,0.3919828241475019
456,2600,evil,0.35184068602462326
456,2601,midol,0.3919828241475019
456,2602,sugartits,0.3919828241475019
457,8,is,0.14247722157308115
457,38,user,0.156394818140752
457,40,you,0.20409657779802756
457,80,for,0.14842132034437042
457,122,via,0.32532789727240646
457,290,this,0.20518033870138172
457,672,what,0.28368003218629995
457,2603,twitter,0.5758233357529826
457,2604,wanted,0.5758233357529826
458,14,to,0.07234070157985438
458,17,with,0.13804329801969958
458,30,and,0.1914730447268265
458,171,love,0.20313762470733462
458,716,kim,0.22633236717191138
458,815,putin,0.2524736748489755
458,2291,date,0.3271162372280505
458,2605,dennis,0.364437518417588
458,2606,double,0.3271162372280505
458,2607,jong,0.3052846872533012
458,2608,rodman,0.364437518417588
458,2609,seagal,0.364437518417588
458,2610,un,0.27778018708640967
459,10,my,0.13738608224903445
459,12,the,0.10330371612566203
459,14,to,0.06416584065234242
459,25,of,0.15049105306816524
459,382,god,0.20873395966517475
459,761,minimum,0.20075567819022463
459,957,old,0.2570466772497844
459,983,1,0.2183177258771723
459,1487,years,0.2303201695862504
459,2611,age,0.3232542569234663
459,2612,criminality,0.3232542569234663
459,2613,death,0.2570466772497844
459,2614,lowering,0.3232542569234663
459,2615,nine,0.3232542569234663
459,2616,penalty2,0.3232542569234663
459,2617,reimposition,0.3232542569234663
460,0,a,0.09163686173821202
460,8,is,0.10121764363670759
460,10,my,0.17385954259065234
460,38,user,0.055552441275950395
460,80,for,0.10544040756016847
460,81,how,0.18463245870289144
460,571,latest,0.2699092896891871
460,578,brexit,0.28339557642723257
460,680,full,0.28339557642723257
460,2618,appetising,0.4090722752201491
460,2619,english,0.4090722752201491
460,2620,sideways,0.4090722752201491
460,2621,view,0.4090722752201491
461,12,the,0.13884176395800338
461,14,to,0.08623986470324366
461,38,user,0.05899993504755677
461,357,nbawards,0.2805416130683834
461,571,latest,0.2866594193635963
461,573,thanks,0.30098264302940986
461,2622,daily,0.38996663599731174
461,2623,eastenders,0.4344586324812627
461,2624,indonesia,0.4344586324812627
461,2625,periplus,0.4344586324812627
462,0,a,0.06293884637241
462,6,have,0.11941176109621805
462,8,is,0.06951920441391121
462,12,the,0.08978841574351523
462,35,president,0.1685504974995038
462,80,for,0.07241952078010158
462,98,5,0.1685504974995038
462,249,then,0.2065860661087502
462,254,from,0.12026767536642932
462,316,new,0.15873791152242245
462,518,first,0.1853815047351218
462,578,brexit,0.1946442764302612
462,1093,2016,0.1853815047351218
462,1306,now,0.15080713768257326
462,2626,1966,0.28096266717258206
462,2627,5star,0.28096266717258206
462,2628,band,0.28096266717258206
462,2629,crap,0.28096266717258206
462,2630,done,0.2521898702584751
462,2631,italian,0.28096266717258206
462,2632,renzi,0.28096266717258206
462,2633,romford,0.28096266717258206
462,2634,trumpton,0.28096266717258206
463,80,for,0.07772270244920736
463,367,vr,0.20889780845646239
463,962,8,0.2525938680960659
463,1440,3d,0.2148466478471761
463,1442,printing,0.2217140789301444
463,2635,ai,0.2525938680960659
463,2636,ar,0.30153717595422685
463,2637,biz,0.30153717595422685
463,2638,blockchain,0.30153717595422685
463,2639,drones,0.30153717595422685
463,2640,essential,0.30153717595422685
463,2641,iot,0.30153717595422685
463,2642,robot,0.30153717595422685
463,2643,tech,0.30153717595422685
464,38,user,0.04534357891789463
464,40,you,0.11834751806071041
464,80,for,0.08606364241654434
464,116,in,0.08704701892877724
464,141,so,0.14835304077318615
464,172,nationalfastfoodday,0.25450181167407254
464,426,your,0.48878583570317946
464,458,us,0.16778476780931587
464,516,we,0.15070258425571328
464,562,can,0.1557666253773772
464,999,dm,0.2997034305281365
464,1204,send,0.26550972587136734
464,1568,info,0.2997034305281365
464,1569,please,0.22030810701730336
464,1582,thank,0.21560635213693302
464,2644,participating,0.33389713518490566
464,2645,prize,0.33389713518490566
465,25,of,0.07059522570659471
465,95,no,0.1627841733663259
465,116,in,0.07906424134700693
465,184,trump,0.11908023346850616
465,413,has,0.1466082099001241
465,630,hillary,0.2160859934890314
465,668,his,0.1572907180479767
465,698,history,0.25405095906174346
465,1174,leftists,0.20482532110488277
465,1351,dumb,0.25405095906174346
465,2360,blind,0.27221867739308425
465,2374,entire,0.24116075776756435
465,2646,abysmally,0.30327659701860415
465,2647,aping,0.30327659701860415
465,2648,extremism,0.30327659701860415
465,2649,lif,0.30327659701860415
465,2650,propaganda,0.30327659701860415
465,2651,sheep,0.30327659701860415
466,14,to,0.08197902452234528
466,25,of,0.09613456010583965
466,37,up,0.2034616757525241
466,1071,robots,0.29425972820653234
466,2586,jobs,0.3706996123582473
466,2610,un,0.3147902670509914
466,2652,economy,0.32840582533345464
466,2653,emerging,0.41299339938303986
466,2654,endanger,0.41299339938303986
466,2655,twothirds,0.41299339938303986
467,0,a,0.0732195568765105
467,14,to,0.06488085591897173
467,38,user,0.044387433795512944
467,67,i,0.09814126132453946
467,198,nfl,0.27380342428785237
467,199,on,0.1007522139224202
467,203,tony,0.22075049236773764
467,434,statement,0.2599110096827645
467,559,liked,0.23288668216977737
467,561,video,0.22075049236773764
467,682,romos,0.2933836829453658
467,857,dak,0.27380342428785237
467,1262,responds,0.2933836829453658
467,2656,cowboys,0.3268563562079671
467,2657,prescott,0.3268563562079671
467,2658,qb,0.3268563562079671
467,2659,situation,0.3268563562079671
468,1,about,0.2608488500624066
468,140,say,0.36105724756387647
468,175,blacklivesmatter,0.2223130484663811
468,186,blm,0.23419582728820015
468,273,it,0.31226740945979836
468,277,today,0.1844654342214293
468,290,this,0.0996193477339075
468,304,black,0.3689308684428586
468,307,friday,0.19368243354010048
468,418,country,0.19919798058411253
468,564,does,0.1844654342214293
468,774,lives,0.20556521236191955
468,1020,more,0.14048729512825528
468,1989,than,0.16505181861381985
468,2660,cares,0.2509436633926617
468,2661,everyday,0.2795742783189424
468,2662,smdh,0.2795742783189424
469,12,the,0.07407565247674919
469,81,how,0.20923859552198829
469,241,crisis,0.4161144627116883
469,879,marijuana,0.35335559702232294
469,880,medical,0.35335559702232294
469,986,could,0.31309673258838866
469,2663,combat,0.4635897118815101
469,2664,opioid,0.4635897118815101
470,14,to,0.06233796255505046
470,38,user,0.042647744803415356
470,55,perfect,0.22375908990473756
470,69,just,0.13540593271942325
470,140,say,0.2027878015668149
470,290,this,0.11190241246662802
470,427,an,0.16469579593905703
470,533,u,0.19159832040028757
470,787,fantasticbeasts,0.19159832040028757
470,933,awesome,0.2393707902046362
470,1494,music,0.24972424546131533
470,2235,cast,0.2818850149657653
470,2665,account,0.3140457844702153
470,2666,beautiful,0.2818850149657653
470,2667,create,0.3140457844702153
470,2668,makes,0.3140457844702153
470,2669,performances,0.3140457844702153
470,2670,screenplay,0.3140457844702153
471,0,a,0.08331651860368143
471,8,is,0.18405479037835695
471,12,the,0.05942957840715202
471,38,user,0.1515253551655931
471,199,on,0.11464592335333282
471,239,all,0.17204384117596408
471,379,wall,0.26500170740274803
471,436,trumps,0.23098540430382747
471,565,donald,0.2576641361099196
471,820,border,0.29575268408217803
471,825,mexican,0.29575268408217803
471,1306,now,0.19963387345793426
471,2191,memory,0.3115608597837464
471,2489,buy,0.33384123205443644
471,2671,presidentvoters,0.37192978002669486
471,2672,remorse,0.37192978002669486
472,436,trumps,0.295198415880075
472,668,his,0.24652140505997355
472,734,bannon,0.295198415880075
472,739,steve,0.295198415880075
472,2673,ate,0.4753247600791622
472,2674,excuse,0.4753247600791622
472,2675,homework,0.4753247600791622
473,38,user,0.08274583032488313
473,48,me,0.1563085843914969
473,199,on,0.09390974973330928
473,276,that,0.11092697698458363
473,290,this,0.10855741701689188
473,309,watching,0.18920674085694913
473,424,thankyouobama,0.18276559377288532
473,473,wanna,0.23221550028384882
473,533,u,0.18587104879113275
473,542,was,0.13750580306998467
473,957,old,0.24225946926619973
473,1221,make,0.19672605313305985
473,2204,very,0.22400898008433004
473,2261,times,0.24225946926619973
473,2496,using,0.22400898008433004
473,2676,beat,0.27345888659529355
473,2677,remix,0.3046583039243873
473,2678,sable,0.3046583039243873
473,2679,sake,0.27345888659529355
473,2680,sweet,0.27345888659529355
473,2681,unexpected,0.3046583039243873
474,1,about,0.1501751855490865
474,6,have,0.13681538764596163
474,12,the,0.051437298944814185
474,31,are,0.12798262700262283
474,48,me,0.1651605303663791
474,81,how,0.14529292458187593
474,116,in,0.16784471240169174
474,812,hate,0.2366948821242875
474,826,muslims,0.25597891879097384
474,843,their,0.1900463619419023
474,1024,theyre,0.2174108454576012
474,1286,supremacists,0.20786688970940584
474,1287,white,0.19311583249101458
474,1863,racists,0.2889451972155096
474,1955,because,0.2174108454576012
474,2682,biostwitter,0.32191147564004535
474,2683,christians,0.2889451972155096
474,2684,sad,0.2889451972155096
474,2685,treated,0.2696611605488233
474,2686,Щ†,0.32191147564004535
475,0,a,0.08528867036713547
475,8,is,0.09420573860474697
475,14,to,0.07557546330065296
475,35,president,0.22840342093962374
475,104,news,0.24095543813292092
475,674,army,0.3189356914419024
475,1529,national,0.34174345343314794
475,1618,support,0.26376320012416643
475,2687,alsisihttpstcoantkmunipklibya,0.3807335800876387
475,2688,egypts,0.3807335800876387
475,2689,haftars,0.3807335800876387
475,2690,priority,0.3807335800876387
476,48,me,0.18483064979868136
476,80,for,0.09285626482806998
476,239,all,0.16664118970248842
476,276,that,0.13116813331833427
476,587,tv,0.30177698884316223
476,606,these,0.24330381932092182
476,635,shows,0.28646523349098424
476,781,happy,0.2376960509056607
476,1221,make,0.23262320732073233
476,1417,supernatural,0.32335769592819347
476,1450,thankful,0.27458851334286993
476,2691,agentsofshield,0.3602501583654027
476,2692,teenwolf,0.3602501583654027
476,2693,theoriginals,0.3602501583654027
477,10,my,0.1960205124640906
477,16,vegetarianism,0.2978186514414122
477,31,are,0.1833654866108563
477,319,cause,0.3667505512702584
477,330,literally,0.41398256882323525
477,909,crack,0.41398256882323525
477,2694,fuck,0.38635360972134036
477,2695,mcchickens,0.4612145863762121
478,12,the,0.06820064735118717
478,38,user,0.05796287297442417
478,67,i,0.12815675467769655
478,184,trump,0.16758979893041434
478,254,from,0.18270359817558762
478,278,why,0.2560520295550717
478,333,only,0.24815922655411246
478,520,photo,0.304112673830819
478,983,1,0.28826475545081476
478,1081,anti,0.3394021134066851
478,1153,thats,0.2956921679889643
478,2321,protest,0.3394021134066851
478,2696,haha,0.38311205882440585
478,2697,posted,0.38311205882440585
479,12,the,0.058250245363880154
479,77,as,0.3166791721947014
479,80,for,0.09396434539229974
479,84,much,0.25255099484381976
479,533,u,0.22241024700805542
479,562,can,0.1700661112704568
479,1215,americans,0.289883705665658
479,1569,please,0.24053254637196456
479,1891,uniteblue,0.26804546978461574
479,2698,amendment,0.36454912730933464
479,2699,blueunited,0.36454912730933464
479,2700,retweet,0.36454912730933464
479,2701,xii,0.36454912730933464
480,1,about,0.1689275508711899
480,50,too,0.22488596502872416
480,67,i,0.10872601426579209
480,68,im,0.1750484058274797
480,138,its,0.1734512980870202
480,163,n,0.2879429891690083
480,218,animal,0.24455892311172003
480,290,this,0.1290283812104083
480,309,watching,0.22488596502872416
480,386,testing,0.26625095614036415
480,847,dont,0.19208540535069243
480,1012,want,0.238922226538177
480,2702,blonde,0.32502576456384413
480,2703,fuckin,0.36210853995868003
480,2704,legally,0.32502576456384413
480,2705,omg,0.36210853995868003
481,0,a,0.07844087826557106
481,8,is,0.086641998779015
481,12,the,0.055951789673118174
481,25,of,0.08150959195614403
481,38,user,0.047552722788901707
481,238,way,0.23104154085656248
481,361,should,0.21363431662825952
481,389,be,0.1409993867951794
481,465,if,0.1759592591110604
481,530,people,0.17086651078294257
481,578,brexit,0.2425857617760408
481,644,really,0.20672613627949166
481,777,uk,0.27844538727258994
481,1378,already,0.4851715235520816
481,1917,voted,0.29332847656375355
481,2397,under,0.29332847656375355
481,2706,britain,0.35016463826568817
481,2707,democracy,0.29332847656375355
482,12,the,0.07086473020054912
482,38,user,0.12045408700683746
482,199,on,0.27341107390555014
482,290,this,0.15802832001624126
482,399,best,0.28637644975659127
482,476,got,0.3072426218926301
482,1456,nothing,0.33803885906641934
482,2708,citadel,0.44349470788050266
482,2709,joker,0.44349470788050266
482,2710,ship,0.44349470788050266
483,12,the,0.05651559618950262
483,20,at,0.1547728761366979
483,199,on,0.10902454438798241
483,410,access,0.238875364786994
483,412,dakota,0.238875364786994
483,416,pipeline,0.23336966524814054
483,1215,americans,0.28125118356112044
483,1217,native,0.2962842445113733
483,2711,bluffs,0.35369312423575267
483,2712,local,0.35369312423575267
483,2713,panorama,0.35369312423575267
483,2714,protested,0.35369312423575267
483,2715,thursday,0.35369312423575267
484,8,is,0.07758776233578009
484,12,the,0.05010473235378424
484,14,to,0.062243884203165324
484,25,of,0.0729917007675433
484,30,and,0.08237427729981434
484,38,user,0.042583382264470004
484,125,3,0.20248176105198462
484,257,or,0.17036952749683942
484,396,allen,0.20248176105198462
484,400,grayson,0.19845068404812433
484,444,last,0.22342140022841928
484,517,2,0.18811285387713841
484,531,they,0.15600062032199324
484,819,against,0.22342140022841928
484,843,their,0.1851229029371387
484,1054,down,0.23900953987644316
484,1492,kansas,0.28145960360257427
484,1739,play,0.28145960360257427
484,2175,went,0.2626751511584147
484,2250,winning,0.28145960360257427
484,2716,poy,0.31357183715771947
484,2717,starters,0.31357183715771947
484,2718,without,0.2626751511584147
485,12,the,0.06720159508178851
485,14,to,0.08348289884085029
485,38,user,0.1713413730230491
485,571,latest,0.2774953252867046
485,573,thanks,0.2913606558560719
485,1398,yemen,0.35230582655456827
485,2719,360,0.4205696076956302
485,2720,coachella,0.4205696076956302
485,2721,valley,0.3774999570824441
485,2722,yemencrisis,0.4205696076956302
486,30,and,0.0774440610942377
486,31,are,0.11720553279459887
486,38,user,0.08006941404015999
486,42,by,0.13098371731192537
486,55,perfect,0.21004931559003595
486,70,need,0.17985904432045483
486,71,not,0.11870759042368433
486,209,fracking,0.2167634031184823
486,602,lower,0.26461385096736767
486,1016,oil,0.24695367438806343
486,1721,water,0.23442357969778654
486,2721,valley,0.26461385096736767
486,2723,cas,0.2948041222369488
486,2724,central,0.2948041222369488
486,2725,comps,0.2948041222369488
486,2726,pipes,0.2948041222369488
486,2727,poisoned,0.2948041222369488
486,2728,repair,0.2948041222369488
486,2729,those,0.20423330842820542
487,6,have,0.15040171295162935
487,12,the,0.05654523225796993
487,14,to,0.0702447597974315
487,67,i,0.10625490724981926
487,388,back,0.22395968392807275
487,438,over,0.2122930213075768
487,843,their,0.20891873982956288
487,877,give,0.26019964808708135
487,2730,four,0.35387859646559733
487,2731,french,0.35387859646559733
487,2732,marinelepen,0.35387859646559733
487,2733,priorities,0.35387859646559733
487,2734,quotes,0.35387859646559733
487,2735,sovereignty,0.35387859646559733
488,0,a,0.0816345401753876
488,6,have,0.1548824735512821
488,25,of,0.08482819425727714
488,38,user,0.09897759292844412
488,46,like,0.1795325898994553
488,67,i,0.10942044833696012
488,119,security,0.21861764478950588
488,276,that,0.1326868692918457
488,389,be,0.14674007176546613
488,491,great,0.21187875658051347
488,502,life,0.2306318800617586
488,530,people,0.17782321345145735
488,734,bannon,0.22632231379307485
488,739,steve,0.22632231379307485
488,847,dont,0.3866245132665052
488,910,feel,0.2596519020726348
488,1340,help,0.24612092324355395
488,2140,friends,0.32710170716548137
488,2156,ill,0.26795150349026464
488,2736,finemany,0.36442133059398735
489,14,to,0.07106383608320051
489,38,user,0.09723488615309372
489,40,you,0.25378471924264
489,46,like,0.17637154454002554
489,62,even,0.2362146329827654
489,67,i,0.10749387333107412
489,254,from,0.15324605783604475
489,265,get,0.18175512188681234
489,389,be,0.1441564070216088
489,426,your,0.1746922652264336
489,474,altrightists,0.2998961925981835
489,476,got,0.24801733260750294
489,847,dont,0.18990859152657943
489,908,where,0.22657112521711414
489,919,know,0.22657112521711414
489,1579,honest,0.32134239998857234
489,2685,treated,0.2998961925981835
489,2737,bitches,0.32134239998857234
489,2738,swagger,0.358004933679107
490,8,is,0.12726001213329916
490,20,at,0.22506295662254402
490,38,user,0.0698455733289564
490,308,thanksgiving,0.3036399319260632
490,672,what,0.2533817261412962
490,1701,said,0.3563106509779845
490,1864,things,0.40898137002990576
490,2739,family,0.46165208908182703
490,2740,mimms,0.5143228081337483
491,38,user,0.07571674816249395
491,40,you,0.19762201031561366
491,213,stop,0.38626189952870754
491,333,only,0.32416974344056276
491,562,can,0.26010611926280713
491,1274,maga,0.37655949011055867
491,2741,draintheswamp,0.4249785756064212
491,2742,politicsasusual,0.5575564589366022
492,17,with,0.11865312421722779
492,124,who,0.164276891888229
492,256,ones,0.23876195017265545
492,707,obama,0.18212541660575107
492,809,created,0.2624030462754827
492,860,guessing,0.28116803992724904
492,1245,admin,0.2303240777456499
492,2026,congress,0.28116803992724904
492,2743,committeesthe,0.31324700845708187
492,2744,constant,0.31324700845708187
492,2745,oversight,0.31324700845708187
492,2746,peppered,0.31324700845708187
492,2747,scandals,0.31324700845708187
492,2748,subpoen,0.31324700845708187
493,30,and,0.08378369517888058
493,38,user,0.04331198083045453
493,44,he,0.15562867077980808
493,116,in,0.08314691749449732
493,122,via,0.18019261530255196
493,184,trump,0.1252292335795135
493,199,on,0.09831111161183745
493,349,were,0.19458245256757334
493,410,access,0.21540197925817853
493,412,dakota,0.21540197925817853
493,416,pipeline,0.21043730414851464
493,542,was,0.14395042465003732
493,1016,oil,0.26716950384428567
493,1140,working,0.25361368537015894
493,2081,hurt,0.2862753569002759
493,2749,carrier,0.31893702843039284
493,2750,indians,0.31893702843039284
493,2751,questions,0.31893702843039284
493,2752,raises,0.2862753569002759
493,2753,stock,0.31893702843039284
494,12,the,0.04123768369161811
494,116,in,0.06728120742457251
494,170,live,0.1742999702555671
494,199,on,0.07955184018618709
494,586,single,0.2052202954153916
494,614,bob,0.1633308103389901
494,615,dylan,0.1742999702555671
494,668,his,0.13384950322231215
494,802,sings,0.23164961791188085
494,1044,3rd,0.23164961791188085
494,2754,1975,0.2580789404083701
494,2755,charting,0.2580789404083701
494,2756,highest,0.2580789404083701
494,2757,lady,0.2580789404083701
494,2758,lay,0.5161578808167402
494,2759,rolling,0.2580789404083701
494,2760,thunder,0.2580789404083701
494,2761,tour,0.2580789404083701
495,0,a,0.08152376618518299
495,31,are,0.14468670782212134
495,38,user,0.04942164264130608
495,76,america,0.2675879066946047
495,80,for,0.09380394493388829
495,424,thankyouobama,0.2183209915739621
495,426,your,0.17758191623997427
495,551,pjnet,0.28938886393520535
495,672,what,0.179288973149582
495,1335,failure,0.3266578465002824
495,1662,realize,0.28938886393520535
495,2762,helping,0.36392682906535945
495,2763,mt,0.36392682906535945
495,2764,obamalegacy,0.36392682906535945
495,2765,policies,0.3266578465002824
496,30,and,0.1483800214377534
496,38,user,0.15341010277508918
496,184,trump,0.22177962339199256
496,385,speech,0.3647285175722598
496,391,her,0.344603426976386
496,513,own,0.41531084433321286
496,1035,melania,0.40244689534436073
496,2766,wrote,0.5648340409760778
497,14,to,0.07216358429096469
497,17,with,0.1377053160239395
497,159,deep,0.2771000765460148
497,162,learning,0.26730733070138596
497,1340,help,0.24552923258512493
497,2767,ebo,0.3635452380854632
497,2768,faster,0.3635452380854632
497,2769,giftgiving,0.3635452380854632
497,2770,gpuaccelerated,0.3635452380854632
497,2771,startup,0.3263153334515551
497,2772,uses,0.3635452380854632
498,80,for,0.0722623153958486
498,81,how,0.12653563535863493
498,116,in,0.07308799580728077
498,252,being,0.17411188934539357
498,409,well,0.18934314621998619
498,465,if,0.1408784879377272
498,525,day,0.34822377869078713
498,533,u,0.17104231769470468
498,643,mean,0.42737884820155697
498,673,aleppo,0.1997526557780131
498,726,after,0.18103131336296321
498,912,lil,0.25164242662681846
498,936,lol,0.22293208854351004
498,1088,r,0.25164242662681846
498,1153,thats,0.1942217504602016
498,2773,children,0.23484795546505652
498,2774,ignoring,0.2803527647101269
498,2775,killed,0.23484795546505652
498,2776,starving,0.2803527647101269
499,0,a,0.08893421438327126
499,38,user,0.053914032281719836
499,48,me,0.2036894434850786
499,1221,make,0.2563584107532152
499,1453,brown,0.33256814809134017
499,1466,movie,0.3026055555781706
499,1927,guest,0.3563507957255523
499,2179,let,0.33256814809134017
499,2777,chris,0.3563507957255523
499,2778,ft,0.3970075003944709
499,2779,twista,0.3970075003944709
500,12,the,0.0592263301962939
500,38,user,0.05033571362206914
500,357,nbawards,0.23934369221086538
500,368,10,0.2947412146168494
500,389,be,0.14925128022881462
500,562,can,0.17291586667803854
500,2780,crush,0.370657786107482
500,2781,discover,0.3326995003621657
500,2782,dym,0.370657786107482
500,2783,fearsyou,0.370657786107482
500,2784,secretsdominatingyourmind,0.370657786107482
500,2785,unstoppable,0.370657786107482
501,0,a,0.14253125986715853
501,25,of,0.07405363816449259
501,40,you,0.11276035348592042
501,119,security,0.19084965918895297
501,145,will,0.15523678208029135
501,515,touch,0.26649674407009083
501,520,photo,0.22667190045908156
501,877,give,0.23391731792519657
501,2204,very,0.23391731792519657
501,2786,deceptivethe,0.31813391280476266
501,2787,drinking,0.31813391280476266
501,2788,false,0.2855544866598684
501,2789,grapes,0.31813391280476266
501,2790,midas,0.31813391280476266
501,2791,roxbury,0.31813391280476266
501,2792,sense,0.2855544866598684
502,0,a,0.08041499629059044
502,6,have,0.15256867386458195
502,30,and,0.09430211905933664
502,38,user,0.09749896001241994
502,59,but,0.18224873871908168
502,280,cy,0.24244410622201576
502,284,young,0.21901084178381292
502,413,has,0.1735346793175267
502,799,hit,0.2854530097030439
502,986,could,0.24244410622201576
502,1004,sale,0.3007106610272611
502,1024,theyre,0.24244410622201576
502,1408,still,0.23180123412277204
502,1907,award,0.3007106610272611
502,1944,selling,0.3007106610272611
502,2793,240295360,0.35897721583250636
502,2794,flowers,0.35897721583250636
503,0,a,0.08593751783513946
503,10,my,0.16304636866414035
503,257,or,0.20843349595244273
503,265,get,0.19476471997220504
503,937,model,0.25909402056288955
503,938,s,0.2477202463536518
503,941,tesla,0.2477202463536518
503,942,x,0.30505657208268777
503,1214,use,0.2733382207746231
503,2287,off,0.29240906337171124
503,2795,1000,0.38363007288510587
503,2796,code,0.38363007288510587
503,2797,promo,0.38363007288510587
504,12,the,0.06752529395206136
504,38,user,0.1721666958269358
504,180,notmypresident,0.35400282493544694
504,184,trump,0.33186049914953186
504,553,tcot,0.3221090838994337
504,1274,maga,0.2854102285511007
504,1287,white,0.2535164875150874
504,1891,uniteblue,0.31072571500184487
504,2409,supremacist,0.37931831138619115
504,2481,resist,0.37931831138619115
504,2496,using,0.31072571500184487
505,12,the,0.07377449323503162
505,25,of,0.107473395855429
505,34,pence,0.4144227230932313
505,2142,mike,0.4144227230932313
505,2798,opera,0.461704958640327
505,2799,retailbroadway,0.461704958640327
505,2800,target,0.461704958640327
506,10,my,0.13533075915250226
506,14,to,0.12641181384588202
506,30,and,0.0836474293098795
506,38,user,0.043241538190112415
506,42,by,0.1414756803786694
506,68,im,0.15392792829917065
506,290,this,0.11346045293944591
506,325,find,0.2427035993097164
506,347,them,0.19775233334342698
506,787,fantasticbeasts,0.1942659835107375
506,908,where,0.20151787802634996
506,1433,weekend,0.2532012078689727
506,2801,beasts,0.2858097584303311
506,2802,fantastic,0.26673497914906663
506,2803,fiending,0.3184183089916894
506,2804,fix,0.3184183089916894
506,2805,potter,0.3184183089916894
506,2806,satisfy,0.3184183089916894
506,2807,seeing,0.3184183089916894
507,31,are,0.2901872611654155
507,38,user,0.049560638071909406
507,67,i,0.1095792911758253
507,124,who,0.19139180212518486
507,532,think,0.21545515417980002
507,597,yeah,0.25282895354178886
507,1286,supremacists,0.23565824840628477
507,1287,white,0.2189350063782415
507,2156,ill,0.26834048176753794
507,2808,beings,0.36495035162775535
507,2809,deranged,0.36495035162775535
507,2810,mentally,0.3275765522657665
507,2811,probably,0.26834048176753794
507,2812,subhuman,0.36495035162775535
508,6,have,0.15881988143783982
508,8,is,0.09246184547746374
508,12,the,0.17913041494362736
508,14,to,0.14835289045205982
508,25,of,0.08698468874895673
508,38,user,0.10149379212163377
508,79,do,0.224175322291666
508,145,will,0.18234381870137917
508,176,college,0.26625274865997955
508,177,electoral,0.26625274865997955
508,276,that,0.1360600225842315
508,465,if,0.18777865302660127
508,530,people,0.18234381870137917
508,531,they,0.37181392571103605
508,562,can,0.17432838202037954
508,644,really,0.22061217813752715
508,1171,acting,0.3354172564459712
508,2704,legally,0.3354172564459712
508,2813,benefit,0.37368561588211924
509,10,my,0.1487972334334151
509,25,of,0.08149534503951408
509,38,user,0.047544411133048185
509,67,i,0.10512138410672235
509,96,one,0.3804356736881997
509,171,love,0.19514779986011846
509,174,would,0.20059762113427965
509,265,get,0.17774361820958323
509,292,cant,0.23645097879065724
509,464,hatchimals,0.22157049088820427
509,606,these,0.23645097879065724
509,779,blackfriday,0.22607119450047747
509,1079,win,0.23100115751649608
509,1284,yes,0.23100115751649608
509,1569,please,0.23100115751649608
509,1992,anywhere,0.29327720620095943
509,2814,faughyer,0.3501034336112616
509,2815,ohh,0.3501034336112616
510,12,the,0.1138447546717762
510,31,are,0.141630208742055
510,550,online,0.29841680353515443
510,1041,conservatives,0.24679386215887072
510,1281,morning,0.3197572167026092
510,2652,economy,0.28327553943073996
510,2816,britains,0.35623889397447844
510,2817,hammering,0.35623889397447844
510,2818,longterm,0.35623889397447844
510,2819,star,0.35623889397447844
510,2820,tories,0.35623889397447844
511,0,a,0.07437418128536939
511,12,the,0.15915305796171234
511,19,altright,0.253063914766691
511,33,guy,0.23000912053147757
511,67,i,0.09968888467375787
511,116,in,0.08655521638131733
511,290,this,0.1183037518756262
511,532,think,0.19600860515636603
511,542,was,0.1498511373508354
511,590,person,0.2640096359065891
511,691,nazi,0.24412060940695574
511,1629,hes,0.253063914766691
511,2821,dropping,0.2980101512817006
511,2822,involved,0.3320106666568121
511,2823,label,0.27812112478206724
511,2824,reasonable,0.3320106666568121
511,2825,salute,0.3320106666568121
511,2826,since,0.2640096359065891
512,17,with,0.3087130198654602
512,30,and,0.214100295734812
512,38,user,0.22135829375542518
512,40,you,0.28887447013770695
512,68,im,0.393987182183577
512,199,on,0.2512235587744548
512,276,that,0.29674735585281514
512,1800,nice,0.648082719725087
513,8,is,0.09345693821958037
513,14,to,0.07497474685952289
513,31,are,0.15016541959542395
513,141,so,0.16781822838332833
513,215,through,0.31640061054203206
513,340,going,0.23043800249383514
513,380,doing,0.25509392639727174
513,389,be,0.15208987750069547
513,459,walk,0.31640061054203206
513,531,they,0.18790773050720375
513,961,wait,0.26911821361357197
513,1132,wtf,0.31640061054203206
513,1328,tpp,0.3003468724473188
513,1344,victory,0.3003468724473188
513,2006,supposed,0.3003468724473188
513,2827,short,0.3390270835670556
514,0,a,0.06666611573136581
514,12,the,0.047552864886296536
514,14,to,0.059073761628183986
514,25,of,0.06927418471995538
514,30,and,0.07817890036585631
514,37,up,0.14661368080318338
514,38,user,0.04041458217810279
514,71,not,0.11983396471307488
514,77,as,0.12926127429685186
514,81,how,0.1343207157706593
514,276,that,0.10835754283956553
514,285,big,0.2188201942914985
514,299,hard,0.2492969303543284
514,384,oh,0.20099244655036688
514,409,well,0.20099244655036688
514,438,over,0.17853214064957676
514,542,was,0.1343207157706593
514,981,see,0.1681384485170364
514,1476,bills,0.2492969303543284
514,2096,gold,0.22683662445353833
514,2099,standard,0.23664794203263012
514,2496,using,0.2188201942914985
514,2828,brady,0.26712467809546003
514,2829,mack,0.29760141415828995
514,2830,mistake,0.29760141415828995
514,2831,skipped,0.29760141415828995
514,2832,traded,0.26712467809546003
515,1,about,0.16886917183365524
515,12,the,0.05784027529189729
515,25,of,0.08426070488927843
515,38,user,0.049157722980053345
515,42,by,0.1608319822919583
515,137,good,0.19667244806714154
515,159,deep,0.27590961840152545
515,162,learning,0.2661589434729099
515,2635,ai,0.3032289035707412
515,2833,article,0.3619834002290334
515,2834,datascience,0.3619834002290334
515,2835,deeplearning,0.3619834002290334
515,2836,difficulties,0.3619834002290334
515,2837,theoretical,0.3619834002290334
516,0,a,0.06610582158816508
516,12,the,0.04715320770819471
516,30,and,0.0775218472359969
516,199,on,0.09096350978197247
516,427,an,0.15476013188491042
516,458,us,0.14828915288531272
516,469,some,0.17157466987309064
516,530,people,0.1439972540716332
516,745,popular,0.21026029272124588
516,747,vote,0.21026029272124588
516,1012,want,0.19470958532118218
516,1125,public,0.24720171888950723
516,1577,election,0.20443844386218032
516,1654,based,0.24720171888950723
516,2595,lies,0.2648796336527275
516,2838,amplified,0.29510022854800105
516,2839,decided,0.29510022854800105
516,2840,direct,0.29510022854800105
516,2841,essentially,0.29510022854800105
516,2842,suppressed,0.29510022854800105
516,2843,truthsand,0.29510022854800105
517,0,a,0.11633645556066807
517,8,is,0.12849961988590383
517,19,altright,0.3958438044689478
517,38,user,0.07052592148178388
517,257,or,0.28216330597008443
517,931,russian,0.4350384140639524
517,2844,politifact,0.5193326971760045
517,2845,sitehttpstcooip8d3ppkv,0.5193326971760045
518,116,in,0.11916795707414674
518,324,cohen,0.30871876662924574
518,328,leonard,0.30871876662924574
518,1559,sell,0.4102960214338173
518,2846,albums,0.4571074341494895
518,2847,fast,0.4571074341494895
518,2848,montreal,0.4571074341494895
519,14,to,0.08083232388878268
519,77,as,0.1768719123729367
519,430,insult,0.3655143654877293
519,482,odessa,0.3655143654877293
519,542,was,0.18379489138485772
519,815,putin,0.28210997976368635
519,1190,saakashvilis,0.3655143654877293
519,1364,appointment,0.3411201464656053
519,2849,governor,0.40721655834975073
519,2850,ukrainians,0.40721655834975073
520,29,rise,0.25273944424085726
520,184,trump,0.11846549266356955
520,310,while,0.20376792913394148
520,852,wont,0.2399157874309185
520,937,model,0.20376792913394148
520,938,s,0.19482287354362593
520,941,tesla,0.19482287354362593
520,1203,presidency,0.2708133733893458
520,2003,price,0.25273944424085726
520,2245,says,0.2399157874309185
520,2851,affect,0.2708133733893458
520,2852,companys,0.3017109593477731
520,2853,elonmusk,0.3017109593477731
520,2854,finances,0.3017109593477731
520,2855,motors,0.3017109593477731
520,2856,tsla,0.2708133733893458
521,0,a,0.06877078438766061
521,8,is,0.07596088096788749
521,12,the,0.0981082453127664
521,14,to,0.06093873745802333
521,30,and,0.08064703098031473
521,77,as,0.13334209030811545
521,116,in,0.08003409275253201
521,138,its,0.1470525647979697
521,199,on,0.09463057516073338
521,276,that,0.11177842197112495
521,458,us,0.154267220573058
521,478,time,0.18729774387413659
521,618,cuba,0.20733783652495538
521,619,embargo,0.20733783652495538
521,707,obama,0.17849146027917756
521,710,communist,0.27555788184736
521,983,1,0.20733783652495538
521,1572,end,0.24411898636615217
521,2182,decision,0.27555788184736
521,2857,2014,0.3069967773285679
521,2858,declares,0.3069967773285679
521,2859,hailed,0.3069967773285679
521,2860,milestone,0.3069967773285679
521,2861,progressive,0.3069967773285679
522,0,a,0.07613129285849325
522,59,but,0.17254035615912794
522,1068,killer,0.2846918169045085
522,1487,years,0.24214793095528958
522,1639,gets,0.5404938800347531
522,2862,25,0.3398545148135382
522,2863,christian,0.3398545148135382
522,2864,pass,0.30505072741545736
522,2865,splc,0.30505072741545736
522,2866,splcs,0.3398545148135382
523,14,to,0.07560419341771976
523,38,user,0.0517236722983937
523,69,just,0.1642218626921843
523,77,as,0.33086413033489914
523,389,be,0.15336674009696094
523,469,some,0.221447037619606
523,530,people,0.18585357245977788
523,622,long,0.3190569352868188
523,761,minimum,0.23654285472289166
523,766,wage,0.24104703767651753
523,905,youre,0.2513066812100579
523,1020,more,0.19139301647418536
523,1500,making,0.30286841887522975
523,1989,than,0.22485852126492847
523,2867,gotta,0.380878316485531
523,2868,superior,0.380878316485531
524,25,of,0.09343731391269262
524,184,trump,0.15761033475035893
524,237,trumptransitionteam,0.25919867149364795
524,2741,draintheswamp,0.3059582003258902
524,2869,bankers,0.40140604855879564
524,2870,celebrate,0.40140604855879564
524,2871,dawn,0.40140604855879564
524,2872,era,0.40140604855879564
524,2873,trumpcabinet,0.40140604855879564
525,25,of,0.061189383446756875
525,48,me,0.2697363336129621
525,68,im,0.1270746836238713
525,199,on,0.08102840826748503
525,273,it,0.09786960548002356
525,374,here,0.15518964722677456
525,413,has,0.1270746836238713
525,433,sos,0.2359492850352686
525,438,over,0.1576961411518481
525,617,bc,0.22020216513867144
525,944,cars,0.19328228586917343
525,1151,someone,0.2090294057657706
525,1204,send,0.2090294057657706
525,1229,rates,0.2359492850352686
525,1340,help,0.1775351659725763
525,1499,driving,0.22020216513867144
525,1503,self,0.2090294057657706
525,1569,please,0.1734432610484453
525,2874,accident,0.26286916430476664
525,2875,elon,0.26286916430476664
525,2876,forsaken,0.26286916430476664
525,2877,losing,0.2359492850352686
525,2878,musk,0.26286916430476664
525,2879,stats,0.2359492850352686
526,14,to,0.07053814447793877
526,81,how,0.16038819594807271
526,116,in,0.09264150576843896
526,119,security,0.21317968559982942
526,427,an,0.18636053173215425
526,952,take,0.22069270641483743
526,1231,social,0.23446724561327917
526,2156,ill,0.26128639948095433
526,2177,dash,0.31896528370271804
526,2507,crinkle,0.31896528370271804
526,2880,anent,0.3553566079110321
526,2881,crixq,0.3553566079110321
526,2882,order,0.3553566079110321
526,2883,revive,0.3553566079110321
527,30,and,0.18459474495584421
527,80,for,0.18112224645262287
527,138,its,0.33659181700824015
527,478,time,0.4287098835627383
527,1306,now,0.37717078577607444
527,2884,screamqueenscrazyhester,0.702691607172318
528,14,to,0.06261626447091113
528,31,are,0.12541286261879675
528,37,up,0.1554057293660799
528,38,user,0.08567628322277368
528,239,all,0.14591693430334382
528,290,this,0.11240199016378795
528,316,new,0.17822128251010924
528,347,them,0.19590751888851526
528,361,should,0.19245369291259895
528,516,we,0.14237558656845334
528,531,they,0.1569339096484499
528,691,nazi,0.23194228333676267
528,1092,themselves,0.26424663154352807
528,1286,supremacists,0.20369312845553667
528,1287,white,0.18923825785521525
528,1956,call,0.25083911564795913
528,2179,let,0.26424663154352807
528,2600,evil,0.28314346385472455
528,2823,label,0.26424663154352807
528,2885,cleaned,0.31544781206149
528,2886,neo,0.28314346385472455
528,2887,refuse,0.31544781206149
529,0,a,0.07787966609245991
529,1,about,0.16218684956350152
529,12,the,0.16665443299596133
529,25,of,0.08092642440062231
529,37,up,0.17127478300293783
529,81,how,0.3138281682908195
529,82,left,0.22938853380092922
529,84,much,0.2408501605749524
529,101,bring,0.29122983213998277
529,116,in,0.18126966196705288
529,174,would,0.19919724511623163
529,310,while,0.23480030976342703
529,333,only,0.20213315073649382
529,590,person,0.27645322522214777
529,1196,made,0.2408501605749524
529,1245,admin,0.2556267674927874
529,2888,reidpelosietc,0.3476593545165385
529,2889,value,0.3476593545165385
530,0,a,0.08161048922461696
530,17,with,0.13799649818013013
530,30,and,0.09570406548972347
530,199,on,0.11229837791206042
530,304,black,0.24037738482065582
530,307,friday,0.25238808049091577
530,464,hatchimals,0.4611278638232113
530,779,blackfriday,0.23524731694656525
530,918,free,0.26787256033206813
530,2890,catch,0.36431396575230324
530,2891,cyber,0.36431396575230324
530,2892,cybermonday,0.36431396575230324
530,2893,monday,0.30518118875253064
531,30,and,0.08049804347806712
531,80,for,0.07898375694972257
531,84,much,0.21228718521769815
531,239,all,0.2834907746858921
531,276,that,0.1115719222687525
531,516,we,0.276610562888753
531,585,saying,0.2335656343620523
531,773,libya,0.27504881561092165
531,774,lives,0.22531140028223143
531,804,better,0.21833254480714537
531,1166,took,0.2335656343620523
531,1989,than,0.18090637002108642
531,2096,gold,0.2335656343620523
531,2729,those,0.21228718521769815
531,2894,mugged,0.3064296308075334
531,2895,presumably,0.3064296308075334
531,2896,saving,0.3064296308075334
531,2897,sounds,0.27504881561092165
532,12,the,0.0834020823010082
532,38,user,0.1417647629449271
532,44,he,0.2546946733618378
532,79,do,0.3131241897503858
532,251,when,0.2835894472710842
532,564,does,0.3443919438153139
532,672,what,0.25714299868239054
532,2898,jazz,0.5219575665078121
532,2899,lose,0.5219575665078121
533,116,in,0.1306637217983892
533,787,fantasticbeasts,0.30578244167404384
533,2811,probably,0.36852437930810505
533,2900,harrypotter,0.5012031763750202
533,2901,hogwarts,0.5012031763750202
533,2902,school,0.5012031763750202
534,6,have,0.15543314244131773
534,12,the,0.05843685532196739
534,14,to,0.0725946768894964
534,25,of,0.08512979227869505
534,44,he,0.17845544581015257
534,50,too,0.22712697977282795
534,65,him,0.24130311425741627
534,67,i,0.10980948161781719
534,80,for,0.09426536871753752
534,145,will,0.17845544581015257
534,239,all,0.16916998782924972
534,276,that,0.2663172479344902
534,889,maduro,0.25336006492186475
534,1120,hope,0.25336006492186475
534,1219,face,0.2787554238132724
534,1259,tonight,0.29081237447772085
534,2679,sake,0.32826468403357695
534,2903,considers,0.36571699358943305
534,2904,venezuelans,0.36571699358943305
535,1,about,0.17158099345904118
535,8,is,0.09100466097496934
535,12,the,0.05876911569332563
535,80,for,0.09480134291128467
535,374,here,0.21713536404860773
535,436,trumps,0.228418378740637
535,552,read,0.26205664618019053
535,565,donald,0.25480062000982207
535,734,bannon,0.456836757481274
535,739,steve,0.228418378740637
535,1020,more,0.18481929025727034
535,2159,presidential,0.33013113193225074
535,2905,chief,0.3080983696148764
535,2906,staff,0.33013113193225074
535,2907,strategist,0.33013113193225074
536,37,up,0.23810595624028913
536,38,user,0.06563475306569053
536,40,you,0.17130783033067085
536,69,just,0.20838932981415528
536,199,on,0.1489801530785535
536,349,were,0.294869248192154
536,506,thisisus,0.3188956087615728
536,2908,caught,0.43382020398684323
536,2909,heartstrings,0.4833155330964406
536,2910,outstanding,0.4833155330964406
537,14,to,0.12383296318951512
537,17,with,0.11815140210772568
537,80,for,0.0803995584429267
537,610,possible,0.24803580377231232
537,717,korea,0.26129348080229653
537,718,north,0.229350157480861
537,844,war,0.24803580377231232
537,1826,citizens,0.26129348080229653
537,2911,emergency,0.3119224504151834
537,2912,inform,0.3119224504151834
537,2913,issues,0.26129348080229653
537,2914,japan,0.3119224504151834
537,2915,nuclear,0.3119224504151834
537,2916,pamphlets,0.3119224504151834
537,2917,prepare,0.3119224504151834
538,8,is,0.09225716432919273
538,12,the,0.05957795903983157
538,38,user,0.050634558556592525
538,348,voter,0.4920301401642273
538,518,first,0.24601507008211365
538,1028,id,0.26566334967010846
538,1235,card,0.31233874848381726
538,2286,registration,0.31233874848381726
538,2918,audit,0.3728583946585309
538,2919,nationwide,0.3728583946585309
538,2920,step,0.3728583946585309
539,80,for,0.08839506927432891
539,614,bob,0.21703839074110673
539,796,biggest,0.28727838540115186
539,799,hit,0.2727022695346196
539,2823,label,0.28727838540115186
539,2921,12th,0.3429422641946648
539,2922,blues,0.3429422641946648
539,2923,dylans,0.3429422641946648
539,2924,homesick,0.3429422641946648
539,2925,scan,0.3429422641946648
539,2926,subterranean,0.3429422641946648
540,372,counters,0.35921905128766884
540,838,hamas,0.3182351021711364
540,1143,israeli,0.35921905128766884
540,2927,increased,0.40020300040420126
540,2928,navy,0.40020300040420126
540,2929,sea,0.40020300040420126
540,2930,smuggling,0.40020300040420126
541,8,is,0.13117944020660977
541,12,the,0.08471324012962775
541,172,nationalfastfoodday,0.40409900609509514
541,245,out,0.2691579695089975
541,977,ad,0.42157741678713223
541,2931,elephant,0.5301632219381399
541,2932,fly,0.5301632219381399
542,0,a,0.12896329473442242
542,16,vegetarianism,0.37174472741318604
542,80,for,0.14838943738542903
542,781,happy,0.3798514115115135
542,900,case,0.42330009631836024
542,1119,everyone,0.41018868610522674
542,2933,sunday,0.5756996409109699
543,0,a,0.10216135054772486
543,37,up,0.22467563132044185
543,46,like,0.22467563132044185
543,47,looks,0.3476119112930021
543,77,as,0.1980842323092363
543,344,she,0.29448645438018556
543,360,pelosi,0.3159435436556883
543,391,her,0.27823719969314364
543,413,has,0.22046307310492688
543,2934,abc,0.4560542047752633
543,2935,shopvac,0.4560542047752633
544,12,the,0.07938498521958193
544,38,user,0.4048098069214944
544,81,how,0.22423565986263547
544,122,via,0.280691148310074
544,720,world,0.3278041580646637
544,734,bannon,0.30854623906253004
544,739,steve,0.30854623906253004
544,2374,entire,0.39506123186110137
544,2936,sees,0.49681725634769575
545,0,a,0.08009592310578757
545,8,is,0.0884700812303584
545,12,the,0.05713233128416256
545,14,to,0.07097409856615493
545,67,i,0.10735813293452348
545,94,had,0.25475808080746004
545,141,so,0.15886345711566752
545,199,on,0.11021429141777432
545,290,this,0.12740507592276973
545,389,be,0.14397437015524564
545,491,great,0.20788534557017382
545,1030,list,0.2995174916839284
545,1295,such,0.27253258466442815
545,1800,nice,0.2843203801548389
545,2096,gold,0.27253258466442815
545,2099,standard,0.2843203801548389
545,2937,among,0.3575528545962832
545,2938,canoe,0.3575528545962832
545,2939,restaurants,0.3575528545962832
546,6,have,0.13043475131300422
546,8,is,0.07593657488980457
546,12,the,0.049038426243698384
546,14,to,0.12183847637648114
546,61,dude,0.2754697084177315
546,86,power,0.25708501814123297
546,117,man,0.21866664767320465
546,289,smart,0.2754697084177315
546,290,this,0.10935567091839381
546,340,going,0.18723781205753112
546,413,has,0.14835911047541803
546,418,country,0.21866664767320465
546,502,life,0.19422734690988594
546,533,u,0.18723781205753112
546,668,his,0.15916919681056585
546,1152,sure,0.21261203718638447
546,1221,make,0.19817263636759005
546,2009,never,0.23392304762777613
546,2865,splc,0.2754697084177315
546,2940,fyi,0.30689854403340505
546,2941,leave,0.2754697084177315
546,2942,ruined,0.30689854403340505
547,469,some,0.30732597043532023
547,506,thisisus,0.34876542269411154
547,2781,discover,0.4744545947317825
547,2943,letters,0.5285859747320611
547,2944,randall,0.5285859747320611
548,12,the,0.15779181710209902
548,38,user,0.1341052820803369
548,79,do,0.29620624279508273
548,80,for,0.127268174662952
548,134,brilliant,0.4431918923316272
548,239,all,0.22839729851687196
548,300,mannequinchallenge,0.3420627684777073
548,2945,bromley,0.4937564542585872
548,2946,utterly,0.4937564542585872
549,14,to,0.060919648477691206
549,38,user,0.04167742279828257
549,71,not,0.12357843490578803
549,77,as,0.1333003210715754
549,141,so,0.1363582794139536
549,145,will,0.1497553745467133
549,290,this,0.10935640742593196
549,531,they,0.15268171442029502
549,592,rightists,0.20727288821705425
549,644,really,0.18118442183475966
549,1024,theyre,0.20727288821705425
549,1180,same,0.19817397105503073
549,1983,change,0.24404251641085237
549,2009,never,0.2339246230932868
549,2947,american,0.2570867496019997
549,2948,assume,0.3069006109869451
549,2949,bloc,0.3069006109869451
549,2950,hardline,0.3069006109869451
549,2951,posture,0.3069006109869451
549,2952,reminorities,0.3069006109869451
549,2953,seem,0.27547156369889875
550,547,gun,0.1752567218198252
550,1113,control,0.17881666591620593
550,1221,make,0.17881666591620593
550,2954,avocado,0.2769230678083993
550,2955,smashers,0.2769230678083993
550,2956,tight,0.830769203425198
550,2957,yay,0.24856395778475954
551,0,a,0.10048652656508351
551,13,thing,0.3029579959487882
551,35,president,0.269103344289553
551,38,user,0.060917318207365644
551,80,for,0.11562312495594672
551,137,good,0.24372077010949164
551,174,would,0.25702009609670906
551,239,all,0.2074989246601049
551,389,be,0.18062697588475468
551,536,michael,0.34191319291698236
551,537,moore,0.35670189349948855
551,2381,jokes,0.4026397933515677
551,2958,aside,0.44857769320364677
552,12,the,0.05565122438578034
552,136,go,0.19162284943194466
552,265,get,0.17681971004114003
552,383,horrible,0.29175275649549787
552,1213,uber,0.5309348202915393
552,1864,things,0.27694961710469324
552,2959,plz,0.34828360218568516
552,2960,sorted,0.34828360218568516
552,2961,trips,0.34828360218568516
552,2962,uberindia,0.34828360218568516
553,0,a,0.06682281871266559
553,12,the,0.09532928189094522
553,14,to,0.0592126182941555
553,38,user,0.08101915849178151
553,67,i,0.08956726854797356
553,69,just,0.12861729001487449
553,80,for,0.07688854796786046
553,89,class,0.22736981848966728
553,119,security,0.17895179189805135
553,465,if,0.1498975270596142
553,515,touch,0.24988291878018515
553,516,we,0.13463644522903057
553,1224,action,0.23720419820007205
553,1231,social,0.1968214449038028
553,1455,massive,0.26775257178593653
553,1725,gop,0.45473963697933456
553,1956,call,0.23720419820007205
553,2963,dare,0.2983009453718011
553,2964,might,0.24988291878018515
553,2965,sink,0.2983009453718011
553,2966,suit,0.2983009453718011
554,12,the,0.20400549221429137
554,14,to,0.12671551805262815
554,20,at,0.13967169642790284
554,30,and,0.08384839214232397
554,38,user,0.08669085185080737
554,116,in,0.08321112274433844
554,199,on,0.09838702650650102
554,273,it,0.2376721861981294
554,349,were,0.1947327072656218
554,353,game,0.50761904683663
554,388,back,0.20200202444771034
554,389,be,0.12852425933608563
554,491,great,0.18557684980613426
554,542,was,0.28812316356638534
554,915,watch,0.22741959982429896
554,933,awesome,0.24328669436911218
554,981,see,0.18033175830669027
554,1259,tonight,0.253809523418315
554,1280,fire,0.23468891700638747
554,2967,arena,0.3191833085356693
555,0,a,0.08012089038657204
555,12,the,0.0571501404172836
555,14,to,0.07099622241689056
555,25,of,0.16651065686598318
555,44,he,0.34905210864231023
555,46,like,0.17620373588492935
555,405,doesnt,0.23095345554092764
555,413,has,0.1729000020049171
555,487,look,0.2145640842358965
555,502,life,0.2263555541854861
555,520,photo,0.2548374932954993
555,668,his,0.1854982438185203
555,721,worst,0.32103665885494387
555,734,bannon,0.22212589495196747
555,739,steve,0.22212589495196747
555,908,where,0.2263555541854861
555,981,see,0.20207270298580762
555,2968,hangover,0.35766430998839105
555,2969,waiting,0.32103665885494387
556,1,about,0.31966728445433196
556,38,user,0.1861099411379973
556,81,how,0.3092747612176921
556,290,this,0.2441647441542585
556,552,read,0.48822969705924046
556,2970,markhttpstcouxoka4kjt1,0.6852301655316057
557,12,the,0.061336220474024435
557,14,to,0.07619648734350837
557,20,at,0.16797457505867508
557,38,user,0.05212888285004332
557,254,from,0.16431439604070477
557,308,thanksgiving,0.22662009466828698
557,384,oh,0.25925077373791433
557,410,access,0.25925077373791433
557,781,happy,0.25327545323264156
557,1546,turkey,0.3052411328306828
557,2971,cryptic,0.3838621709930787
557,2972,deciphering,0.3838621709930787
557,2973,puns,0.3838621709930787
557,2974,wifi,0.3838621709930787
558,8,is,0.1825674438558359
558,12,the,0.0589493280610618
558,30,and,0.09691516286430937
558,38,user,0.10020058597791318
558,71,not,0.14855323050713706
558,184,trump,0.14485648480672975
558,199,on,0.22743893959058067
558,278,why,0.22131894164021992
558,290,this,0.13145697800883857
558,351,during,0.3090431368796024
558,427,an,0.19347582547753792
558,618,cuba,0.249162057802902
558,619,embargo,0.249162057802902
558,668,his,0.19133805708553905
558,811,fbi,0.3311434614908473
558,908,where,0.23348162794869126
558,1228,participation,0.3311434614908473
558,2454,w,0.2812000207169204
558,2975,questioned,0.36892421595630287
559,77,as,0.1768560567044794
559,80,for,0.10495267801623931
559,184,trump,0.15987747259652624
559,565,donald,0.28208469003708353
559,667,cabinet,0.2686607860290772
559,668,his,0.21117898186733208
559,2564,stein,0.32378314450935675
559,2976,jill,0.36548159898163
559,2977,presses,0.40718005345390323
559,2978,recounts,0.40718005345390323
559,2979,shapes,0.40718005345390323
560,25,of,0.11078355836939018
560,38,user,0.1938934933035434
560,116,in,0.12407380114629286
560,290,this,0.1695841891309176
560,361,should,0.2903605479785203
560,512,our,0.2688876917242168
560,516,we,0.2148062357709792
560,530,people,0.23223279145945117
560,677,syria,0.3627580537692713
560,1618,support,0.32970983235640217
560,2980,brave,0.4759253937018288
560,2981,nation,0.42718687325335325
561,8,is,0.1478623682385311
561,12,the,0.047743382221320775
561,14,to,0.11862087331265457
561,25,of,0.06955172705290168
561,38,user,0.040576500466540315
561,80,for,0.07701556670218868
561,251,when,0.16234030376041095
561,273,it,0.2224895791945604
561,347,them,0.1855645747589013
561,610,possible,0.23759605599722156
561,983,1,0.20179770918529621
561,1174,leftists,0.20179770918529621
561,1214,use,0.21289193268632384
561,2811,probably,0.21969688259125886
561,2982,disppointed,0.2987937340839233
561,2983,endgame,0.2987937340839233
561,2984,fails,0.2987937340839233
561,2985,frankly,0.2987937340839233
561,2986,push,0.2987937340839233
561,2987,ride,0.2681948950405724
561,2988,wave,0.2987937340839233
562,9,most,0.1972825594011755
562,12,the,0.10509425202087957
562,83,middle,0.2615019990874061
562,116,in,0.08573309090568912
562,323,been,0.20423532308055053
562,413,has,0.15897420594630812
562,726,after,0.21235188999090232
562,1544,isis,0.24180188408328288
562,2431,months,0.2951795681278771
562,2989,arrested,0.328857137168348
562,2990,australias,0.328857137168348
562,2991,east,0.328857137168348
562,2992,neilprakash,0.328857137168348
562,2993,recruiter,0.328857137168348
562,2994,senior,0.2754794531237538
563,14,to,0.06786146200424985
563,67,i,0.20529967991611975
563,79,do,0.20509024218712327
563,81,how,0.15430200986736203
563,116,in,0.08912607597280425
563,265,get,0.17356462833724667
563,325,find,0.2605804090894711
563,362,earth,0.2513714700299438
563,363,google,0.27185123960295426
563,367,vr,0.2368408422736169
563,528,many,0.21636107270060645
563,1319,points,0.27185123960295426
563,2995,alwayssunnyingoogleearthvr,0.34187203426162893
563,2996,managed,0.34187203426162893
563,2997,nerd,0.34187203426162893
563,2998,nintendo,0.34187203426162893
564,14,to,0.07736657910841495
564,38,user,0.052929386635232736
564,62,even,0.2571648126035594
564,71,not,0.15694182417572453
564,975,duncan,0.2700143088387617
564,976,tim,0.2700143088387617
564,1629,hes,0.29707899356281414
564,2009,never,0.29707899356281414
564,2696,haha,0.34984267075727116
564,2999,close,0.38975685171652585
564,3000,otherwise,0.38975685171652585
564,3001,suggested,0.38975685171652585
565,38,user,0.11520110160849927
565,46,like,0.20895994253968667
565,68,im,0.20504204580346416
565,124,who,0.2224400986491148
565,138,its,0.20317128190290568
565,278,why,0.25445146487866366
565,290,this,0.15113672772413325
565,405,doesnt,0.2738876139986654
565,636,stillwithher,0.3022116851753984
565,641,did,0.26843496455164323
565,644,really,0.2504070979950739
565,919,know,0.26843496455164323
565,1012,want,0.27986031569797964
565,2897,sounds,0.3807172501227298
565,3002,job,0.35530839930341385
566,5,ever,0.24241837701580732
566,9,most,0.1977855468118909
566,12,the,0.10536219808699665
566,25,of,0.0767449068550492
566,38,user,0.04477300393187836
566,40,you,0.11685830756886055
566,67,i,0.09899376250057729
566,69,just,0.14215359771053798
566,80,for,0.0849806718451819
566,96,one,0.17912986519280627
566,116,in,0.08595167416788002
566,140,say,0.21289329784586555
566,276,that,0.24008624759372893
566,327,ive,0.2761818096688666
566,473,wanna,0.2512993214626141
566,542,was,0.14880623802640439
566,787,fantasticbeasts,0.2011462128224041
566,1582,thank,0.21289329784586555
566,1610,seen,0.2621687190134712
566,1864,things,0.2621687190134712
566,2318,rain,0.2959321516665305
566,3003,poetical,0.32969558431958973
566,3004,scene,0.32969558431958973
567,0,a,0.1413187452758081
567,14,to,0.06261224146953992
567,67,i,0.09470966843981596
567,71,not,0.1270119411405091
567,80,for,0.081303013957097
567,116,in,0.08223199479098028
567,138,its,0.15109093295849688
567,145,will,0.15391618150774278
567,170,live,0.21303176317387384
567,257,or,0.17137776877589306
567,265,get,0.16013905534988432
567,269,work,0.20812171779806288
567,427,an,0.16542043598630352
567,483,place,0.240423990498756
567,547,gun,0.19962510869115485
567,908,where,0.19962510869115485
567,1113,control,0.20368004147658625
567,1320,vs,0.2508229996098222
567,3005,alcohol,0.3154275450112085
567,3006,harder,0.3154275450112085
567,3007,illegal,0.3154275450112085
567,3008,sandyhookpromisegun,0.3154275450112085
567,3009,several,0.2831252723105153
568,6,have,0.13980368329577594
568,8,is,0.08139098483796307
568,12,the,0.052560782635645384
568,14,to,0.0652949754306743
568,30,and,0.08641212676983624
568,38,user,0.04467074852909298
568,124,who,0.17250817172408264
568,530,people,0.16051099679637648
568,578,brexit,0.22788363999979183
568,900,case,0.2418647266772675
568,1177,g,0.29525628320320724
568,1180,same,0.21240707874038275
568,1534,italy,0.29525628320320724
568,1618,support,0.22788363999979183
568,3010,british,0.29525628320320724
568,3011,milleritalian,0.3289426048049149
568,3012,referandum,0.3289426048049149
568,3013,supcourt,0.3289426048049149
568,3014,supported,0.3289426048049149
569,0,a,0.11307274950605055
569,30,and,0.13259964407327632
569,2128,tribute,0.45307157139442256
569,3015,jennifer,0.504763323715505
569,3016,leonardcohen,0.504763323715505
569,3017,warnes,0.504763323715505
570,1,about,0.14828971946530778
570,12,the,0.050791497960803185
570,30,and,0.08350334870474882
570,38,user,0.04316705572196468
570,42,by,0.14123199205724207
570,90,comey,0.22648374836083682
570,95,no,0.17061711942795227
570,138,its,0.1522608017553657
570,496,shit,0.2662755348179929
570,1587,media,0.45296749672167363
570,2788,false,0.28531745826896754
570,3018,character,0.31786984141745883
570,3019,coverage,0.28531745826896754
570,3020,diso,0.31786984141745883
570,3021,equivalency,0.31786984141745883
570,3022,systematic,0.31786984141745883
571,9,most,0.17627599188568094
571,104,news,0.1859633217505846
571,553,tcot,0.22397004161862086
571,939,saw,0.2637489665283531
571,1274,maga,0.19845246210730197
571,1457,voters,0.2336573714835245
571,1891,uniteblue,0.21605491679541322
571,3023,liberalmedia,0.2938405615731817
571,3024,mediabiashttpstcotoe24d1nlo,0.2938405615731817
571,3025,mrcyougov,0.2938405615731817
571,3026,msm,0.2938405615731817
571,3027,msmbias,0.2938405615731817
571,3028,p2,0.2637489665283531
571,3029,poll,0.2938405615731817
571,3030,rejected,0.2938405615731817
572,8,is,0.09231473472219584
572,10,my,0.15856719220598178
572,25,of,0.08684629238456966
572,30,and,0.09800978051094227
572,38,user,0.05066615557625856
572,96,one,0.20270745362588827
572,316,new,0.2107884909801341
572,506,thisisus,0.24616858861232532
572,512,our,0.2107884909801341
572,513,own,0.27432618153373284
572,564,does,0.24616858861232532
572,635,shows,0.29667612039109575
572,933,awesome,0.28437606145000194
572,2204,very,0.27432618153373284
572,2408,favorite,0.3125336543714094
572,3031,ep,0.37309106606644893
572,3032,recaps,0.37309106606644893
573,14,to,0.07569107531818334
573,427,an,0.1999744839912378
573,530,people,0.3721342987810892
573,547,gun,0.24132404115724698
573,1020,more,0.19161295915533877
573,1113,control,0.24622599348587546
573,1199,into,0.2803738131914605
573,3033,attempt,0.3813160095616121
573,3034,clearly,0.3813160095616121
573,3035,scare,0.3813160095616121
573,3036,supporting,0.3813160095616121
574,17,with,0.16982443039451586
574,46,like,0.22087543977629223
574,59,but,0.22761745713029555
574,65,him,0.2958187562383311
574,292,cant,0.30279776607696546
574,516,we,0.20235592616174566
574,562,can,0.20915566842466987
574,644,really,0.2646860313060363
574,846,around,0.3417323602345373
574,910,feel,0.31944466512270797
574,2741,draintheswamp,0.3417323602345373
574,3037,cabal,0.4483404472908612
575,0,a,0.07406378308753964
575,16,vegetarianism,0.2134934665849367
575,17,with,0.12523565052922506
575,25,of,0.07696125887008856
575,38,user,0.04489922376869857
575,40,you,0.11718774350608
575,67,i,0.09927283639448116
575,68,im,0.15982883093962125
575,116,in,0.08619398103441059
575,137,good,0.17963485124173573
575,199,on,0.10191389344413568
575,276,that,0.24076307613621772
575,597,yeah,0.2290491850368811
575,1065,though,0.2520077608471214
575,1181,thought,0.2431017800779675
575,1239,lot,0.2290491850368811
575,1474,point,0.26290780038008205
575,1509,veganism,0.27696039542116846
575,1816,requires,0.296766415723283
575,2792,sense,0.296766415723283
575,3038,defo,0.3306250310664839
575,3039,forgot,0.3306250310664839
576,12,the,0.05131500778603565
576,14,to,0.06374737978771569
576,77,as,0.13948777456071437
576,136,go,0.17669203362747715
576,141,so,0.14268767535951796
576,215,through,0.2690200464841742
576,263,trafficking,0.2882582357358859
576,740,wants,0.2447827944294001
576,1025,which,0.23613214473321684
576,1071,robots,0.22881812463014622
576,3040,altogether,0.32114613748684323
576,3041,candor,0.32114613748684323
576,3042,needful,0.32114613748684323
576,3043,oeje,0.32114613748684323
576,3044,regarding,0.2882582357358859
576,3045,uncommonly,0.32114613748684323
577,782,thewalkingdead,0.3273082638367902
577,3046,109,0.4724588078404683
577,3047,blank,0.4724588078404683
577,3048,cover,0.4724588078404683
577,3049,variant,0.4724588078404683
578,12,the,0.08228028823692331
578,38,user,0.13985796559430386
578,40,you,0.18251584352303943
578,80,for,0.1327275683488595
578,144,westworld,0.3567361565683031
578,3050,arelentlessfuckingexperiencethank,0.5149370115809049
578,3051,rideevanrachelwood,0.5149370115809049
578,3052,wild,0.5149370115809049
579,38,user,0.10121636947197306
579,122,via,0.2105473125089671
579,391,her,0.22736121777641966
579,1201,liberals,0.24588692919356486
579,3053,ag,0.3726641853933079
579,3054,escape,0.3726641853933079
579,3055,failureofduties,0.3726641853933079
579,3056,helped,0.3726641853933079
579,3057,kathleenwynne,0.3726641853933079
579,3058,premier,0.3726641853933079
580,12,the,0.06222245154075553
580,199,on,0.12003367012510123
580,927,inside,0.32620255804401405
580,952,take,0.24184048601945124
580,1213,uber,0.2968134707861991
580,2771,startup,0.3495299889476155
580,3059,accelerator,0.389408495475543
580,3060,cofounders,0.389408495475543
580,3061,expa,0.389408495475543
580,3062,labs,0.389408495475543
581,17,with,0.15196080331178746
581,30,and,0.10538866466769774
581,46,like,0.1976418185668391
581,530,people,0.39152003889241355
581,1777,share,0.3600960488383148
581,3063,ideologies,0.40118005618634184
581,3064,philosophiesstillwithher,0.40118005618634184
581,3065,relate,0.40118005618634184
581,3066,themthey,0.40118005618634184
582,0,a,0.19377783873350218
582,25,of,0.06711956365334669
582,174,would,0.16521219456036412
582,634,recount,0.21978137044078044
582,672,what,0.14205358490904024
582,844,war,0.22928752857797396
582,1174,leftists,0.19474101881697212
582,1191,start,0.22928752857797396
582,1577,election,0.199758704321366
582,1594,auditthevote,0.241543097954081
582,1621,fair,0.25881635283458193
582,1989,than,0.17022988006475803
582,2555,rather,0.25881635283458193
582,2773,children,0.241543097954081
582,3067,accept,0.25881635283458193
582,3068,bunch,0.2883451770911899
582,3069,civil,0.2883451770911899
582,3070,result,0.2883451770911899
582,3071,stealthevote,0.2883451770911899
583,8,is,0.08697909608022024
583,116,in,0.0916431320242143
583,918,free,0.25847058297623543
583,1165,picture,0.2944697272182829
583,1484,important,0.26793959649246746
583,1613,gay,0.2504646461222065
583,1615,marriage,0.27952873241588516
583,3072,sex,0.7030540417999602
583,3073,teen,0.3515270208999801
584,0,a,0.06960690804222441
584,8,is,0.076884422700969
584,12,the,0.09930105742541218
584,17,with,0.11769944832135504
584,30,and,0.08162754750158736
584,82,left,0.20502176472181674
584,138,its,0.14884044796647866
584,141,so,0.13805938706911666
584,239,all,0.1437342802203601
584,309,watching,0.19297709585001924
584,333,only,0.18066158140555272
584,431,mitt,0.27890814846516254
584,582,funny,0.23684289816089082
584,1286,supremacists,0.20064624674422718
584,1287,white,0.18640759492951436
584,1596,attack,0.23684289816089082
584,1725,gop,0.23684289816089082
584,3074,conspiracy,0.3107292819042366
584,3075,nuts,0.3107292819042366
584,3076,romneyromney,0.3107292819042366
584,3077,spine,0.3107292819042366
584,3078,theory,0.27890814846516254
585,1,about,0.17605219278638928
585,38,user,0.25624348213033293
585,59,but,0.1915919981804516
585,67,i,0.1133116127339857
585,95,no,0.20255967919081203
585,116,in,0.09838319679072455
585,592,rightists,0.5097467459541464
585,919,know,0.23883351489469007
585,1284,yes,0.24899894463944539
585,1483,any,0.2774802832234638
585,1999,wouldnt,0.30008719346985446
585,3079,cucks,0.3773807301274019
585,3080,gov,0.3387339617986282
586,14,to,0.07276019711917117
586,25,of,0.08532389332540932
586,80,for,0.09448029942801171
586,406,poroshenko,0.2793910029459255
586,1364,appointment,0.307054998595708
586,3081,alter,0.366550850331671
586,3082,andriyparubiy,0.366550850331671
586,3083,cec,0.366550850331671
586,3084,members,0.366550850331671
586,3085,ready,0.366550850331671
586,3086,recommendation,0.366550850331671
587,52,efron,0.20989641140621873
587,58,zac,0.20989641140621873
587,116,in,0.07679951977143915
587,517,2,0.17672529546330965
587,519,neighbors,0.2467739058898091
587,522,zacefron,0.4935478117796182
587,843,their,0.1739163435368381
587,1429,rogen,0.2644212268457644
587,1430,seth,0.2644212268457644
587,2827,short,0.2644212268457644
587,3087,flex,0.29458952128207316
587,3088,muscles,0.29458952128207316
587,3089,pic,0.2644212268457644
587,3090,shorts,0.29458952128207316
588,17,with,0.11843450500320957
588,38,user,0.1273826738537179
588,116,in,0.08151306305295414
588,199,on,0.09637927756193802
588,345,suppression,0.22277872919599506
588,348,voter,0.4126043335974969
588,544,ya,0.2806499858405871
588,1594,auditthevote,0.2619195668213075
588,3091,fraudpotus,0.31266984864578967
588,3092,increasing,0.31266984864578967
588,3093,pls,0.31266984864578967
588,3094,re,0.31266984864578967
588,3095,thiscountry,0.31266984864578967
588,3096,turmoil,0.31266984864578967
589,14,to,0.08537908760831152
589,16,vegetarianism,0.2777414719093551
589,30,and,0.11299167345174355
589,284,young,0.26241617647697996
589,1541,keep,0.3064640895708077
589,3097,famke,0.4301222152011305
589,3098,janssen,0.4301222152011305
589,3099,plastics,0.4301222152011305
589,3100,taboo,0.4301222152011305
590,17,with,0.2546581304723219
590,37,up,0.33121104207453833
590,420,finally,0.4943308440331206
590,782,thewalkingdead,0.4657558530754733
590,2908,caught,0.6034542104879882
591,38,user,0.04607176891997296
591,42,by,0.15073549940673522
591,122,via,0.19167427520348843
591,410,access,0.22912713810377497
591,412,dakota,0.22912713810377497
591,416,pipeline,0.22384611977975627
591,3101,bombshttpstco3nkcojstxw,0.3392593179099285
591,3102,homemade,0.3392593179099285
591,3103,injured,0.3045164833772366
591,3104,protestor,0.3392593179099285
591,3105,protestors,0.3392593179099285
591,3106,sophia,0.3392593179099285
591,3107,wilansky,0.3392593179099285
592,25,of,0.13036008339926472
592,38,user,0.038026057791815976
592,380,doing,0.18911368066508918
592,673,aleppo,0.19951057490571686
592,720,world,0.1847549092808692
592,1008,potus,0.2513374603778978
592,1337,russia,0.20588779855438644
592,1456,nothing,0.2134304532150833
592,2062,eu,0.2513374603778978
592,2610,un,0.2134304532150833
592,3108,assad,0.2513374603778978
592,3109,bombing,0.2800130043121119
592,3110,civilians,0.2800130043121119
592,3111,guilty,0.5600260086242238
592,3112,slaughter,0.2800130043121119
593,0,a,0.06372830000141098
593,8,is,0.07039119669488005
593,10,my,0.2418191299474627
593,12,the,0.045457324251676215
593,14,to,0.05647052272285764
593,17,with,0.10775921476175632
593,138,its,0.13627022068841538
593,141,so,0.12639966757055832
593,324,cohen,0.19213519178758554
593,328,leonard,0.19213519178758554
593,333,only,0.1654039201333051
593,389,be,0.11455316947467334
593,547,gun,0.18004361402523705
593,646,song,0.452438870305336
593,829,emotional,0.25535313459755776
593,1515,head,0.2168404787933537
593,1955,because,0.19213519178758554
593,2964,might,0.2383110129150165
593,3113,familiar,0.28448683404244746
593,3114,favourite,0.28448683404244746
593,3115,stranger,0.28448683404244746
593,3116,trajectory,0.28448683404244746
594,14,to,0.07027392020400841
594,20,at,0.3098366419638169
594,30,and,0.0930013199519389
594,38,user,0.09615406382746187
594,40,you,0.2509637544499237
594,80,for,0.18250365682710643
594,531,they,0.1761261413009002
594,914,smile,0.31777049227293075
594,1395,saudi,0.31777049227293075
594,1944,selling,0.296562671953939
594,2590,arms,0.296562671953939
594,3117,arabia,0.3540255005732
594,3118,boomboomb,0.3540255005732
594,3119,defending,0.3540255005732
595,80,for,0.1212446869548618
595,127,homeopathy,0.33515322731547603
595,375,high,0.39403756558824454
595,1250,home,0.3740446336321548
595,1760,blood,0.422216020532926
595,1823,pressure,0.422216020532926
595,3120,medicine,0.47038740743369717
596,0,a,0.08554787119637089
596,199,on,0.11771632862953733
596,203,tony,0.25791927038647605
596,396,allen,0.24659706565471898
596,400,grayson,0.24168772589287763
596,408,travel,0.34278204608718205
596,1956,call,0.30367342452454776
596,3121,bennett,0.38189066764981633
596,3122,smiles,0.38189066764981633
596,3123,someplace,0.38189066764981633
596,3124,somewhere,0.38189066764981633
597,8,is,0.08221689594560262
597,12,the,0.10618828130357448
597,14,to,0.06595755305629965
597,38,user,0.09024808560654181
597,42,by,0.14763477258745394
597,46,like,0.1636983893326623
597,69,just,0.14326814071910232
597,80,for,0.08564695546510837
597,184,trump,0.13046850289260886
597,435,transition,0.25326961209404386
597,695,bought,0.2982523821493421
597,922,paid,0.26422423021787783
597,1309,soros,0.25326961209404386
597,1476,bills,0.2783471893005933
597,2564,stein,0.26422423021787783
597,3125,aka,0.33228053408080627
597,3126,bernie,0.33228053408080627
597,3127,disrupt,0.33228053408080627
597,3128,paying,0.33228053408080627
598,12,the,0.04961819230970333
598,25,of,0.07228291771171887
598,184,trump,0.1219270372853589
598,254,from,0.13292281850742974
598,323,been,0.19285141370113792
598,413,has,0.15011311410940248
598,1370,political,0.246926092161785
598,2905,chief,0.2601244543755005
598,3129,contributions,0.3105269100958204
598,3130,energy,0.3105269100958204
598,3131,executive,0.3105269100958204
598,3132,generous,0.3105269100958204
598,3133,kelcy,0.3105269100958204
598,3134,recipient,0.3105269100958204
598,3135,transfer,0.3105269100958204
598,3136,warren,0.3105269100958204
599,8,is,0.12412314688852043
599,38,user,0.13624786313460535
599,116,in,0.13077893942556618
599,438,over,0.30093868788690686
599,517,2,0.30093868788690686
599,745,popular,0.35742450154155714
599,747,vote,0.35742450154155714
599,993,ahead,0.39890028152533297
599,2257,clinton,0.4202217642274321
599,3137,million,0.4202217642274321
600,0,a,0.07824259302109896
600,8,is,0.17284596498396107
600,35,president,0.20953399592558272
600,38,user,0.04743251756591086
600,71,not,0.14064296424485503
600,80,for,0.09002851843920028
600,95,no,0.18747629132819452
600,184,trump,0.13714306544366586
600,238,way,0.23045750700297848
600,273,it,0.13004128931819026
600,290,this,0.12445706495050286
600,359,matter,0.2777415245302511
600,564,does,0.23045750700297848
600,672,what,0.17207294039198953
600,838,hamas,0.2777415245302511
600,1439,worth,0.31351050297177635
600,2305,jew,0.2925869918943806
600,3138,elect,0.2925869918943806
600,3139,repr,0.34927948141330156
600,3140,scottsman,0.34927948141330156
601,12,the,0.10443279574577592
601,14,to,0.0648671546583159
601,42,by,0.14519410109409753
601,124,who,0.17137787680049402
601,195,doctor,0.293321727438533
601,276,that,0.11898422067667581
601,370,arent,0.2737456036559958
601,777,uk,0.2598561227913919
601,1223,achieve,0.293321727438533
601,1269,vaccines,0.22639051814425076
601,1769,health,0.2490826044430841
601,2676,beat,0.293321727438533
601,3010,british,0.293321727438533
601,3141,gmc,0.3267873320856742
601,3142,necessary,0.3267873320856742
601,3143,proving,0.3267873320856742
602,273,it,0.2802594356135754
602,542,was,0.33975046260145253
602,644,really,0.44440112669835236
602,787,fantasticbeasts,0.45925170720877817
602,2802,fantastic,0.6305709951517886
603,8,is,0.07263141554809169
603,12,the,0.046904015877712556
603,31,are,0.11670323465940055
603,239,all,0.1357833468529023
603,245,out,0.14902734987051391
603,316,new,0.16584423415401142
603,438,over,0.17609610650656898
603,483,place,0.22374148561723176
603,531,they,0.2920704384109198
603,916,bad,0.2033580424955924
603,1060,something,0.22374148561723176
603,1541,keep,0.20914912447273215
603,1698,lost,0.2334189297967015
603,3144,angular,0.2935407043989197
603,3145,completely,0.2935407043989197
603,3146,hiding,0.2935407043989197
603,3147,hombres,0.2334189297967015
603,3148,throwing,0.2634798170978106
603,3149,versioning,0.2935407043989197
603,3150,versions,0.2935407043989197
604,0,a,0.07086128899148683
604,10,my,0.1344427456129982
604,67,i,0.09498031096304355
604,68,im,0.15291788383260974
604,116,in,0.08246698109097363
604,142,story,0.26498471723945316
604,498,taylor,0.26498471723945316
604,646,song,0.2515397518761555
604,745,popular,0.4507716569586435
604,1054,down,0.24111102653747238
604,1222,putting,0.2839343316109004
604,1494,music,0.2515397518761555
604,1701,said,0.21914517214141066
604,3151,arianagrande,0.3163289113456453
604,3152,justin,0.2839343316109004
604,3153,songahh,0.3163289113456453
605,290,this,0.1400199328213714
605,668,his,0.20380159581553434
605,927,inside,0.329173847750238
605,937,model,0.2653921847560751
605,938,s,0.25374193215760105
605,941,tesla,0.25374193215760105
605,1165,picture,0.329173847750238
605,1166,took,0.2995170633505978
605,2666,beautiful,0.35271376182911596
605,3154,dorst,0.39295551074440094
605,3155,micha,0.39295551074440094
606,8,is,0.07041179687979533
606,20,at,0.12452526855233712
606,38,user,0.038644914767413295
606,67,i,0.08544446828184639
606,71,not,0.22917338757430583
606,89,class,0.21690393777927808
606,116,in,0.07418745294347402
606,344,she,0.1837545535770767
606,959,shes,0.19714341341167277
606,1120,hope,0.19714341341167277
606,2255,medicaid,0.23838075531412187
606,2256,press,0.2554278644222858
606,2303,income,0.2554278644222858
606,3156,64,0.2845700899275923
606,3157,dies,0.2845700899275923
606,3158,pain,0.2845700899275923
606,3159,pensioner,0.2845700899275923
606,3160,poorlowermiddle,0.2845700899275923
606,3161,qhp,0.2845700899275923
606,3162,significant,0.2845700899275923
607,5,ever,0.2596718163766788
607,9,most,0.2118623712687812
607,12,the,0.056430526619906024
607,17,with,0.13377182527256276
607,38,user,0.19183838121105684
607,652,may,0.26918483681692507
607,953,before,0.2596718163766788
607,981,see,0.19952827695150183
607,1020,more,0.17746480878083892
607,1989,than,0.20849493473762643
607,2384,active,0.31699428192482265
607,3163,2018,0.3531607309872214
607,3164,challenges,0.3531607309872214
607,3165,democratic,0.31699428192482265
607,3166,primaries,0.3531607309872214
608,1,about,0.216663445274881
608,30,and,0.12200524276123728
608,38,user,0.1261412193484079
608,63,everything,0.3539990624590621
608,69,just,0.2002482140493944
608,116,in,0.1210779714609891
608,367,vr,0.3217488083998201
608,512,our,0.2623952515681324
608,516,we,0.20961962190273564
608,1195,loved,0.3693105106559912
608,1846,tried,0.4168722129121622
608,3167,ithttpstcotbrbw2fwx6,0.46443391516833327
609,0,a,0.06712034883164815
609,14,to,0.11895252764563928
609,38,user,0.04068994906813351
609,71,not,0.12065045976027519
609,251,when,0.1627941940720957
609,252,being,0.18608339824711695
609,349,were,0.18280277033554398
609,391,her,0.18280277033554398
609,866,waste,0.26894474619695485
609,900,case,0.22031113724155618
609,1785,other,0.22031113724155618
609,2613,death,0.23826035528343453
609,3044,regarding,0.26894474619695485
609,3168,demographics,0.2996291371104752
609,3169,due,0.2996291371104752
609,3170,guarantees,0.2996291371104752
609,3171,murderers,0.2996291371104752
609,3172,penalty,0.2996291371104752
609,3173,taxpayers,0.2996291371104752
610,0,a,0.12508292692812364
610,38,user,0.15165648017605632
610,70,need,0.3406642838148961
610,80,for,0.14392455769380064
610,345,suppression,0.39784654662012353
610,348,voter,0.3684220882188526
610,2551,heres,0.46774571130810255
610,3174,documentation,0.5583774535607702
611,0,a,0.06542294470407141
611,10,my,0.12412475749854643
611,12,the,0.09333222479955096
611,38,user,0.07932188477068179
611,67,i,0.35076368045504974
611,80,for,0.07527780657843215
611,94,had,0.20808829197921422
611,96,one,0.15867729745618878
611,103,galaxy,0.21473969668419396
611,105,note,0.21473969668419396
611,133,two,0.24464811112120005
611,171,love,0.1627898098310505
611,316,new,0.16500304988945044
611,337,weeks,0.24464811112120005
611,367,vr,0.20232658314886368
611,518,first,0.19269822426805663
611,542,was,0.13181594073795153
611,875,7,0.23223499758586977
611,957,old,0.23223499758586977
611,2406,wish,0.24464811112120005
611,2832,traded,0.2621434120228759
611,3175,early,0.292051826459882
611,3176,gear,0.292051826459882
612,8,is,0.07965748960034458
612,12,the,0.05144132368615871
612,14,to,0.0639042989426722
612,25,of,0.07493882372376044
612,38,user,0.0437193344383285
612,67,i,0.09666408393450923
612,199,on,0.09923573766775368
612,310,while,0.2174278568955346
612,378,reporting,0.28896780590036264
612,410,access,0.2174278568955346
612,412,dakota,0.2174278568955346
612,416,pipeline,0.21241648850888203
612,426,your,0.1570923743397757
612,1749,shameful,0.28896780590036264
612,3019,coverage,0.28896780590036264
612,3177,cnns,0.3219366637905094
612,3178,commitment,0.3219366637905094
612,3179,diversified,0.3219366637905094
612,3180,lack,0.28896780590036264
612,3181,respect,0.3219366637905094
613,77,as,0.1765464449869575
613,98,5,0.24384112657909882
613,352,fcblive,0.2988669855195778
613,986,could,0.27451765504189035
613,1625,barcelona,0.36484177138572005
613,3182,replacement,0.40646722677417485
613,3183,rightbacks,0.40646722677417485
613,3184,sign,0.3404924409080326
613,3185,vidals,0.40646722677417485
614,6,have,0.17536150957367752
614,12,the,0.19778745387974767
614,14,to,0.08190217302697625
614,20,at,0.18055271562017086
614,25,of,0.09604443845894493
614,46,like,0.20327093996220488
614,116,in,0.10756649031644652
614,251,when,0.2241767958121858
614,283,top,0.32809796025562743
614,478,time,0.2517297349146525
614,542,was,0.18622749256088003
614,614,bob,0.26112673510508083
614,615,dylan,0.2786637871157602
614,1028,id,0.29398387349526545
614,3186,charts,0.4126062374168533
614,3187,lived,0.4126062374168533
615,614,bob,0.5069664780205883
615,615,dylan,0.5410139204976684
615,2694,fuck,0.6710357129029295
616,12,the,0.04315454572444575
616,14,to,0.10721967449885926
616,17,with,0.10230034515274192
616,77,as,0.2346109571055984
616,273,it,0.2011050803660205
616,427,an,0.28327248610863665
616,981,see,0.30517355292537934
616,1174,leftists,0.18240200134451973
616,1201,liberals,0.17819792355866698
616,3188,compromise,0.27007529127134894
616,3189,impediment,0.5401505825426979
616,3190,opposition,0.27007529127134894
616,3191,revolutionary,0.27007529127134894
616,3192,solidarity,0.2424174476671823
616,3193,whereas,0.27007529127134894
617,0,a,0.08752955483202898
617,5,ever,0.287300887181905
617,8,is,0.09668091115972376
617,12,the,0.062434732379748385
617,25,of,0.09095382989347611
617,144,westworld,0.270693345183581
617,199,on,0.12044318224766455
617,269,work,0.25781153482771657
617,327,ive,0.3273154449680827
617,587,tv,0.3273154449680827
617,616,greatest,0.3107079029697587
617,991,true,0.3107079029697587
617,1490,art,0.3273154449680827
617,1610,seen,0.3107079029697587
617,3194,masterpiece,0.3507224607559364
618,12,the,0.051856486111872574
618,25,of,0.07554362510925962
618,30,and,0.08525423380394007
618,38,user,0.04407217576579411
618,76,america,0.2386238220011918
618,80,for,0.08365047634406071
618,116,in,0.08460627964687364
618,273,it,0.12082855504513017
618,542,was,0.14647698616167326
618,592,rightists,0.21918263049034406
618,611,remains,0.2580650135120396
618,843,their,0.1915951407017989
618,1408,still,0.2095608964790072
618,1955,because,0.21918263049034406
618,3195,corporate,0.3245348863222803
618,3196,decades,0.3245348863222803
618,3197,ideas,0.3245348863222803
618,3198,internalized,0.3245348863222803
618,3199,pockets,0.3245348863222803
618,3200,shitty,0.3245348863222803
619,20,at,0.14750058103760302
619,80,for,0.08688254317779878
619,298,days,0.24016693411280082
619,902,immigration,0.2680360669665326
619,1778,cuban,0.2823627712333549
619,1948,international,0.2823627712333549
619,3201,bridgecuban,0.3370741866145932
619,3202,hidalgo,0.3370741866145932
619,3203,immigrants,0.3370741866145932
619,3204,reynosa,0.3370741866145932
619,3205,reynosahidalgo,0.3370741866145932
619,3206,stranded,0.3370741866145932
620,8,is,0.08475815878190854
620,12,the,0.05473524087713821
620,31,are,0.13618833144005402
620,40,you,0.12141484762865222
620,116,in,0.08930310253185256
620,136,go,0.18846886006520713
620,465,if,0.17213341142926705
620,697,havent,0.27239120379406945
620,787,fantasticbeasts,0.20898930755540446
620,915,watch,0.2440692442434814
620,1466,movie,0.26109798660730754
620,1569,please,0.2260180499192306
620,3207,alreadythe,0.3425510771702234
620,3208,amazingthe,0.3425510771702234
620,3209,splendid,0.3425510771702234
620,3210,theatres,0.3425510771702234
620,3211,visuals,0.3425510771702234
621,12,the,0.10629713665068324
621,31,are,0.26448097140572685
621,648,dems,0.4739882640840729
621,916,bad,0.46086411211627015
621,1274,maga,0.4492877896590473
621,3147,hombres,0.5289901816114226
622,805,onedirection,0.26736457426933025
622,1639,gets,0.26736457426933025
622,2287,off,0.2562797588890496
622,3212,bispak,0.33622973736830813
622,3213,boob,0.33622973736830813
622,3214,chinese,0.33622973736830813
622,3215,hubby,0.33622973736830813
622,3216,memek,0.33622973736830813
622,3217,tits,0.33622973736830813
622,3218,wife,0.33622973736830813
623,38,user,0.4839860709238426
623,40,you,0.42107064650769493
623,1582,thank,0.7671095057430152
624,20,at,0.13443213779681357
624,153,mosul,0.2757489645784673
624,458,us,0.15437419556368362
624,674,army,0.25734563690603723
624,915,watch,0.21888831999013902
624,1544,isis,0.22588494045157734
624,1587,media,0.21888831999013902
624,1596,attack,0.23416018605059358
624,2775,killed,0.25734563690603723
624,3219,eastern,0.30720966103292724
624,3220,france,0.2757489645784673
624,3221,prosecutor,0.30720966103292724
624,3222,tweetmovie,0.30720966103292724
624,3223,unfold,0.30720966103292724
624,3224,ux,0.30720966103292724
625,14,to,0.13140892092045
625,352,fcblive,0.4867630706917791
625,3225,istanbul,0.6620110116753206
625,3226,trip,0.5545582286233354
626,12,the,0.061537636052019805
626,14,to,0.07644670099248937
626,30,and,0.10117044954419914
626,67,i,0.23127240087191916
626,69,just,0.16605189561769285
626,141,so,0.17111294754148415
626,144,westworld,0.2668038753861014
626,389,be,0.15507580720565295
626,438,over,0.2310364669121684
626,562,can,0.17966390346972005
626,915,watch,0.2744017215062664
626,1012,want,0.25410715791562727
626,2718,without,0.3226123979220292
626,3227,guilt,0.3851226956951814
626,3228,insecure,0.3851226956951814
626,3229,semester,0.3851226956951814
627,0,a,0.0775575241472391
627,50,too,0.215019258751917
627,68,im,0.16736828579730137
627,116,in,0.09025992849327784
627,144,westworld,0.23985390644178436
627,290,this,0.12336735590537251
627,638,actually,0.2638954855180832
627,835,dying,0.3107654982509308
627,3230,brought,0.3107654982509308
627,3231,cop,0.346221294155504
627,3232,hosts,0.346221294155504
627,3233,kill,0.3107654982509308
627,3234,p90,0.346221294155504
627,3235,shapewood,0.346221294155504
628,38,user,0.18722634346016465
628,127,homeopathy,0.9823168003829195
629,8,is,0.13663668249448
629,62,even,0.3643585109523076
629,144,westworld,0.3825640471893471
629,1020,more,0.2774923219447365
629,1989,than,0.32601248637136565
629,2169,community,0.46258662638953907
629,3236,meta,0.5522187296432916
630,20,at,0.1293031775344835
630,25,of,0.06878241091306704
630,30,and,0.07762391244926542
630,31,are,0.11747772376175648
630,38,user,0.04012768117721953
630,40,you,0.10473393556901707
630,71,not,0.11898326967769188
630,80,for,0.07616369255048805
630,82,left,0.19496593983361699
630,95,no,0.15860403859549702
630,257,or,0.16054464718766265
630,278,why,0.17726475033940436
630,323,been,0.18351203302640073
630,426,your,0.14418684076197819
630,453,join,0.24752718451059844
630,502,life,0.187006417889182
630,761,minimum,0.18351203302640073
630,766,wage,0.187006417889182
630,1214,use,0.2105371212848528
630,1751,put,0.24752718451059844
630,1987,once,0.24752718451059844
630,3103,injured,0.2652283740048111
630,3237,abandoned,0.2954887573155193
630,3238,homeless,0.2954887573155193
630,3239,risk,0.2954887573155193
630,3240,youve,0.2954887573155193
631,0,a,0.11073156964232969
631,12,the,0.07898470327965755
631,25,of,0.11506353903448269
631,38,user,0.06712810656395746
631,141,so,0.21962665867513662
631,528,many,0.31283608670952867
631,1337,russia,0.3634575573740385
631,2565,basket,0.44369069010864265
631,3241,deplorablesneed,0.49431216077315243
631,3242,size,0.49431216077315243
632,38,user,0.05125536642257146
632,463,fun,0.3161681953563925
632,516,we,0.17035082719962955
632,639,beautyandthebeast,0.24371659329809225
632,882,next,0.24903135174843127
632,2213,week,0.30012624969315743
632,2389,open,0.3387780478827404
632,3243,liveband,0.3774298460723234
632,3244,panto,0.3774298460723234
632,3245,sitzprobe,0.3774298460723234
632,3246,yesterday,0.3387780478827404
633,0,a,0.07362298374664146
633,12,the,0.052515190966538734
633,25,of,0.07650321486031213
633,37,up,0.16191338763913468
633,38,user,0.13389600222767356
633,71,not,0.13233910419975758
633,273,it,0.1223633747322725
633,626,anyone,0.2276859717956916
633,648,dems,0.23416984679533495
633,905,youre,0.21685080513367536
633,1239,lot,0.2276859717956916
633,1577,election,0.2276859717956916
633,1790,turn,0.27531203296023055
633,2050,dead,0.26134307359604037
633,2964,might,0.27531203296023055
633,3247,besides,0.3286572771967378
633,3248,fooling,0.3286572771967378
633,3249,polluting,0.3286572771967378
633,3250,quit,0.3286572771967378
634,0,a,0.09070153812981421
634,8,is,0.1001845304343997
634,12,the,0.06469730447542851
634,14,to,0.08037187983744126
634,38,user,0.05498542589759788
634,444,last,0.28849096039154665
634,614,bob,0.2562477380092993
634,615,dylan,0.273457120676607
634,1025,which,0.29771238324547705
634,3251,clings,0.40489693628670265
634,3252,patriotism,0.40489693628670265
634,3253,resort,0.40489693628670265
634,3254,scoundrel,0.40489693628670265
635,30,and,0.3842645387986142
635,171,love,0.40767401898358935
635,229,valentines,0.5574731191559567
635,499,books,0.6126715105880025
636,0,a,0.12285057194681831
636,6,have,0.23308026748767835
636,12,the,0.08762917390494887
636,14,to,0.10885958066487353
636,38,user,0.22342480048986788
636,136,go,0.301731941792178
636,145,will,0.26760343637629813
636,199,on,0.16904591660057314
636,713,fatty,0.43608862928049424
636,716,kim,0.34058899130284126
636,719,third,0.3907461793521517
636,1350,diet,0.4593978536566513
637,14,to,0.06491660721577666
637,31,are,0.26004034610569043
637,50,too,0.203104601683979
637,59,but,0.1660327742956037
637,71,not,0.13168645781101695
637,116,in,0.08525844117899593
637,141,so,0.1453047922391792
637,173,there,0.22656311073238067
637,243,fossil,0.206972062765311
637,244,fuels,0.2111762323133104
637,290,this,0.11653131829868225
637,528,many,0.206972062765311
637,530,people,0.15958087531415358
637,1202,money,0.22656311073238067
637,1214,use,0.2330150097138308
637,1408,still,0.2111762323133104
637,2066,lets,0.2739542981835381
637,2652,economy,0.26005422844149423
637,3255,hungry,0.3270364638597213
637,3256,strive,0.3270364638597213
637,3257,ways,0.29354534615060773
638,0,a,0.09114967544526371
638,1,about,0.18982206063456977
638,14,to,0.080768980473336
638,30,and,0.10689060427233951
638,33,guy,0.28188890719283693
638,38,user,0.11051419475626728
638,40,you,0.14422197113691673
638,44,he,0.1985498804539231
638,48,me,0.2087635989595434
638,74,tell,0.3652279339317508
638,77,as,0.17673330852626637
638,290,this,0.144987795509913
638,494,means,0.2899163338437177
638,672,what,0.20045849791062764
638,1216,fellow,0.3652279339317508
638,2180,miguel,0.3652279339317508
638,3258,puertoriqueГ±o,0.40689744730120775
639,6,have,0.12897381621441575
639,8,is,0.07508604689472381
639,12,the,0.0484891710999749
639,14,to,0.06023691194962261
639,25,of,0.07063817929222538
639,62,even,0.20022617455573802
639,67,i,0.09111665426261038
639,77,as,0.1318064024316449
639,81,how,0.13696546327646172
639,141,so,0.13483008973152982
639,218,animal,0.20494994684099094
639,265,get,0.15406383720505393
639,380,doing,0.20494994684099094
639,386,testing,0.22312871930010378
639,516,we,0.13696546327646172
639,528,many,0.19205190251834148
639,562,can,0.1415678975459554
639,847,dont,0.16097508573657918
639,1180,same,0.1959530027413146
639,1570,yet,0.22312871930010378
639,1620,considering,0.27238430854097895
639,3259,cruel,0.3034611253227412
639,3260,forms,0.3034611253227412
639,3261,humans,0.27238430854097895
639,3262,regarded,0.3034611253227412
639,3263,unethical,0.3034611253227412
640,6,have,0.1864124856406195
640,12,the,0.07008389126342142
640,67,i,0.13169558366880096
640,199,on,0.135199216306784
640,427,an,0.23002024214462663
640,977,ad,0.3487741206924994
640,1306,now,0.23542348868888735
640,1428,official,0.3936910412902084
640,2697,posted,0.3936910412902084
640,3264,pasteur,0.4386079618879174
640,3265,website,0.4386079618879174
641,12,the,0.07401363403823659
641,14,to,0.09194532831754584
641,37,up,0.22819679407144894
641,38,user,0.251613029186835
641,65,him,0.3056242553185683
641,68,im,0.22391821577628518
641,96,one,0.2516662053073714
641,124,who,0.24291793330209321
641,340,going,0.28259779037111843
641,422,miss,0.33003329178681234
641,424,thankyouobama,0.277876265787482
641,707,obama,0.2693107307737044
641,905,youre,0.3056242553185683
641,3230,brought,0.4157660787507372
642,12,the,0.06521015100680454
642,14,to,0.16201795309388212
642,136,go,0.22453692772668124
642,137,good,0.2217320020109388
642,276,that,0.14859276613911426
642,389,be,0.164330602443589
642,562,can,0.19038609584918978
642,882,next,0.2692720618253926
642,889,maduro,0.2827265088379566
642,1306,now,0.21905178167473824
642,3266,fidelcastro,0.34186563759743804
642,3267,nicolas,0.3663131682581076
642,3268,riddance,0.40810649796818316
642,3269,sob,0.40810649796818316
643,854,ashley,0.18982492509214333
643,855,graham,0.20306903437615462
643,3270,alexis,0.2664191990499325
643,3271,cates,0.2664191990499325
643,3272,curtis,0.2664191990499325
643,3273,dziena,0.2664191990499325
643,3274,gretchen,0.2664191990499325
643,3275,heather,0.2664191990499325
643,3276,holmes,0.2664191990499325
643,3277,jamie,0.2664191990499325
643,3278,judd,0.2664191990499325
643,3279,katie,0.2664191990499325
643,3280,lee,0.2664191990499325
643,3281,mol,0.2664191990499325
643,3282,phoebe,0.2664191990499325
644,0,a,0.07470845218773044
644,14,to,0.0662001865225237
644,116,in,0.0869442343144738
644,379,wall,0.23762235531394785
644,469,some,0.1939024084852195
644,636,stillwithher,0.23762235531394785
644,2729,those,0.2310428846004402
644,3283,grieve,0.3335028713872553
644,3284,nyc,0.3335028713872553
644,3285,offers,0.3335028713872553
644,3286,organize,0.3335028713872553
644,3287,resisthttpstco93ksnw0cuk,0.3335028713872553
644,3288,solace,0.3335028713872553
644,3289,subway,0.3335028713872553
645,12,the,0.04779657226460812
645,25,of,0.06962921338086026
645,33,guy,0.20722782882965057
645,38,user,0.04062170601578815
645,69,just,0.128973290781873
645,209,fracking,0.21994164293607385
645,290,this,0.10658633704150285
645,531,they,0.14881418525291645
645,707,obama,0.17391565719377922
645,819,against,0.2131291117588625
645,978,coming,0.23786075748914373
645,1013,approved,0.2684936861486369
645,1057,plan,0.22799915712497265
645,1983,change,0.23786075748914373
645,3290,1500,0.29912661480813
645,3291,climate,0.29912661480813
645,3292,horror,0.29912661480813
645,3293,june,0.29912661480813
645,3294,offshore,0.29912661480813
645,3295,wells,0.29912661480813
646,12,the,0.17819579201670463
646,237,trumptransitionteam,0.3600597796314786
646,571,latest,0.36791164860161074
646,1274,maga,0.3765914870540115
646,2622,daily,0.5005007973152104
646,3296,inewstv,0.5576038355210647
647,25,of,0.11494633342237183
647,38,user,0.06705972877125535
647,639,beautyandthebeast,0.31886551173746275
647,1855,gaston,0.44323873947894327
647,3297,beourguest,0.4938086462813907
647,3298,courtesy,0.4938086462813907
647,3299,disney,0.44323873947894327
648,8,is,0.08258057762287938
648,12,the,0.05332899950778912
648,25,of,0.07768875695852338
648,38,user,0.04532364639306174
648,40,you,0.11829549382929877
648,80,for,0.08602580981200328
648,81,how,0.1506363371028695
648,116,in,0.08700875404303524
648,138,its,0.15986762643097818
648,150,areas,0.2653930107965849
648,245,out,0.16944134354321178
648,269,work,0.22021126206331412
648,273,it,0.12425959480994098
648,347,them,0.20727423687970933
648,413,has,0.16133965821418053
648,530,people,0.16285699032463802
648,641,did,0.21122109498951402
648,761,minimum,0.20727423687970933
648,766,wage,0.21122109498951402
648,908,where,0.21122109498951402
648,916,bad,0.2312143373059359
648,981,see,0.18856183028395018
648,1078,puts,0.29957168428723385
648,2429,12,0.29957168428723385
648,3300,computers,0.29957168428723385
648,3301,mcdonalds,0.3337503577778828
649,1544,isis,0.35268922292422833
649,1928,issue,0.43054524947486855
649,3302,8httpstcojf9wos9esv,0.4796669331205169
649,3303,dabiq,0.4796669331205169
649,3304,magazine,0.4796669331205169
650,14,to,0.08768156072346266
650,136,go,0.24303168737996067
650,172,nationalfastfoodday,0.33668736699914203
650,273,it,0.16445869098490565
650,952,take,0.274329316172896
650,1284,yes,0.2914515853239314
650,2091,retweeted,0.3700245817189864
650,2156,ill,0.32478880004377575
650,3305,afv,0.44172159936500444
650,3306,afvofficialum,0.44172159936500444
651,12,the,0.11812357414065021
651,25,of,0.08604018195714264
651,38,user,0.1003917409748795
651,80,for,0.09527345550382443
651,145,will,0.1803638728317581
651,199,on,0.2278728301650035
651,290,this,0.1317077615545358
651,347,them,0.22955590685637148
651,446,medicare,0.24388364286810557
651,531,they,0.18388832725897836
651,1826,citizens,0.3096327056861731
651,1870,pay,0.3317751916025919
651,2994,senior,0.3096327056861731
651,3307,backs,0.3696280212953003
651,3308,services,0.3696280212953003
651,3309,shame,0.3696280212953003
652,8,is,0.09405982897594901
652,12,the,0.06074208630591332
652,13,thing,0.2567395374472438
652,14,to,0.07545840898995222
652,30,and,0.09986253246106114
652,37,up,0.18727832432953903
652,63,everything,0.28975183415015393
652,79,do,0.22804966055454456
652,249,then,0.279511973861352
652,465,if,0.19102396126541896
652,513,own,0.279511973861352
652,1071,robots,0.27085429534756644
652,1500,making,0.30228441027546027
652,2357,resources,0.3412141474569614
652,3300,computers,0.3412141474569614
652,3310,wind,0.38014388463846244
653,0,a,0.0662558897451208
653,12,the,0.09452050230935333
653,38,user,0.040165893445441365
653,40,you,0.10483367024394676
653,67,i,0.17761474849492884
653,77,as,0.128465872717654
653,116,in,0.07710730759403682
653,719,third,0.2107376088463857
653,720,world,0.19515159947226252
653,768,enjoy,0.24776289649019037
653,1024,theyre,0.1997556514602469
653,1120,hope,0.40980508738194676
653,1175,bit,0.24776289649019037
653,1201,liberals,0.19515159947226252
653,1287,white,0.1774335537187058
653,3311,awaits,0.29577014152013387
653,3312,christmas,0.29577014152013387
653,3313,england,0.29577014152013387
653,3314,pilled,0.29577014152013387
653,3315,welcoming,0.29577014152013387
654,14,to,0.0884755772505273
654,30,and,0.11708960370961963
654,243,fossil,0.2820845622296001
654,244,fuels,0.28781447239545266
654,254,from,0.19079371696931216
654,370,arent,0.37337540748988807
654,516,we,0.20117396517446762
654,1794,divest,0.4000762680580911
654,2006,supposed,0.3544308454279471
654,2287,off,0.33973630148029643
654,3316,phase,0.4457216906882351
655,0,a,0.06637631274381003
655,8,is,0.07331606344633321
655,12,the,0.047346148743324955
655,14,to,0.05881696321690425
655,38,user,0.04023889672639253
655,80,for,0.07637478341458849
655,116,in,0.15449490704550844
655,145,will,0.14458646063056824
655,389,be,0.11931303679334362
655,483,place,0.22585054733276233
655,542,was,0.13373681277445318
655,672,what,0.2919526785909493
655,680,full,0.20527496309165222
655,685,words,0.2356192143221942
655,859,1st,0.24821321647040734
655,1025,which,0.21786896523986535
655,1785,other,0.21786896523986535
655,2351,dapl,0.2659634655527362
655,3317,eis,0.2963077167832782
655,3318,impossible,0.2963077167832782
655,3319,nearly,0.2963077167832782
655,3320,obtain,0.2963077167832782
655,3321,required,0.2963077167832782
656,12,the,0.0657578211297059
656,30,and,0.10810861046263777
656,46,like,0.20274269952979856
656,68,im,0.1989413730596313
656,313,holy,0.3693896643983998
656,496,shit,0.34473681015060703
656,1199,into,0.3025924774499636
656,1378,already,0.2851009989971129
656,2148,30,0.3693896643983998
656,3322,min,0.41153399709904326
656,3323,westworldfinale,0.41153399709904326
657,8,is,0.08075700221814
657,38,user,0.0886455851402183
657,70,need,0.1991236031595082
657,80,for,0.1682523109860274
657,138,its,0.15633736931767817
657,290,this,0.11629753082409065
657,458,us,0.16400755382591511
657,494,means,0.2325475303146593
657,532,think,0.19268464810756314
657,1020,more,0.16400755382591511
657,1618,support,0.22610857526271422
657,1945,ukraine,0.29295642957301643
657,2821,dropping,0.29295642957301643
657,3324,11,0.29295642957301643
657,3325,coupno,0.3263803567281675
657,3326,idiotsporoshenko,0.3263803567281675
657,3327,ua,0.3263803567281675
657,3328,useful,0.3263803567281675
658,0,a,0.17342057370186958
658,14,to,0.07683517721032576
658,38,user,0.05256583460996812
658,67,i,0.1162238244041246
658,298,days,0.2757961380285571
658,436,trumps,0.24039423395541434
658,518,first,0.2553984443459196
658,561,video,0.2614238508432211
658,1968,obamacare,0.2846117792770404
658,3329,100,0.387079758672187
658,3330,added,0.387079758672187
658,3331,fixing,0.387079758672187
658,3332,playlist,0.387079758672187
659,6,have,0.15546032925721956
659,12,the,0.05844707651419556
659,17,with,0.1385521733619805
659,38,user,0.09934687142408177
659,116,in,0.09535913577781145
659,119,security,0.21943329197387498
659,374,here,0.21594551979838594
659,446,medicare,0.24134532059282723
659,458,us,0.18380652952708612
659,491,great,0.21266926144300485
659,516,we,0.16509316885241093
659,693,socialism,0.3283221008199311
659,775,post,0.27880418093334225
659,1231,social,0.24134532059282723
659,2075,ect,0.3283221008199311
659,2253,education,0.3283221008199311
659,2465,success,0.3283221008199311
659,2538,office,0.3283221008199311
660,25,of,0.10365540673120431
660,31,are,0.3540789302594088
660,38,user,0.12094519684289179
660,257,or,0.2419415150159182
660,626,anyone,0.30849529730959646
660,636,stillwithher,0.31728040132789803
660,3333,ignorant,0.44530290400477196
660,3334,pedophiles,0.44530290400477196
660,3335,pizzagate,0.44530290400477196
661,8,is,0.10889238196998632
661,14,to,0.08735765293260703
661,18,4,0.2841778213812503
661,38,user,0.17929396805061193
661,48,me,0.2257933418992494
661,69,just,0.18975186211890369
661,71,not,0.1772091976270665
661,116,in,0.11473146292648116
661,265,get,0.22342870483268676
661,290,this,0.15681507238784692
661,672,what,0.21681075810594616
661,900,case,0.3235889853752319
661,1151,someone,0.34995246988705647
661,3336,wondering,0.44008981879172315
661,3337,xmas,0.44008981879172315
662,0,a,0.08951237031132786
662,8,is,0.09887103319985177
662,62,even,0.2636517644847643
662,65,him,0.2636517644847643
662,67,i,0.11997965162940283
662,116,in,0.10417274445514735
662,382,god,0.25802498121669726
662,384,oh,0.26987188481016394
662,562,can,0.1864123212921856
662,672,what,0.19685769816924803
662,787,fantasticbeasts,0.24378760773806357
662,1257,eddie,0.3586674106126926
662,1258,redmayne,0.3586674106126926
662,2596,pack,0.3586674106126926
662,3338,suitcase,0.3995884220501883
663,8,is,0.08191735716111798
663,25,of,0.07706482364700068
663,30,and,0.08697097185577725
663,38,user,0.04495964349365372
663,59,but,0.168080527606329
663,127,homeopathy,0.23588888361983837
663,276,that,0.12054353239249234
663,374,here,0.19545323259839956
663,389,be,0.13331060329135502
663,624,shouldnt,0.26326158861190896
663,644,really,0.19545323259839956
663,745,popular,0.23588888361983837
663,924,allowed,0.26326158861190896
663,1020,more,0.16636409221318182
663,1351,dumb,0.2773330938669372
663,1989,than,0.19545323259839956
663,1992,anywhere,0.2773330938669372
663,1994,kind,0.2971657666186636
663,3339,bs,0.33106994462541833
663,3340,elsewhere,0.33106994462541833
663,3341,seems,0.2523468811774724
664,14,to,0.06632643944201919
664,25,of,0.07777920164696679
664,38,user,0.0453764118540837
664,42,by,0.14846046206716867
664,77,as,0.14513110127996323
664,360,pelosi,0.23148351536361095
664,623,policy,0.26570197941851004
664,1369,part,0.24568546111411926
664,3165,democratic,0.2999204434734091
664,3342,committee,0.3341389075283082
664,3343,communications,0.3341389075283082
664,3344,helm,0.3341389075283082
664,3345,nancy,0.3341389075283082
664,3346,recommended,0.3341389075283082
664,3347,triumviratehttpstcogzpb9v4pbx,0.3341389075283082
665,38,user,0.09071357966228398
665,42,by,0.1483962636329252
665,163,n,0.26558708249028723
665,300,mannequinchallenge,0.23138341545126667
665,933,awesome,0.25457596112225367
665,3348,backstage,0.33399441656832835
665,3349,dink,0.33399441656832835
665,3350,ek,0.33399441656832835
665,3351,grootfm,0.33399441656832835
665,3352,mal,0.33399441656832835
665,3353,sal,0.33399441656832835
665,3354,wees,0.33399441656832835
666,0,a,0.06506303744869688
666,14,to,0.057653251923924315
666,25,of,0.06760839183768148
666,27,politics,0.24330224338925258
666,44,he,0.2834515481114451
666,254,from,0.12432671898581041
666,339,didnt,0.20694354855042826
666,542,was,0.1310907897429879
666,707,obama,0.16886817080568955
666,843,their,0.17146965515658308
666,1383,moment,0.23095741735830416
666,1596,attack,0.22138202638094792
666,1955,because,0.19615930721847996
666,2228,accused,0.2607012984591647
666,3355,baseless,0.29044517956002525
666,3356,conform,0.29044517956002525
666,3357,elected,0.29044517956002525
666,3358,farrightists,0.29044517956002525
666,3359,jewphobia,0.29044517956002525
666,3360,vicious,0.29044517956002525
667,0,a,0.09597300648631701
667,80,for,0.11042971929354294
667,124,who,0.22468210490969648
667,254,from,0.18339151499123066
667,265,get,0.2175086761181158
667,291,ben,0.3052577209140041
667,293,carson,0.3588896045830073
667,429,asking,0.3588896045830073
667,564,does,0.2826810687173037
667,668,his,0.22219952962703157
667,3361,friend,0.42842907732079927
667,3362,xanax,0.42842907732079927
668,0,a,0.12139184573847224
668,69,just,0.23364908169949264
668,476,got,0.37541565090803025
668,804,better,0.38610646393528886
668,1239,lot,0.37541565090803025
668,2353,whole,0.453942969087803
668,3363,geography,0.5419002526654958
669,40,you,0.21096215505420363
669,80,for,0.15341404512340287
669,116,in,0.07758348888583642
669,199,on,0.0917330343075676
669,265,get,0.30217305691066254
669,716,kim,0.18482115541297525
669,717,korea,0.24929297268908795
669,718,north,0.21881672045379166
669,733,banned,0.26712043740925556
669,1006,jongun,0.2366441851739593
669,1274,maga,0.20098925573362406
669,3364,criticizing,0.4985859453781759
669,3365,mods,0.2975966896445518
669,3366,punished,0.2975966896445518
669,3367,reddit,0.2975966896445518
670,12,the,0.1968132137992001
670,14,to,0.1629974962959761
670,25,of,0.09557135313616567
670,116,in,0.1070366509149351
670,238,way,0.27090005188845706
670,476,got,0.2844358430475025
670,967,tipp,0.3685278584634382
670,1575,show,0.34393252064924434
670,3368,boys,0.4105738661714061
670,3369,kerry,0.4105738661714061
670,3370,kingdom,0.4105738661714061
671,0,a,0.1374530151575471
671,424,thankyouobama,0.3680997575094938
671,491,great,0.3567530836488267
671,641,did,0.38832885244204757
671,2092,usher,0.5507609379127978
671,3002,job,0.514003468940689
672,10,my,0.1796666219310589
672,35,president,0.25360063558676
672,38,user,0.057407947331216326
672,71,not,0.17022128063633454
672,80,for,0.10896222064711733
672,184,trump,0.16598532571861252
672,842,right,0.23883664451313596
672,938,s,0.2729717945326985
672,1317,peoples,0.37944421603549466
672,1378,already,0.2928612667914823
672,2321,protest,0.33615274141348844
672,3371,peaceful,0.4227356906575009
672,3372,violating,0.4227356906575009
673,0,a,0.10815100638391599
673,12,the,0.07714399042858391
673,21,israel,0.3055455433362509
673,26,palestine,0.3344671152414042
673,115,gaza,0.38390886897689686
673,312,bds,0.4044290508072362
673,3373,apartheid,0.48279237644788214
673,3374,word,0.48279237644788214
674,12,the,0.06722801369140699
674,20,at,0.18410976327821232
674,25,of,0.09793659856141049
674,38,user,0.05713624385194405
674,80,for,0.10844651827775294
674,245,out,0.21360245023816096
674,349,were,0.2566890325965619
674,388,back,0.26627116197435896
674,639,beautyandthebeast,0.27167985866378785
674,963,another,0.3206909979228107
674,1259,tonight,0.3345617792966581
674,1433,weekend,0.3345617792966581
674,3375,sold,0.4207349440134599
674,3376,yqg,0.4207349440134599
675,25,of,0.10197041449666253
675,37,up,0.2158128293074715
675,38,user,0.35693744038160585
675,81,how,0.19771779513526325
675,290,this,0.15609328958454963
675,418,country,0.3121227831266965
675,458,us,0.220129167076857
675,528,many,0.27723834760309757
675,533,u,0.26726154915627454
675,1725,gop,0.3338996295959003
675,2348,remember,0.3932029551527164
675,3377,screwed,0.4380641891231384
676,8,is,0.09538734586914344
676,30,and,0.10127194602562474
676,59,but,0.19571866056566276
676,71,not,0.15523138276014062
676,173,there,0.26707153906363174
676,257,or,0.2094543850172267
676,2707,democracy,0.3229360499706351
676,3266,fidelcastro,0.3229360499706351
676,3378,communism,0.38550905948724035
676,3379,marxism,0.38550905948724035
676,3380,quotation,0.38550905948724035
676,3381,representative,0.38550905948724035
677,12,the,0.05389759667080295
677,30,and,0.08860990500069901
677,67,i,0.10127969957072981
677,69,just,0.14543616997018083
677,199,on,0.2079482945181417
677,388,back,0.2134731476529466
677,487,look,0.2023527569267206
677,559,liked,0.24033411519117517
677,614,bob,0.2134731476529466
677,615,dylan,0.2278098247908377
677,847,dont,0.17893005898553213
677,1494,music,0.2682226478498845
677,3382,da,0.33730882518471345
677,3383,documentary,0.33730882518471345
677,3384,freewheelin,0.33730882518471345
677,3385,pennebaker,0.33730882518471345
677,3386,vimeo,0.33730882518471345
678,0,a,0.1043117827329798
678,8,is,0.11521774809289125
678,21,israel,0.2946990638106647
678,30,and,0.1223257179423404
678,42,by,0.2068935568789537
678,723,hezbollah,0.3549289234312985
678,1020,more,0.23399309661102
678,3387,capable,0.4656538589978397
678,3388,deadly,0.4656538589978397
678,3389,threatened,0.4656538589978397
679,0,a,0.06633992828953042
679,8,is,0.0732758749385937
679,86,power,0.2480771573545429
679,116,in,0.07720511000705212
679,137,good,0.16090135627546823
679,184,trump,0.11628015861496027
679,356,interview,0.2480771573545429
679,734,bannon,0.18391977262438106
679,739,steve,0.18391977262438106
679,1153,thats,0.2051624407595036
679,1617,satan,0.26581767656337485
679,2392,darkness,0.26581767656337485
679,2905,chief,0.2480771573545429
679,2907,strategist,0.26581767656337485
679,3390,cheney,0.2961452944653105
679,3391,darth,0.2961452944653105
679,3392,dick,0.2961452944653105
679,3393,postelection,0.2961452944653105
679,3394,vader,0.2961452944653105
680,0,a,0.07752604761951552
680,12,the,0.05529924200885919
680,25,of,0.08055897189275686
680,77,as,0.15031797782966
680,1071,robots,0.49316834960625877
680,3395,fulltime,0.3460807811068501
680,3396,healthcare,0.3460807811068501
680,3397,humanoid,0.3460807811068501
680,3398,potential,0.3460807811068501
680,3399,providers,0.3460807811068501
680,3400,realizing,0.3460807811068501
681,63,everything,0.3112269841478588
681,237,trumptransitionteam,0.26366222816768664
681,3401,4bo,0.40831850160772265
681,3402,butevenif,0.40831850160772265
681,3403,lp,0.40831850160772265
681,3404,tellslyingpress,0.40831850160772265
681,3405,willstillspeculateinnegativeabouttrumpteam,0.40831850160772265
682,38,user,0.055279663305823123
682,116,in,0.10612152840585358
682,410,access,0.2749204414226983
682,412,dakota,0.2749204414226983
682,416,pipeline,0.26858395984825023
682,1217,native,0.34099202887786595
682,1340,help,0.2749204414226983
682,1569,please,0.5371679196965005
682,2947,american,0.34099202887786595
682,3406,controversy,0.4070636163330337
683,12,the,0.09448421169531994
683,14,to,0.1173754265418539
683,42,by,0.13136247178598853
683,67,i,0.08877327715674449
683,68,im,0.14292458664382673
683,83,middle,0.23510144242346406
683,116,in,0.0770777026779532
683,137,good,0.16063582965359596
683,254,from,0.12655748968648461
683,389,be,0.11905084706581456
683,592,rightists,0.1996789564039256
683,834,both,0.49533553864552976
683,952,take,0.18361625998128775
683,1174,leftists,0.1996789564039256
683,1205,try,0.23510144242346406
683,2391,always,0.22535424202481824
683,3407,followed,0.2956565822416042
683,3408,honoured,0.2956565822416042
683,3409,sides,0.2956565822416042
683,3410,stay,0.2956565822416042
684,25,of,0.1112328584047168
684,38,user,0.12978657244616346
684,389,be,0.19241618624442
684,1604,le,0.3642292757517797
684,1606,marine,0.3642292757517797
684,1609,pen,0.3642292757517797
684,2204,very,0.35135737484482304
684,3220,france,0.42891939638285803
684,3411,afraid,0.4778555835183545
685,8,is,0.1021494346609967
685,12,the,0.06596620304152444
685,71,not,0.16623586541915328
685,88,voting,0.31467191013066026
685,280,cy,0.27882039432654776
685,284,young,0.2518712053657122
685,2301,upton,0.3458292568640057
685,2630,done,0.37056023427360163
685,3364,criticizing,0.3458292568640057
685,3412,kate_uptonkate,0.41283811940146364
685,3413,processhttpstcos1rpt4zw8n,0.41283811940146364
686,5,ever,0.25818526464926844
686,40,you,0.12445877015406516
686,67,i,0.2108646306807984
686,68,im,0.16974556501188373
686,80,for,0.18101562695463672
686,171,love,0.19572501397002998
686,308,thanksgiving,0.20730135697583754
686,374,here,0.20730135697583754
686,672,what,0.17298902462789714
686,919,know,0.22222585883891838
686,1020,more,0.1764488701944772
686,1450,thankful,0.2676438255907302
686,1989,than,0.20730135697583754
686,2001,guys,0.3151795744068878
686,2139,wasnt,0.3151795744068878
686,2551,heres,0.29414467045961856
686,2826,since,0.2792201685965377
686,3414,youll,0.3151795744068878
687,0,a,0.0680818350450873
687,17,with,0.11512067768692397
687,25,of,0.07074528889595896
687,67,i,0.09125481564827159
687,245,out,0.1542974462351571
687,273,it,0.11315383688810102
687,276,that,0.11065861984851448
687,381,fucking,0.2545909912919158
687,532,think,0.17942551155582895
687,847,dont,0.16121917438406397
687,1147,david,0.20052978014734077
687,1629,hes,0.23165371911662472
687,2049,body,0.27279732846368077
687,3415,blaines,0.3039212674329647
687,3416,hanger,0.3039212674329647
687,3417,john,0.27279732846368077
687,3418,pulling,0.3039212674329647
687,3419,registers,0.3039212674329647
687,3420,travolta,0.3039212674329647
687,3421,wire,0.3039212674329647
688,38,user,0.045183228930087346
688,77,as,0.14451322848300804
688,80,for,0.08575929273040395
688,254,from,0.14242114096657704
688,613,texas,0.2986435794405546
688,635,shows,0.2645707951049344
688,1020,more,0.16719142502265166
688,1618,support,0.2304980107693143
688,1619,abortion,0.4892789879468749
688,1779,grows,0.2986435794405546
688,2324,become,0.2645707951049344
688,2592,evidence,0.2986435794405546
688,3422,laws,0.3327163637761747
688,3423,restrictive,0.3327163637761747
689,231,leadership,0.3544095058610705
689,254,from,0.1811021979382029
689,2408,favorite,0.3544095058610705
689,3424,dariuss,0.42308090190074044
689,3425,lesson,0.42308090190074044
689,3426,manager,0.42308090190074044
689,3427,teamhttpstco4vweuolsbw,0.42308090190074044
690,8,is,0.19558498198709182
690,30,and,0.10382546845570081
690,38,user,0.05367257543207296
690,46,like,0.19471026095492677
690,47,looks,0.30125032056711165
690,273,it,0.14714907132044736
690,290,this,0.1408302057196949
690,672,what,0.19471026095492677
690,2050,dead,0.31428023834607477
690,2397,under,0.33107872402245525
690,2707,democracy,0.33107872402245525
690,2775,killed,0.33107872402245525
690,3428,obamaclintonspelosireid,0.3952294812726489
690,3429,oligarchy,0.3952294812726489
691,8,is,0.07759599016166813
691,25,of,0.14599888240441722
691,176,college,0.2234450930418914
691,177,electoral,0.2234450930418914
691,690,form,0.26270300665190727
691,771,govt,0.24937381219094024
691,1369,part,0.23058736774186314
691,3430,2of2,0.3136050900110285
691,3431,constitution,0.3136050900110285
691,3432,eliminate,0.3136050900110285
691,3433,fairest,0.3136050900110285
691,3434,republic,0.3136050900110285
691,3435,sorosriots,0.3136050900110285
691,3436,systemgoal,0.3136050900110285
692,8,is,0.10188701707277152
692,10,my,0.17500931208967477
692,30,and,0.10817259249314597
692,67,i,0.12363953746938766
692,124,who,0.2159495068481602
692,413,has,0.1990591127377751
692,502,life,0.2606022860436337
692,729,forever,0.36960828066472506
692,1147,david,0.2716942562441614
692,1385,blaine,0.30277156106819625
692,3246,yesterday,0.36960828066472506
692,3437,changed,0.4117775556892876
692,3438,discovered,0.4117775556892876
693,8,is,0.08726013901265088
693,14,to,0.1400068728557937
693,38,user,0.09578396757842636
693,68,im,0.17048222971163193
693,69,just,0.30411262141310613
693,71,not,0.14200533535505033
693,95,no,0.18929232446233285
693,251,when,0.19160842129401237
693,320,euthanasia,0.24431646999577428
693,340,going,0.215158473137276
693,1149,reason,0.28043193304910774
693,1785,other,0.2593057414667273
693,3439,commit,0.3526628591557746
693,3440,legalised,0.3526628591557746
693,3441,spite,0.3526628591557746
693,3442,suicide,0.3526628591557746
694,17,with,0.3038579545685891
694,38,user,0.10893851901132891
694,344,she,0.25899848723633934
694,436,trumps,0.24909898245009182
694,815,putin,0.27786982607108135
694,959,shes,0.27786982607108135
694,2271,aint,0.360020631845902
694,3443,buddies,0.40109603473331235
694,3444,chances,0.40109603473331235
694,3445,messing,0.40109603473331235
695,40,you,0.11901442213402617
695,455,orangetheworld,0.3013922993940082
695,532,think,0.19823312714353486
695,905,youre,0.22154957262944194
695,1373,unitednations,0.3013922993940082
695,1989,than,0.19823312714353486
695,3446,16days,0.33577869014416595
695,3447,speakupae,0.6715573802883319
695,3448,stronger,0.33577869014416595
696,0,a,0.07538056427368076
696,1,about,0.15698239156999902
696,12,the,0.053768871166925185
696,38,user,0.04569748778744418
696,59,but,0.17083894045293274
696,69,just,0.14508881970935547
696,71,not,0.1354983979511186
696,77,as,0.14615802478270612
696,174,would,0.19280515045862537
696,184,trump,0.1321265216322538
696,199,on,0.10372582218851284
696,276,that,0.12252180336213872
696,278,why,0.20186947080256296
696,379,wall,0.23976011686865334
696,389,be,0.1354983979511186
696,672,what,0.1657786998378472
696,740,wants,0.2564882108648152
696,820,border,0.5351640847505391
696,825,mexican,0.26758204237526956
696,3449,canadian,0.33650321879099016
696,3450,silly,0.33650321879099016
697,12,the,0.06709742981077112
697,30,and,0.11031098320835248
697,38,user,0.05702526225309164
697,80,for,0.10823587145925309
697,116,in,0.10947259129570786
697,122,via,0.2372445440424952
697,220,gifts,0.37691481642781094
697,239,all,0.1942416531814145
697,426,your,0.20490325298348816
697,502,life,0.2657539561293128
697,916,bad,0.29090903470564955
697,3147,hombres,0.33391192556673027
697,3451,holiday,0.35175973785147424
697,3452,nasty,0.41991770728889166
697,3453,women,0.33391192556673027
698,12,the,0.04505027145321812
698,40,you,0.19986289478106636
698,273,it,0.10496968869699333
698,465,if,0.28335152222910637
698,616,greatest,0.22419372740016855
698,660,ali,0.22419372740016855
698,664,muhammad,0.22419372740016855
698,804,better,0.20088311534485598
698,1631,legend,0.25306654580809224
698,1635,believe,0.21489875597607694
698,1701,said,0.19532090899224486
698,2324,become,0.22419372740016855
698,3454,believetrue,0.2819393642160159
698,3455,dnt,0.5638787284320318
698,3456,ityou,0.2819393642160159
699,38,user,0.17447394909988675
699,42,by,0.14270896509703718
699,68,im,0.15526976289005773
699,382,god,0.20740363137450687
699,395,voice,0.2883012453522463
699,542,was,0.14496912044737187
699,1199,into,0.23616737686779718
699,3457,converted,0.3211940541478666
699,3458,godless,0.3211940541478666
699,3459,gods,0.3211940541478666
699,3460,liberalstusk,0.3211940541478666
699,3461,satanic,0.3211940541478666
699,3462,sayseu,0.3211940541478666
699,3463,unions,0.3211940541478666
700,0,a,0.0784901129514887
700,37,up,0.17261729201152617
700,72,okay,0.31450229139385866
700,116,in,0.09134525708919068
700,138,its,0.16783540457726315
700,562,can,0.16345812431157594
700,876,blunt,0.31450229139385866
700,1306,now,0.18806937134749765
700,2245,says,0.278620158023386
700,2393,light,0.31450229139385866
700,3464,christie,0.35038442476433124
700,3465,newjersey,0.35038442476433124
700,3466,ptsd,0.35038442476433124
700,3467,sufferers,0.35038442476433124
701,80,for,0.10474405497838177
701,170,live,0.27445244189595086
701,175,blacklivesmatter,0.3231395342224029
701,199,on,0.1252621946200139
701,1145,justice,0.3647551012599732
701,3468,chamberlin,0.4063706682975435
701,3469,kenneth,0.4063706682975435
701,3470,periscope,0.4063706682975435
701,3471,sr,0.4063706682975435
702,8,is,0.12777672363592688
702,38,user,0.07012916603448668
702,67,i,0.15505660547914626
702,276,that,0.18802678892971847
702,396,allen,0.33346052578866525
702,400,grayson,0.32682187818792285
702,532,think,0.3048727955951233
702,847,dont,0.27393730117756215
702,3472,attractive,0.5164111036365661
702,3473,idk,0.5164111036365661
703,8,is,0.1024290977462267
703,9,most,0.2483410955160052
703,14,to,0.08217255798097294
703,25,of,0.0963615115000449
703,38,user,0.2248693501666241
703,95,no,0.22219815627559047
703,184,trump,0.16254287980456963
703,265,get,0.210167141471182
703,1308,rid,0.329181115300377
703,1542,pushing,0.329181115300377
703,2729,those,0.2867874824561317
703,2741,draintheswamp,0.31553341384347483
703,3474,fools,0.4139683809888677
703,3475,hence,0.4139683809888677
704,300,mannequinchallenge,0.3818595309875377
704,308,thanksgiving,0.3254121134917701
704,333,only,0.3204750619763462
704,512,our,0.3114172456317325
704,2739,family,0.49475436597907296
704,3476,familygoals,0.5512017834748406
705,12,the,0.10202061707543222
705,14,to,0.06336885935983917
705,20,at,0.13969616702847634
705,30,and,0.08386308245228168
705,38,user,0.04335302008106755
705,116,in,0.08322570140415303
705,276,that,0.11623593459303569
705,478,time,0.19476682460234762
705,542,was,0.1440868214954319
705,668,his,0.16556954333441276
705,1337,russia,0.23473003470520526
705,2969,waiting,0.2865466103939027
705,3477,airport,0.3192392297240894
705,3478,arrived,0.3192392297240894
705,3479,defec,0.3192392297240894
705,3480,facilitate,0.3192392297240894
705,3481,fsbs,0.3192392297240894
705,3482,kostina,0.3192392297240894
705,3483,olga,0.3192392297240894
706,17,with,0.18294731255726362
706,38,user,0.06558988826008254
706,122,via,0.27287630988874334
706,3484,3dprinting,0.4335236650617831
706,3485,centuriesold,0.48298516151085713
706,3486,recreated,0.48298516151085713
706,3487,shipwreck,0.48298516151085713
707,18,4,0.23048560703403598
707,38,user,0.048472794091656134
707,80,for,0.0920029983779846
707,180,notmypresident,0.2990039268374437
707,634,recount,0.27206528923464085
707,636,stillwithher,0.25432126226332413
707,1714,effort,0.3203863264269185
707,2564,stein,0.2838328728925226
707,2752,raises,0.3203863264269185
707,2957,yay,0.3203863264269185
707,2976,jill,0.3203863264269185
707,3137,million,0.2990039268374437
707,3488,3state,0.35693977996131443
708,12,the,0.0476539235893377
708,80,for,0.1537425192795279
708,199,on,0.09192944351513871
708,333,only,0.1733966066231623
708,347,them,0.18521687519866697
708,446,medicare,0.1967771897604055
708,516,we,0.13460617233273606
708,562,can,0.13912932762757907
708,819,against,0.21249302879279433
708,1362,rich,0.24982673280711418
708,1831,cuts,0.24982673280711418
708,1834,tax,0.21928522799845157
708,2765,policies,0.2676923678357767
708,3341,seems,0.2273186945690681
708,3453,women,0.23715086302711408
708,3489,count,0.2676923678357767
708,3490,gutting,0.2982338726444393
708,3491,lgbt,0.2982338726444393
708,3492,ssa,0.2982338726444393
708,3493,vot,0.2982338726444393
709,6,have,0.15984618987189467
709,14,to,0.07465578012197918
709,25,of,0.08754679167264914
709,38,user,0.05107482709160352
709,43,flynn,0.3375847530849406
709,119,security,0.22562396349383784
709,1336,major,0.3375847530849406
709,3494,alleged,0.3375847530849406
709,3495,breach,0.3761004061199202
709,3496,committed,0.3761004061199202
709,3497,gen,0.3761004061199202
709,3498,pentagon,0.3761004061199202
710,10,my,0.13015133146230007
710,18,4,0.19774202981184044
710,30,and,0.08044604468531237
710,50,too,0.1901838846216783
710,77,as,0.13300977884700982
710,80,for,0.07893273633069672
710,98,5,0.18370947272536522
710,116,in,0.07983463400518975
710,125,3,0.19774202981184044
710,137,good,0.16638148547443693
710,517,2,0.18370947272536522
710,716,kim,0.1901838846216783
710,983,1,0.20682111491635546
710,1061,throw,0.2565264016933432
710,1290,emily,0.24351059979552392
710,1291,gilmoregirlstop4,0.24351059979552392
710,1292,kirk,0.2565264016933432
710,1293,michel,0.2748711441329274
710,2156,ill,0.2251658573559397
710,3499,measure,0.3062316884703309
710,3500,mrs,0.3062316884703309
710,3501,sookie,0.3062316884703309
711,12,the,0.05371583571673115
711,38,user,0.09130482724984655
711,124,who,0.35259827374945585
711,140,say,0.43414969011330745
711,562,can,0.3136551009157384
711,586,single,0.2673181102194846
711,1286,supremacists,0.21707484505665373
711,1287,white,0.20167035488228988
711,2205,whats,0.281606439225441
711,3502,difference,0.3361713055610301
711,3503,eh,0.3361713055610301
711,3504,mothers,0.3361713055610301
712,17,with,0.16859491100777957
712,42,by,0.19775887150427
712,254,from,0.19052523906208976
712,324,cohen,0.30060552717007094
712,328,leonard,0.30060552717007094
712,780,everybody,0.39951329543570197
712,1305,knows,0.39951329543570197
712,3505,livelyrics,0.445094487504501
712,3506,soundhound,0.445094487504501
713,12,the,0.04439075374861823
713,25,of,0.12933535266036103
713,46,like,0.13686434700148095
713,67,i,0.08341526303739222
713,77,as,0.24133163838873922
713,84,much,0.1924614900941213
713,116,in,0.07242558852307619
713,279,candidate,0.2327194938119172
713,280,cy,0.18762710136357713
713,284,young,0.16949213594602253
713,342,lots,0.24936175420487863
713,694,stuff,0.20426936175653854
713,1004,sale,0.2327194938119172
713,1154,verlander,0.1979422680014012
713,1181,thought,0.20426936175653854
713,1531,kinda,0.2327194938119172
713,1999,wouldnt,0.22091162214949997
713,2298,kate,0.24936175420487863
713,2301,upton,0.2327194938119172
713,2420,st,0.24936175420487863
713,3507,command,0.27781188626025727
713,3508,filthy,0.27781188626025727
713,3509,louis,0.24936175420487863
714,14,to,0.06537230090314697
714,30,and,0.08651446019573575
714,59,but,0.16719827092871636
714,116,in,0.08585692799318144
714,138,its,0.15775129114176786
714,141,so,0.14632478511015531
714,184,trump,0.12931083453321218
714,251,when,0.17893240691563364
714,290,this,0.11734933064416947
714,427,an,0.17271246425648618
714,707,obama,0.19147750571711614
714,987,drone,0.2421511546013372
714,990,strikes,0.2421511546013372
714,1077,continue,0.2758773691766855
714,1924,barack,0.2956059399945395
714,3510,conflicts,0.3293321545698878
714,3511,foreign,0.3293321545698878
714,3512,intervenes,0.3293321545698878
714,3513,ok,0.251022309413187
714,3514,plans,0.3293321545698878
715,0,a,0.07721180819845776
715,14,to,0.06841844469799754
715,31,are,0.1370339332440994
715,38,user,0.04680763133299398
715,276,that,0.12549826434013087
715,310,while,0.23278677724258284
715,347,them,0.2140608012990391
715,484,saakashvili,0.2627191602142765
715,986,could,0.23278677724258284
715,1523,protests,0.2887323876577132
715,2002,lead,0.3093802478802206
715,2245,says,0.2740824976875976
715,3515,largescale,0.3446779980728436
715,3516,orchestrates,0.3446779980728436
715,3517,scenario,0.3446779980728436
715,3518,sna,0.3446779980728436
716,8,is,0.14170275241725072
716,141,so,0.25445200025525927
716,854,ashley,0.4080466610735497
716,855,graham,0.43651612876653434
716,1132,wtf,0.47973792245326413
716,3519,hot,0.5726933097191768
717,30,and,0.08270032591048043
717,38,user,0.04275193309222732
717,184,trump,0.12360995070024099
717,199,on,0.09703989485737079
717,349,were,0.19206639441530918
717,434,statement,0.25033432090444613
717,435,transition,0.239955572193413
717,436,trumps,0.1955132698277412
717,842,right,0.1778626256620301
717,908,where,0.19923617888875433
717,1287,white,0.18885743017772122
717,1577,election,0.21809498275452638
717,1857,alt,0.2825736590543659
717,1862,nazis,0.2825736590543659
717,2349,rt,0.2825736590543659
717,2886,neo,0.2825736590543659
717,3520,conference,0.3148129972042856
717,3521,nationalists,0.3148129972042856
717,3522,praising,0.3148129972042856
718,0,a,0.21589516358313968
718,6,have,0.20480532438643453
718,14,to,0.09565383621253683
718,25,of,0.11217063779798674
718,67,i,0.14468964694536743
718,199,on,0.14853897397132848
718,364,headset,0.4325355200451495
718,520,photo,0.34334480081720314
718,734,bannon,0.29927217605374706
718,739,steve,0.29927217605374706
718,981,see,0.2722543337718559
718,1570,yet,0.35431959042148325
718,2718,without,0.4036683476243055
719,0,a,0.0913773082554391
719,8,is,0.1009309534181029
719,17,with,0.15451137068509685
719,38,user,0.055395093792239065
719,668,his,0.2115594338063964
719,804,better,0.2906403569350366
719,1200,later,0.36614003658652505
719,1989,than,0.24081930616983133
719,3089,pic,0.36614003658652505
719,3523,repost,0.40791361339208965
719,3524,repostappthis,0.40791361339208965
719,3525,ricky_martГ­n,0.40791361339208965
720,0,a,0.083752158392174
720,12,the,0.17922095932544121
720,30,and,0.09821558635201202
720,31,are,0.14864161259717332
720,38,user,0.05077254690483601
720,71,not,0.3010930840444817
720,116,in,0.09746912257389803
720,128,line,0.3131899281765868
720,199,on,0.11524537621860141
720,276,that,0.1361287963356815
720,474,altrightists,0.3131899281765868
720,497,state,0.29729909575298413
720,564,does,0.24668550573182302
720,643,mean,0.28497320853268815
720,1473,others,0.29729909575298413
720,3526,neofascist,0.37387450135471434
720,3527,worse,0.37387450135471434
721,17,with,0.10911021125267209
721,25,of,0.06705166762101306
721,35,president,0.17280431091172407
721,38,user,0.03911796497068917
721,534,called,0.22905558855025815
721,889,maduro,0.19955663472035404
721,1775,following,0.2585545423801623
721,1778,cuban,0.48259752115832727
721,2613,death,0.22905558855025815
721,3192,solidarity,0.2585545423801623
721,3266,fidelcastro,0.24129876057916363
721,3267,nicolas,0.2585545423801623
721,3528,expresses,0.28805349621006643
721,3529,ppl,0.28805349621006643
721,3530,raul,0.2585545423801623
721,3531,venezuelan,0.28805349621006643
722,38,user,0.05577283761280129
722,40,you,0.2911361239760094
722,80,for,0.10585872724241054
722,382,god,0.26519693312686476
722,454,orange,0.36863677640250425
722,1582,thank,0.26519693312686476
722,1980,bless,0.3440341694675537
722,3532,bigoted,0.4106952107544838
722,3533,fighting,0.4106952107544838
722,3534,hitler,0.4106952107544838
723,70,need,0.3877342461231633
723,273,it,0.236615736601133
723,320,euthanasia,0.4402794876167586
723,516,we,0.2868424600692529
723,847,dont,0.33712505691553135
723,3535,mccoskrie,0.6355290862431465
724,0,a,0.08998734381767116
724,116,in,0.10472550932470868
724,184,trump,0.1577291818403899
724,385,speech,0.2593941219245839
724,1035,melania,0.2862193494876451
724,3536,campaign,0.40170873138011953
724,3537,delivers,0.40170873138011953
724,3538,pennsylvania,0.40170873138011953
724,3539,rare,0.40170873138011953
724,3540,realestate,0.40170873138011953
725,0,a,0.09217852932387985
725,8,is,0.10181594344331063
725,38,user,0.11176162605387409
725,50,too,0.25555430328635687
725,80,for,0.10606366822090683
725,229,valentines,0.3136445885519424
725,389,be,0.16569314874758564
725,440,jesus,0.3447002146880426
725,525,day,0.25555430328635687
725,594,gonna,0.32721059303935696
725,2680,sweet,0.3693504519173501
725,3541,lewd,0.41149031079534326
725,3542,titter,0.41149031079534326
726,12,the,0.22867226541903407
726,31,are,0.11379321174063929
726,38,user,0.03886913684266242
726,81,how,0.12918431914218567
726,239,all,0.13239755679762874
726,256,ones,0.21816243844751054
726,384,oh,0.193306536607982
726,582,funny,0.21816243844751054
726,648,dems,0.2039339412995254
726,726,after,0.18482071784700727
726,842,right,0.1617088687227011
726,1153,thats,0.19828726132912594
726,1542,pushing,0.2275985732541983
726,3543,founded,0.286221197104343
726,3544,kkk,0.572442394208686
726,3545,lefttards,0.286221197104343
726,3546,narrative,0.286221197104343
727,6,have,0.12852481350948647
727,38,user,0.041066869546521535
727,44,he,0.14756153373892816
727,71,not,0.12176807307884757
727,95,no,0.1623161660846324
727,116,in,0.07883693030130287
727,124,who,0.15859081876113978
727,145,will,0.14756153373892816
727,174,would,0.1732678172290544
727,238,way,0.1995291176133916
727,257,or,0.1643021946204793
727,265,get,0.15352748741199318
727,273,it,0.11258918855974138
727,276,that,0.11010642288874335
727,368,10,0.24046741646564337
727,446,medicare,0.1995291176133916
727,530,people,0.14756153373892816
727,882,next,0.1995291176133916
727,1057,plan,0.23049774518896335
727,1370,political,0.24046741646564337
727,1463,yrs,0.27143604404121513
727,1648,currently,0.27143604404121513
727,2003,price,0.25332055821070654
727,2851,affect,0.27143604404121513
727,3547,pays,0.27143604404121513
727,3548,ryan,0.30240467161678686
728,14,to,0.05562484208745147
728,31,are,0.1114098826854579
728,38,user,0.03805504660151445
728,80,for,0.07222976220708387
728,941,tesla,0.3618995224444223
728,944,cars,0.2060447551930211
728,1967,insurance,0.2515290651413703
728,2826,since,0.22283166067429055
728,3549,cost,0.28022646960845005
728,3550,eligible,0.28022646960845005
728,3551,enrollees,0.28022646960845005
728,3552,low,0.2515290651413703
728,3553,network,0.28022646960845005
728,3554,relatively,0.28022646960845005
728,3555,safer,0.28022646960845005
728,3556,selfdriving,0.28022646960845005
728,3557,selfinsure,0.28022646960845005
729,0,a,0.060486087608560696
729,8,is,0.1336200115196443
729,25,of,0.0628523855037113
729,31,are,0.1073494674576707
729,38,user,0.07333620480120386
729,252,being,0.16769067689300665
729,269,work,0.17815709347559222
729,458,us,0.1356829168344543
729,516,we,0.12186902585545653
729,954,cool,0.21471039668562378
729,1024,theyre,0.18236020799070746
729,1201,liberals,0.17815709347559222
729,1202,money,0.18705889025996894
729,1613,gay,0.19238581687056389
729,1619,abortion,0.1985353023381656
729,3080,gov,0.24236190311127861
729,3558,believers,0.2700134095369335
729,3559,expect,0.2700134095369335
729,3560,fad,0.2700134095369335
729,3561,non,0.540026819073867
729,3562,taught,0.2700134095369335
730,8,is,0.09724742454780416
730,9,most,0.23577804041724462
730,12,the,0.06280057617817836
730,25,of,0.09148678476237175
730,38,user,0.21349368143046152
730,40,you,0.13930554183145774
730,42,by,0.17462470752155104
730,44,he,0.19178144951955226
730,79,do,0.23577804041724462
730,130,red,0.32923338905317273
730,210,land,0.2995712403039766
730,276,that,0.1431021272818697
730,517,2,0.23577804041724462
730,745,popular,0.28003328240152564
730,747,vote,0.28003328240152564
730,1662,realize,0.3125285331717637
730,1698,lost,0.3125285331717637
730,3137,million,0.32923338905317273
731,0,a,0.08468547138262385
731,12,the,0.06040605087474084
731,38,user,0.051338343398851335
731,40,you,0.26798791218505863
731,42,by,0.16796643611366827
731,67,i,0.11350982349389478
731,94,had,0.2693558838596295
731,171,love,0.21072013563724962
731,238,way,0.24943450696922537
731,388,back,0.23925129530869024
731,426,your,0.18446900811293881
731,525,day,0.23478066743311152
731,981,see,0.21358502162604612
731,1120,hope,0.2618977507768902
731,1122,wonderful,0.31668003797264166
731,1546,turkey,0.3006121221088659
731,2893,monday,0.31668003797264166
731,3563,book,0.3780408647728173
732,12,the,0.05284808475410187
732,14,to,0.1313037676587825
732,20,at,0.1447290770547971
732,38,user,0.04491492298848814
732,68,im,0.1598847158243702
732,116,in,0.08622411915572352
732,137,good,0.1796976613924421
732,140,say,0.21356811555599287
732,530,people,0.16138836480923188
732,641,did,0.2093163275682614
732,644,really,0.3905176379455652
732,707,obama,0.19229641281719906
732,775,post,0.2520958765180425
732,987,drone,0.24318678173181213
732,990,strikes,0.24318678173181213
732,1423,killing,0.2770572358953629
732,3564,according,0.3307406356269856
732,3565,huffington,0.3307406356269856
732,3566,regards,0.3307406356269856
733,30,and,0.12194773592891263
733,38,user,0.12608176303500593
733,44,he,0.22651858463277302
733,118,needs,0.3538322059841501
733,119,security,0.27848422324786953
733,680,full,0.32159715299258884
733,1231,social,0.30629292180424217
733,1530,number,0.3888670227960321
733,2346,name,0.3888670227960321
733,3567,address,0.46421500553231265
734,1118,dayafterthanksgiving,0.5810119916637506
734,3341,seems,0.4933830894835339
734,3568,legitdraintheswamp,0.647300697168329
735,12,the,0.05503189241128911
735,13,thing,0.23260417054765192
735,30,and,0.09047473467800492
735,77,as,0.14959125085438124
735,213,stop,0.23859743576680664
735,276,that,0.1253998187860398
735,405,doesnt,0.22239325440922308
735,562,can,0.1606698800971141
735,592,rightists,0.23260417054765192
735,627,else,0.2625130734334463
735,643,mean,0.2625130734334463
735,828,calling,0.2885058951238407
735,842,right,0.1945829558558749
735,919,know,0.2179657725016921
735,1041,conservatives,0.23859743576680664
735,1119,everyone,0.24539203947711163
735,1180,same,0.22239325440922308
735,3569,leftist,0.34440761970002953
735,3570,liberalsyou,0.34440761970002953
736,1613,gay,0.26003711336374735
736,3571,debates,0.3649619744719891
736,3572,lgbtnews,0.3649619744719891
736,3573,marriagehttpstcoqsdkvxtv2f,0.3649619744719891
736,3574,taiwan,0.7299239489439782
737,30,and,0.12513552872361622
737,469,some,0.2769553073830724
737,3575,craving,0.4763498864184312
737,3576,cream,0.4763498864184312
737,3577,ice,0.4763498864184312
737,3578,tacos,0.4763498864184312
738,12,the,0.05168894781539322
738,14,to,0.06421191634529902
738,20,at,0.1415546797213837
738,30,and,0.08497879383162203
738,62,even,0.21343900201034188
738,141,so,0.14372746149256072
738,239,all,0.14963533928475609
738,243,fossil,0.2047253137540781
738,244,fuels,0.20888384567519772
738,254,from,0.13847019227183527
738,361,should,0.19735799530788986
738,389,be,0.2605139170216754
738,416,pipeline,0.21343900201034188
738,512,our,0.1827629000258775
738,516,we,0.14600374729465834
738,624,shouldnt,0.2572312552691179
738,1186,moving,0.2709804352363209
738,1707,away,0.2572312552691179
738,1721,water,0.2572312552691179
738,2013,threats,0.2903588160102393
738,3579,constructed,0.3234863767513607
738,3580,supplies,0.3234863767513607
739,12,the,0.054506924662148876
739,25,of,0.07940473779216008
739,30,and,0.0896116657240427
739,31,are,0.13562025128069377
739,116,in,0.08893059396095498
739,198,nfl,0.2857537402598044
739,290,this,0.12155042020528951
739,316,new,0.19272676353028154
739,361,should,0.2081175538751494
739,389,be,0.13735830432509782
739,427,an,0.1788955462278983
739,672,what,0.16805424600784427
739,2096,gold,0.2600088728464432
739,2099,standard,0.2712549828210724
739,2211,league,0.3061885911430302
739,3581,berry,0.34112219946498806
739,3582,mathieu,0.34112219946498806
739,3583,safety,0.34112219946498806
739,3584,thomas,0.34112219946498806
740,12,the,0.050104166972043146
740,14,to,0.12448636368649801
740,20,at,0.2744292390615127
740,38,user,0.042582901753634494
740,389,be,0.1262632859505395
740,453,join,0.2626721871323172
740,458,us,0.15756943880230034
740,491,great,0.18231221851743756
740,1019,excited,0.2626721871323172
740,1569,please,0.2068949716923362
740,3417,john,0.2814564276127374
740,3585,630pm,0.31356829881347686
740,3586,carr,0.31356829881347686
740,3587,discuss,0.31356829881347686
740,3588,joining,0.2814564276127374
740,3589,pilgrimage,0.31356829881347686
740,3590,tomorrow,0.31356829881347686
741,230,group,0.25185108902333886
741,612,rules,0.2698614900220827
741,734,bannon,0.18671769510070532
741,739,steve,0.18671769510070532
741,922,paid,0.2390725061529626
741,1834,tax,0.22106210515421876
741,1904,broke,0.2698614900220827
741,2497,farright,0.2698614900220827
741,3591,99kyear,0.30065047389120286
741,3592,anticlinton,0.30065047389120286
741,3593,crusader,0.30065047389120286
741,3594,nonpartisan,0.30065047389120286
741,3595,salary,0.30065047389120286
741,3596,taxexempt,0.30065047389120286
742,0,a,0.11552140188743851
742,20,at,0.22566308713623823
742,38,user,0.07003181659364198
742,122,via,0.29135624703462853
742,436,trumps,0.3202697156327877
742,487,look,0.3093668041634667
742,667,cabinet,0.3402593556336909
742,3597,choices,0.515694250221251
742,3598,closer,0.515694250221251
743,136,go,0.3846808086814502
743,1604,le,0.5329229698659352
743,1606,marine,0.5329229698659352
743,1609,pen,0.5329229698659352
744,6,have,0.13728787678271062
744,12,the,0.051614936602341614
744,14,to,0.12823994804902797
744,38,user,0.04386688587366328
744,90,comey,0.2301555335526164
744,200,reputation,0.2899430635312007
744,273,it,0.1202657309820897
744,366,used,0.2301555335526164
744,426,your,0.15762255636591516
744,427,an,0.16940383876411155
744,672,what,0.15913774822582766
744,1280,fire,0.23751230304785503
744,2261,times,0.2568629367398793
744,2575,happened,0.2705924298391764
744,2684,sad,0.2899430635312007
744,3599,dir,0.3230231903225221
744,3600,hell,0.2899430635312007
744,3601,organization,0.3230231903225221
744,3602,unequaled,0.3230231903225221
745,30,and,0.07567967049899324
745,80,for,0.07425602464929747
745,273,it,0.10725878146666672
745,673,aleppo,0.20526380935846553
745,677,syria,0.43917018314177003
745,1057,plan,0.21958509157088502
745,1074,b,0.24132738446479668
745,2261,times,0.22908276009873413
745,3108,assad,0.5171704264401014
745,3547,pays,0.2585852132200507
745,3603,brussels,0.28808766634136723
745,3604,eus,0.28808766634136723
745,3605,stays,0.28808766634136723
746,12,the,0.050028264046260144
746,38,user,0.042518392811030294
746,80,for,0.08070134388025908
746,98,5,0.18782576180252272
746,116,in,0.08162344993862668
746,145,will,0.15277714918597385
746,251,when,0.17010951474336586
746,254,from,0.13402136499765943
746,389,be,0.12607200938809374
746,560,persona,0.23021103954188304
746,647,theme,0.28103004857827196
746,1666,available,0.28103004857827196
746,1943,europe,0.2489668237301974
746,3606,betterlatethannever,0.31309327342634646
746,3607,p5,0.31309327342634646
746,3608,ryuji,0.6261865468526929
747,8,is,0.08730408812939335
747,14,to,0.0700386940980628
747,38,user,0.04791610488746487
747,40,you,0.12506185492848707
747,59,but,0.17913318621981786
747,71,not,0.14207685723356425
747,138,its,0.16901186391193473
747,290,this,0.12572593832633105
747,318,racism,0.31670682718544474
747,412,dakota,0.23829951050969056
747,469,some,0.20514551674493045
747,530,people,0.17217221585346193
747,658,wrong,0.28057317435244905
747,718,north,0.2594363424310698
747,919,know,0.22330268959807406
747,1473,others,0.28057317435244905
747,2454,w,0.2689407363346014
747,2486,reroute,0.31670682718544474
747,3513,ok,0.2689407363346014
747,3609,environmental,0.3528404800184404
748,0,a,0.06681260666752513
748,38,user,0.0405033884616669
748,40,you,0.10571453802018636
748,48,me,0.15302347655814605
748,116,in,0.07775520385116613
748,199,on,0.18387213271542055
748,562,can,0.13913935087583046
748,598,yo,0.26771165310872075
748,944,cars,0.21930102589178987
748,1204,send,0.23716794800850285
748,1499,driving,0.24984473099200777
748,1503,self,0.23716794800850285
748,2879,stats,0.26771165310872075
748,3610,accidents,0.2982553582089386
748,3611,automation,0.2982553582089386
748,3612,bb,0.2982553582089386
748,3613,paper,0.2982553582089386
748,3614,thx,0.2982553582089386
748,3615,writing,0.2982553582089386
749,4,dad,0.3725764502059861
749,10,my,0.17641473869063565
749,12,the,0.06632512474242402
749,80,for,0.1069900545577609
749,133,two,0.3477109117019586
749,298,days,0.2957495538673956
749,323,been,0.2577863778398756
749,332,nonstop,0.3725764502059861
749,336,past,0.3725764502059861
749,413,has,0.20065767323072758
749,782,thewalkingdead,0.2875606125296474
749,3616,reading,0.3725764502059861
750,0,a,0.14803370353378334
750,14,to,0.0655873498819849
750,20,at,0.1445868124600584
750,38,user,0.08974154577570768
750,44,he,0.16122972460518747
750,71,not,0.13304709154719
750,184,trump,0.12973621596441265
750,366,used,0.23542260794770786
750,565,donald,0.22890404553280777
750,916,bad,0.22890404553280777
750,3147,hombres,0.26274120599661793
750,3617,debate,0.33041552692423826
750,3618,mention,0.33041552692423826
750,3619,nationally,0.33041552692423826
750,3620,racial,0.33041552692423826
750,3621,slur,0.33041552692423826
750,3622,televised,0.33041552692423826
751,6,have,0.17863482153905835
751,38,user,0.05707826148348539
751,44,he,0.2050936898931003
751,69,just,0.18122260086201628
751,136,go,0.23125008459812516
751,361,should,0.25642854228316503
751,385,speech,0.2714041555267622
751,1035,melania,0.29947139999455546
751,1689,obamas,0.33422226302727165
751,2422,2008,0.37726512073866214
751,3623,deliver,0.4203079784500526
751,3624,race,0.4203079784500526
752,12,the,0.12104740612432154
752,30,and,0.09950350126713146
752,38,user,0.0514383345141771
752,40,you,0.13425493461714808
752,80,for,0.09763169414012984
752,116,in,0.0987472490036137
752,125,3,0.24458659702805763
752,230,group,0.317296832128859
752,636,stillwithher,0.2698805052919464
752,1122,wonderful,0.317296832128859
752,1450,thankful,0.28871010263789926
752,2981,nation,0.33998739584423876
752,3261,humans,0.33998739584423876
752,3625,fb,0.37877717072281014
752,3626,pantsuit,0.37877717072281014
753,10,my,0.13483542567000836
753,12,the,0.05069290975139966
753,30,and,0.0833412655617324
753,31,are,0.12613049078163335
753,37,up,0.15629498048219745
753,67,i,0.19051545846641144
753,116,in,0.0827078504565062
753,199,on,0.09779196827041554
753,239,all,0.1467518893414817
753,362,earth,0.23326948623445126
753,363,google,0.2522744485952435
753,367,vr,0.21978525084775977
753,846,around,0.2418152630599773
753,1306,now,0.17028594517688037
753,3627,childhood,0.317252844090211
753,3628,distorted,0.317252844090211
753,3629,flew,0.317252844090211
753,3630,grew,0.317252844090211
753,3631,memories,0.317252844090211
753,3632,neighborhood,0.317252844090211
754,38,user,0.06249173207279732
754,122,via,0.25998692327333905
754,174,would,0.26366280485174276
754,389,be,0.18529529720408625
754,854,ashley,0.32787415043010715
754,855,graham,0.3507499718091533
754,2877,losing,0.4130460569902484
754,3633,disloyal,0.46017122621997353
754,3634,weight,0.46017122621997353
755,12,the,0.08646985130564078
755,38,user,0.36744819895459235
755,80,for,0.13948581543902366
755,516,we,0.2442480037265471
755,639,beautyandthebeast,0.34943940318138506
755,1012,want,0.3570596722644513
755,3299,disney,0.48573795186076957
755,3635,soundtrack,0.5411566704161177
756,14,to,0.13142168500302492
756,36,stand,0.29713678572016805
756,145,will,0.16153329962495927
756,239,all,0.15312834084449253
756,478,time,0.20196500718577948
756,531,they,0.16468978958089264
756,1026,again,0.2358658787095817
756,1286,supremacists,0.21375991039516817
756,1287,white,0.1985906611046948
756,3233,kill,0.29713678572016805
756,3636,competent,0.3310376572439703
756,3637,dylann,0.3310376572439703
756,3638,register,0.3310376572439703
756,3639,roof,0.3310376572439703
756,3640,trial,0.3310376572439703
757,0,a,0.06545949967165655
757,8,is,0.14460679217346117
757,12,the,0.09338437403354874
757,14,to,0.058004562549971196
757,77,as,0.12692172402076335
757,104,news,0.18493455643580517
757,116,in,0.15236096883012198
757,310,while,0.19735460577882447
757,713,fatty,0.23236475852596944
757,716,kim,0.18147888618711136
757,719,third,0.2082045609854865
757,720,world,0.19280589409817048
757,981,see,0.1650952450843846
757,1025,which,0.21485968215239692
757,1941,china,0.2447848078689887
757,2152,king,0.2622898842425612
757,2607,jong,0.2447848078689887
757,2610,un,0.22273101981476226
757,2811,probably,0.21485968215239692
757,3414,youll,0.2622898842425612
757,3641,brightest,0.292215009959153
757,3642,popularly,0.292215009959153
757,3643,referred,0.292215009959153
758,12,the,0.1301810853788979
758,25,of,0.09482276806187606
758,37,up,0.20068536505624782
758,38,user,0.05531963411310919
758,104,news,0.25780524343643535
758,237,trumptransitionteam,0.2630419741298866
758,245,out,0.20681109915902574
758,269,work,0.26877816359438794
758,491,great,0.2368426013117589
758,1020,more,0.20469914785004584
758,1541,keep,0.2902444441099989
758,3644,gentlemen,0.4073579499159211
758,3645,ladies,0.4073579499159211
758,3646,terrific,0.4073579499159211
759,12,the,0.07694365727574103
759,30,and,0.12649859330932176
759,67,i,0.14458586234108897
759,128,line,0.4033787998881517
759,254,from,0.20612536078548546
759,273,it,0.17928308733566417
759,385,speech,0.3109424298879767
759,518,first,0.31772319062507914
759,542,was,0.21733973639657908
759,552,read,0.34309852262773927
759,1181,thought,0.35406544011248514
759,3647,melanias,0.48153862591715424
760,12,the,0.0853431192626171
760,578,brexit,0.3700154314923042
760,3648,follow,0.5341052119985632
760,3649,moneyhttpstcowlxf4hyeki,0.5341052119985632
760,3650,ukip,0.5341052119985632
761,14,to,0.07782947915879744
761,30,and,0.10300043418564278
761,80,for,0.10106284461002216
761,116,in,0.10221760433036878
761,137,good,0.21302930816992818
761,141,so,0.1742080614543295
761,245,out,0.1990591452779516
761,273,it,0.1459797722221401
761,374,here,0.2314768639587794
761,516,we,0.17696708421018584
761,728,feels,0.3519358509364355
761,736,fit,0.3519358509364355
761,738,shopping,0.32844785418417316
761,1026,again,0.27936513659638895
761,3651,clothes,0.39208884659565413
761,3652,smalls,0.39208884659565413
762,8,is,0.15613045101403963
762,30,and,0.0828811959488912
762,59,but,0.16017660659046423
762,243,fossil,0.19967191907395543
762,244,fuels,0.20372780270648796
762,290,this,0.11242112411712216
762,374,here,0.18626212084527924
762,426,your,0.15395227353756216
762,719,third,0.2247963012058984
762,916,bad,0.21857196815299634
762,1202,money,0.21857196815299634
762,1474,point,0.2508818154607134
762,1955,because,0.4261634346052633
762,2374,entire,0.2508818154607134
762,3513,ok,0.2404803678708385
762,3653,altenergy,0.31550151007614763
762,3654,earning,0.31550151007614763
762,3655,key,0.2831916627684305
763,0,a,0.06402239478179897
763,20,at,0.12506333039823272
763,40,you,0.10129971310629261
763,69,just,0.12322717113303513
763,70,need,0.17436546938967015
763,170,live,0.19302186155646878
763,273,it,0.1064069382314341
763,276,that,0.10406050073795459
763,349,were,0.17436546938967015
763,476,got,0.19799525135717266
763,487,look,0.17145224473501347
763,533,u,0.17436546938967015
763,694,stuff,0.210142629602297
763,716,kim,0.1774946792186256
763,847,dont,0.15160633702039192
763,952,take,0.1774946792186256
763,1732,ur,0.25653154393907773
763,2607,jong,0.23941077589324952
763,2610,un,0.21784115907179424
763,3513,ok,0.4356823181435885
763,3656,bath,0.28579969023003027
763,3657,boobies,0.28579969023003027
763,3658,lifes,0.28579969023003027
764,67,i,0.16004972508336618
764,80,for,0.1373938400022103
764,98,5,0.31977289874724973
764,125,3,0.3441985932408951
764,322,ago,0.42386540670498957
764,542,was,0.24058482964193914
764,560,persona,0.3919337301308203
764,1019,excited,0.44652129178614547
764,1487,years,0.3797938701194399
765,25,of,0.06588497871076658
765,80,for,0.3647766337068716
765,245,out,0.14369697430000403
765,513,own,0.2081145220353374
765,533,u,0.17268265077949613
765,668,his,0.14679598381146697
765,672,what,0.13944067732409232
765,844,war,0.2250700558338755
765,1068,killer,0.2371001985148295
765,1582,thank,0.18276744309211332
765,2137,f,0.2250700558338755
765,2449,racist,0.2371001985148295
765,3659,bailing,0.28304140879285966
765,3660,banks,0.28304140879285966
765,3661,cops,0.28304140879285966
765,3662,crimes,0.28304140879285966
765,3663,negligence,0.28304140879285966
765,3664,rogue,0.28304140879285966
766,352,fcblive,0.29384384367140876
766,561,video,0.2699037592691443
766,1320,vs,0.3177839280736733
766,1707,away,0.3177839280736733
766,3665,anass_edits,0.39963561727682934
766,3666,andre,0.39963561727682934
766,3667,celtic,0.39963561727682934
766,3668,gomes,0.39963561727682934
767,0,a,0.07195409134953556
767,12,the,0.15397431572652104
767,14,to,0.06375950951879399
767,20,at,0.14055735232368838
767,25,of,0.07476903312606045
767,254,from,0.13749459671548447
767,285,big,0.23617707551192635
767,388,back,0.20328291591311237
767,487,look,0.19269336178054536
767,952,take,0.19948438989327405
767,1079,win,0.21193521163858842
767,1093,2016,0.21193521163858842
767,1361,photos,0.28831308496878333
767,1552,cubs,0.24482937123740237
767,3669,events,0.3212072445675973
767,3670,olympics,0.3212072445675973
767,3671,rio,0.3212072445675973
767,3672,sports,0.3212072445675973
767,3673,yearinreview,0.3212072445675973
768,31,are,0.13199889533166728
768,69,just,0.14315300211382562
768,124,who,0.17411864569520502
768,184,trump,0.1303636508202626
768,239,all,0.1535797344549095
768,276,that,0.12088708151892846
768,339,didnt,0.23656116705384064
768,638,actually,0.25306606991258535
768,643,mean,0.25306606991258535
768,694,stuff,0.24412268838976756
768,1024,theyre,0.2242334925109723
768,2729,those,0.23001107933786147
768,3674,apparently,0.29801268919926427
768,3675,lads,0.33201349412996567
768,3676,neonazis,0.33201349412996567
768,3677,playful,0.33201349412996567
768,3678,sieg,0.33201349412996567
769,571,latest,0.2557092772384439
769,941,tesla,0.25025200034342077
769,3679,easter,0.38755085441959386
769,3680,egg,0.34786258501241984
769,3681,enables,0.38755085441959386
769,3682,hypercarlike,0.38755085441959386
769,3683,sprints,0.38755085441959386
769,3684,teslas,0.38755085441959386
770,10,my,0.14457839789820312
770,12,the,0.10871178164398056
770,30,and,0.08936335976876819
770,67,i,0.2042817725612162
770,116,in,0.08868417519495855
770,136,go,0.18716265091523943
770,145,will,0.16599292818893055
770,413,has,0.16444637866994546
770,464,hatchimals,0.21528832126082462
770,499,books,0.28496194206171066
770,698,history,0.28496194206171066
770,1002,hatchimal,0.28496194206171066
770,1054,down,0.2592884113860927
770,3685,captured,0.3401769801911456
770,3686,ended,0.3401769801911456
770,3687,journey,0.3401769801911456
770,3688,successfully,0.3401769801911456
771,10,my,0.1486172076446732
771,14,to,0.06941131086799883
771,17,with,0.2649066448854438
771,37,up,0.17227018383870873
771,69,just,0.1507701391597336
771,237,trumptransitionteam,0.22579767701522135
771,265,get,0.17752857096492908
771,366,used,0.24914853024274727
771,1054,down,0.2665316550398939
771,1126,sayin,0.3138698732019122
771,2326,mom,0.3138698732019122
771,2741,draintheswamp,0.2665316550398939
771,3689,dogs,0.3496798528408213
771,3690,fleas,0.3496798528408213
771,3691,saylay,0.3496798528408213
772,10,my,0.12681698146237036
772,14,to,0.05922956744465074
772,37,up,0.14700037133402366
772,38,user,0.04052117479722622
772,40,you,0.10576096066081322
772,67,i,0.08959290648052579
772,199,on,0.09197643842998246
772,290,this,0.10632255554644032
772,660,ali,0.23727209605308408
772,664,muhammad,0.23727209605308408
772,918,free,0.2193973279984323
772,2110,cam,0.2678292138727995
772,3184,sign,0.24995444581814777
772,3692,babar,0.298386331692515
772,3693,click,0.298386331692515
772,3694,howdy,0.298386331692515
772,3695,invite,0.298386331692515
772,3696,particular,0.298386331692515
772,3697,porn,0.298386331692515
772,3698,profile,0.298386331692515
773,25,of,0.06702567431663221
773,861,nba,0.21947393210283983
773,975,duncan,0.19947927443191465
773,976,tim,0.19947927443191465
773,1237,gospursgo,0.2289667926732194
773,1239,lot,0.19947927443191465
773,1243,spurs,0.4579335853464388
773,1244,timduncan,0.2289667926732194
773,1703,rookie,0.25845431091452414
773,2454,w,0.21947393210283983
773,3699,13,0.2879418291558289
773,3700,cards,0.25845431091452414
773,3701,future,0.2879418291558289
773,3702,hof,0.2879418291558289
773,3703,insert,0.2879418291558289
774,14,to,0.07972034450861255
774,31,are,0.15967028212656156
774,71,not,0.16171655041857758
774,389,be,0.16171655041857758
774,924,allowed,0.3193576123497555
774,1020,more,0.2018131074497851
774,1041,conservatives,0.2782291006135452
774,1613,gay,0.2861523059626222
774,2606,double,0.36048612408596586
774,3704,doublethink,0.4016146358221762
774,3705,socjus,0.4016146358221762
774,3706,standards,0.4016146358221762
775,0,a,0.12477206149685777
775,33,guy,0.38586928468733533
775,40,you,0.1974211379688293
775,46,like,0.2744016356250472
775,396,allen,0.3596632366244144
775,400,grayson,0.35250293638424407
775,1531,kinda,0.466583234734844
775,2953,seem,0.49994958303793524
776,35,president,0.332330320537797
776,38,user,0.30092040572150897
776,40,you,0.19635185400477956
776,70,need,0.33797709923571945
776,516,we,0.2500325508029769
776,672,what,0.27291540536773196
776,836,exactly,0.4073248942428401
776,1582,thank,0.35771520747547175
776,3138,elect,0.46405609921161955
777,17,with,0.12955768691670957
777,30,and,0.0898515362120921
777,31,are,0.1359832765140854
777,35,president,0.20518819049038003
777,38,user,0.046448751224164135
777,80,for,0.08816129673597234
777,276,that,0.12453605306214646
777,278,why,0.20518819049038003
777,413,has,0.16534472054590355
777,426,your,0.16689971859508662
777,534,called,0.27198107204828853
777,987,drone,0.25149152161657234
777,990,strikes,0.25149152161657234
777,1320,vs,0.27198107204828853
777,2683,christians,0.3070081898660225
777,2773,children,0.28651863943430633
777,3138,elect,0.28651863943430633
777,3453,women,0.27198107204828853
777,3513,ok,0.2607048587398303
777,3707,innocent,0.3420353076837565
778,3708,fuckedbreakingbad,0.5
778,3709,mind,0.5
778,3710,thewalkingdeadbb,0.5
778,3711,twd,0.5
779,38,user,0.04623071466705921
779,67,i,0.10221678212491596
779,80,for,0.08774745599529347
779,95,no,0.18272618397681695
779,487,look,0.2042250100940503
779,1443,skin,0.305567052979514
779,3712,indian,0.34042974889196514
779,3713,makeup,0.6808594977839303
779,3714,makeupgiveaway,0.34042974889196514
779,3715,ultimate,0.34042974889196514
780,1,about,0.1465472589153963
780,12,the,0.05019467856033009
780,14,to,0.0623556221768406
780,25,of,0.14624546566695396
780,136,go,0.1728344243672856
780,177,electoral,0.223822478259728
780,184,trump,0.12334363989224023
780,405,doesnt,0.20284524899904624
780,426,your,0.15328534861138796
780,1461,pres,0.28196486972117546
780,1651,stupid,0.26314669610617997
780,1885,understand,0.26314669610617997
780,3716,blabbing,0.31413474999862234
780,3717,collegeinstead,0.31413474999862234
780,3718,opinions,0.31413474999862234
780,3719,prather,0.31413474999862234
780,3720,sallyfields,0.31413474999862234
780,3721,univ,0.28196486972117546
781,59,but,0.18735222218515984
781,77,as,0.16028565068733766
781,81,how,0.16655942350255334
781,116,in,0.09620605620001725
781,239,all,0.17070230256884494
781,273,it,0.1373945149905692
781,542,was,0.16655942350255334
781,735,color,0.33123805312987864
781,981,see,0.20849384916491556
781,1152,sure,0.25565495993773735
781,1196,made,0.25565495993773735
781,1284,yes,0.24348879933921738
781,1604,le,0.281280345935288
781,1606,marine,0.281280345935288
781,1609,pen,0.281280345935288
781,2702,blonde,0.33123805312987864
781,3722,coded,0.36902959972594923
782,374,here,0.35791388717787337
782,787,fantasticbeasts,0.3698743181444274
782,3723,fbnewt,0.60625516003677
782,3724,mommys,0.60625516003677
783,25,of,0.08611556297433005
783,38,user,0.0502398477976904
783,68,im,0.17883997686586528
783,116,in,0.09644648893161296
783,142,story,0.30990397926763463
783,276,that,0.13470055031129471
783,290,this,0.1318231525824442
783,389,be,0.14896702684311422
783,409,well,0.24985610091614424
783,465,if,0.18590242320250988
783,547,gun,0.2341319930860452
783,1065,though,0.28198330585890036
783,1113,control,0.2388878552173557
783,2575,happened,0.30990397926763463
783,3725,aware,0.3699518576191251
783,3726,deadhttpstco4yz2i9uv7s,0.3699518576191251
783,3727,shed,0.3699518576191251
784,8,is,0.1428175609217143
784,38,user,0.15676840284396243
784,320,euthanasia,0.3998696625126964
784,1060,something,0.43995030265788926
784,3674,apparently,0.518089101610486
784,3728,compulsoryor,0.5771988211593809
785,14,to,0.05873982403530742
785,25,of,0.13776517047454026
785,94,had,0.21084374638805
785,96,one,0.32155692705417316
785,246,run,0.24788768173803033
785,277,today,0.19524988715395933
785,324,cohen,0.19985625796278625
785,328,leonard,0.19985625796278625
785,333,only,0.17205077436706123
785,550,online,0.24788768173803033
785,606,these,0.19985625796278625
785,738,shopping,0.24788768173803033
785,1024,theyre,0.19985625796278625
785,1175,bit,0.24788768173803033
785,1500,making,0.23531019678087242
785,2017,allow,0.2656146511470734
785,2826,since,0.23531019678087242
785,3729,homag,0.29591910551327444
785,3730,myself,0.29591910551327444
786,38,user,0.21408375953433756
786,82,left,0.2600389566269121
786,310,while,0.2661738429329897
786,850,theres,0.3133923350558547
786,1202,money,0.27303206233354094
786,1687,till,0.3537526077781684
786,2257,clinton,0.3301433617167359
786,2259,foundation,0.3537526077781684
786,2340,bucks,0.3537526077781684
786,2496,using,0.2897830889944222
786,2729,those,0.27303206233354094
787,0,a,0.06176413812296684
787,38,user,0.03744288696657795
787,46,like,0.1358331370067189
787,67,i,0.08278676734187748
787,199,on,0.08498922859358932
787,273,it,0.10265365506191122
787,391,her,0.16821509054705372
787,413,has,0.1332863321134872
787,567,maybe,0.21015726580728544
787,1154,verlander,0.1964508639241457
787,1938,bet,0.21924715453824398
787,2864,pass,0.24748292791533594
787,3152,justin,0.24748292791533594
787,3341,seems,0.21015726580728544
787,3731,barry,0.2757187012924279
787,3732,faceslap,0.2757187012924279
787,3733,hall,0.2757187012924279
787,3734,manning,0.2757187012924279
787,3735,megatron,0.2757187012924279
787,3736,peyton,0.2757187012924279
787,3737,sanders,0.2757187012924279
787,3738,sleeves,0.2757187012924279
788,12,the,0.049123590983974216
788,145,will,0.15001444346279333
788,512,our,0.17369225583737835
788,774,lives,0.22604807826219914
788,1213,uber,0.23432930037937846
788,1983,change,0.2444646971198611
788,2137,f,0.2444646971198611
788,2856,tsla,0.2759481150055504
788,3257,ways,0.2759481150055504
788,3739,bmw,0.30743153289123965
788,3740,gm,0.30743153289123965
788,3741,goog,0.30743153289123965
788,3742,selfdrivingcars,0.30743153289123965
788,3743,slideshow,0.30743153289123965
788,3744,unintended,0.30743153289123965
789,67,i,0.20830387140601497
789,422,miss,0.49429971492262587
789,782,thewalkingdead,0.48061316386672154
789,3745,spoiler,0.6937494329386489
790,116,in,0.12708097171354651
790,218,animal,0.3292183722260312
790,386,testing,0.35841957949787195
790,469,some,0.28341507268638544
790,601,companies,0.437540580322019
790,3746,cambridgekillers,0.48746037387432517
790,3747,engaged,0.48746037387432517
791,25,of,0.1033093906794512
791,38,user,0.060270732542907594
791,250,thinking,0.37177938762149376
791,316,new,0.25074680757779544
791,413,has,0.21454715502059835
791,458,us,0.22301968893369098
791,512,our,0.25074680757779544
791,787,fantasticbeasts,0.27077096755632596
791,3078,theory,0.3983661134526059
791,3748,dementors,0.4438164214609575
791,3749,explains,0.4438164214609575
792,12,the,0.04901053257636339
792,25,of,0.07139768960369795
792,30,and,0.0805753670641457
792,31,are,0.1219445196111526
792,44,he,0.14966918380736505
792,56,pussy,0.275313017818215
792,69,just,0.13224901640125175
792,81,how,0.1384381326277447
792,257,or,0.16664895480222733
792,276,that,0.1116790943286281
792,788,fat,0.25693878498241984
792,1613,gay,0.21854226736179042
792,1615,marriage,0.2439020593155025
792,1701,said,0.21249110081279
792,2050,dead,0.2439020593155025
792,2694,fuck,0.25693878498241984
792,2987,ride,0.275313017818215
792,3750,anime,0.30672397632092746
792,3751,jews,0.30672397632092746
792,3752,niggas,0.30672397632092746
792,3753,space,0.30672397632092746
793,38,user,0.06173132204960793
793,176,college,0.3238845220094814
793,177,electoral,0.3238845220094814
793,3494,alleged,0.40802004232628675
793,3754,p2his,0.45457178448273067
793,3755,sauditthadamvotes,0.45457178448273067
793,3756,victoryauditthevote,0.45457178448273067
794,40,you,0.2273845535644832
794,273,it,0.23884859496621022
794,424,thankyouobama,0.38485392437185306
794,950,sir,0.5758289811994672
794,3757,deserve,0.6415263476968933
795,14,to,0.06771657707743706
795,17,with,0.12921936650083313
795,31,are,0.1356281766372864
795,135,far,0.27127083438045296
795,199,on,0.10515574992291384
795,530,people,0.166463885079156
795,842,right,0.19273802606896212
795,902,immigration,0.27127083438045296
795,905,youre,0.22508841744017968
795,1306,now,0.1831085577180699
795,1657,nonviolent,0.30620648414755197
795,2367,talking,0.30620648414755197
795,3758,concerns,0.341142133914651
795,3759,depending,0.341142133914651
795,3760,normal,0.341142133914651
795,3761,whom,0.341142133914651
796,12,the,0.1098413929083945
796,25,of,0.1600150266535482
796,38,user,0.09335281924376426
796,716,kim,0.4269213955451469
796,1006,jongun,0.5466282556040023
796,3762,followers,0.6874234379109857
797,14,to,0.05545718400783004
797,254,from,0.11959099446781998
797,937,model,0.18868741020225938
797,938,s,0.18040436300918297
797,941,tesla,0.36080872601836594
797,944,cars,0.2054237185001453
797,1850,models,0.25077093480880636
797,3226,trip,0.2340346265109204
797,3763,automotive,0.2793818428195815
797,3764,autos,0.2793818428195815
797,3765,berlin,0.2793818428195815
797,3766,car,0.2793818428195815
797,3767,london,0.2793818428195815
797,3768,ludicrous,0.2793818428195815
797,3769,p90d,0.2793818428195815
797,3770,road,0.2793818428195815
798,141,so,0.3314012601690381
798,184,trump,0.1464337483412519
798,532,think,0.22017271696702534
798,828,calling,0.31240813963419006
798,936,lol,0.29655697410150644
798,1024,theyre,0.25187504803239263
798,1092,themselves,0.31240813963419006
798,1194,deplorables,0.28426185491216155
798,2011,supporters,0.29655697410150644
798,2391,always,0.28426185491216155
798,2478,cute,0.334749102668747
798,3771,annoying,0.334749102668747
799,37,up,0.1791476484525657
799,44,he,0.1774419371321278
799,80,for,0.09373000388852543
799,81,how,0.1641268416218399
799,117,man,0.2590951743001036
799,199,on,0.11209061928376109
799,260,real,0.28916075289860854
799,836,exactly,0.2673769802824863
799,1315,opens,0.3046165855379799
799,1909,cristiano,0.28916075289860854
799,2232,ronaldo,0.3046165855379799
799,3772,signed,0.3636399634095957
799,3773,superstar,0.3636399634095957
799,3774,utd,0.3636399634095957
800,18,4,0.30724651737801784
800,3775,kirk2,0.47581497915657284
800,3776,lukegilmoregirlstop4,0.47581497915657284
800,3777,richard1,0.47581497915657284
800,3778,sookie3,0.47581497915657284
801,17,with,0.2757684182728154
801,38,user,0.19773583429395422
801,292,cant,0.49169639970883283
801,1149,reason,0.5789219599692285
801,1194,deplorables,0.5549201150599448
802,0,a,0.093368159982771
802,8,is,0.10312995190897521
802,14,to,0.08273481012017798
802,38,user,0.11320399075437894
802,71,not,0.16783153879529142
802,276,that,0.15175842006382995
802,389,be,0.16783153879529142
802,761,minimum,0.2588524165935548
802,766,wage,0.5275628239828274
802,847,dont,0.2210977077250171
802,1438,living,0.3741171869119206
802,3779,forget,0.41680089117831726
802,3780,meant,0.41680089117831726
803,14,to,0.06517305502317214
803,116,in,0.08559524775654295
803,137,good,0.1783870452811282
803,777,uk,0.2610815516419515
803,963,another,0.2502572275629023
803,1113,control,0.21201046694252904
803,1149,reason,0.2610815516419515
803,1435,casey,0.2947049733033523
803,3781,dame,0.32832839496475313
803,3782,growing,0.2947049733033523
803,3783,immigrationracial,0.32832839496475313
803,3784,louise,0.32832839496475313
803,3785,segregation,0.32832839496475313
803,3786,warns,0.32832839496475313
804,6,have,0.15056842747905383
804,14,to,0.07032262341815664
804,30,and,0.09306577434965198
804,82,left,0.23375085833611486
804,889,maduro,0.2454304530044394
804,969,uno,0.31799072254171645
804,1020,more,0.178022652103642
804,1306,now,0.19015541991032048
804,2424,three,0.31799072254171645
804,3530,raul,0.31799072254171645
804,3787,die,0.31799072254171645
804,3788,lat,0.35427085731035496
804,3789,menos,0.35427085731035496
804,3790,morales,0.35427085731035496
805,30,and,0.08726806334251307
805,116,in,0.08660480356175007
805,145,will,0.16210090364869562
805,199,on,0.10239964108884664
805,723,hezbollah,0.25320889419747733
805,1306,now,0.17830932311710865
805,1337,russia,0.24426046524941222
805,1701,said,0.230140891951362
805,2913,issues,0.2782804594007454
805,3791,alakhbar,0.3322008744053616
805,3792,contact,0.3322008744053616
805,3793,maintain,0.3322008744053616
805,3794,ongoing,0.3322008744053616
805,3795,operational,0.3322008744053616
805,3796,syriahttpstcoveh27iac89,0.3322008744053616
806,12,the,0.06447862046943365
806,25,of,0.09393133043756163
806,38,user,0.0547995691095274
806,42,by,0.17929071556480977
806,122,via,0.22798490131292976
806,145,will,0.19690588923204602
806,290,this,0.1437872978689541
806,389,be,0.16248713402561984
806,815,putin,0.27955486958017217
806,1337,russia,0.29670608264098847
806,1519,year,0.29670608264098847
806,1572,end,0.32087935975423526
806,2162,finished,0.3622038499282984
806,3797,stadium,0.4035283401023615
806,3798,zenit,0.4035283401023615
807,8,is,0.07308590550965266
807,12,the,0.0471975170329971
807,17,with,0.11188444234028677
807,278,why,0.17719802517458963
807,384,oh,0.1994904921553614
807,413,has,0.1427896892299566
807,597,yeah,0.2046305523072143
807,996,law,0.24743401149029423
807,3799,21012,0.2953775308252271
807,3800,breakers,0.2953775308252271
807,3801,broken,0.2953775308252271
807,3802,doj,0.2953775308252271
807,3803,hrcs,0.2953775308252271
807,3804,llynch,0.2953775308252271
807,3805,pet18,0.2953775308252271
807,3806,sided,0.2953775308252271
807,3807,usc,0.2953775308252271
808,77,as,0.16219862953294523
808,150,areas,0.29694873494233615
808,333,only,0.2171187670278686
808,464,hatchimals,0.23633567727352645
808,3552,low,0.3351913164805308
808,3680,egg,0.3351913164805308
808,3808,4999,0.37343389801872545
808,3809,bearakeetas,0.37343389801872545
808,3810,certain,0.37343389801872545
808,3811,hatching,0.37343389801872545
809,0,a,0.07318316962593481
809,10,my,0.27769594364433553
809,14,to,0.06484861267601043
809,30,and,0.08582140513027761
809,171,love,0.18209932799765952
809,199,on,0.10070214402019131
809,316,new,0.18457509431098346
809,1196,made,0.2263258054402071
809,1219,face,0.24901140530896898
809,1303,george,0.2402113160596264
809,1309,soros,0.24901140530896898
809,1515,head,0.24901140530896898
809,3812,album,0.3266939214071713
809,3813,concept,0.3266939214071713
809,3814,glued,0.3266939214071713
809,3815,greenday,0.3266939214071713
809,3816,wig,0.3266939214071713
810,12,the,0.09852083447478421
810,17,with,0.116774666519051
810,25,of,0.07176171722239513
810,38,user,0.04186580945918825
810,116,in,0.16074134399763215
810,254,from,0.13196437022889365
810,356,interview,0.2582488107629074
810,1569,please,0.2034108786913799
810,2561,machines,0.2767167262971446
810,3721,univ,0.2767167262971446
810,3817,counties,0.30828783643064805
810,3818,evoting,0.30828783643064805
810,3819,halderman,0.30828783643064805
810,3820,megyn,0.30828783643064805
810,3821,michigan,0.30828783643064805
810,3822,rediscrepancy,0.30828783643064805
810,3823,results,0.30828783643064805
811,38,user,0.21928801156427324
811,300,mannequinchallenge,0.3728924178875682
811,1628,fans,0.4831361713383247
811,3824,dolphins,0.5382580480637029
811,3825,miami,0.5382580480637029
812,0,a,0.07144815949241506
812,12,the,0.10192778257572475
812,14,to,0.06331119634500607
812,38,user,0.04331357064383215
812,40,you,0.11304916167571874
812,59,but,0.16192672451588594
812,68,im,0.1541843439318116
812,80,for,0.08221061823162294
812,96,one,0.17329089828892438
812,124,who,0.16726706242101774
812,276,that,0.11613016474822094
812,280,cy,0.21540988582217363
812,284,young,0.19458959492819067
812,333,only,0.18544046626213803
812,573,thanks,0.22096012412409452
812,1079,win,0.2104450284787085
812,2660,cares,0.28628586494870395
812,2811,probably,0.2345164401792864
812,3600,hell,0.28628586494870395
812,3826,hutchison,0.31894873536100865
812,3827,listens,0.31894873536100865
812,3828,pittsburgh,0.31894873536100865
812,3829,podcast,0.31894873536100865
813,17,with,0.18081446271012055
813,30,and,0.2507988160411191
813,37,up,0.23516919135977019
813,67,i,0.14332951119369158
813,80,for,0.12304046082105832
813,96,one,0.259355694437082
813,184,trump,0.18743111919582423
813,387,am,0.3223930458994746
813,597,yeah,0.3306998059388043
813,667,cabinet,0.31496239583758534
813,668,his,0.24757404704487887
813,1378,already,0.3306998059388043
813,3830,fed,0.4773543882925932
814,8,is,0.09487096001475759
814,12,the,0.061265899628785876
814,14,to,0.07610912947644718
814,38,user,0.052069118047533045
814,62,even,0.2529850775979537
814,122,via,0.21662529345425519
814,273,it,0.1427530224418991
814,278,why,0.23001626160070265
814,413,has,0.18535167352706247
814,761,minimum,0.23812264826852214
814,766,wage,0.24265691320947674
814,1065,though,0.2922505278942283
814,1408,still,0.24758593982058805
814,1484,important,0.2922505278942283
814,2906,staff,0.3441566297992769
814,3831,reward,0.38342208009555145
814,3832,risen,0.38342208009555145
815,0,a,0.07487626417790418
815,80,for,0.08615510900029981
815,357,nbawards,0.21583549391983015
815,763,prof,0.30002194887293915
815,2777,chris,0.30002194887293915
815,3194,masterpiece,0.30002194887293915
815,3833,bachelder,0.33425199386185184
815,3834,comic,0.33425199386185184
815,3835,dubbed,0.33425199386185184
815,3836,finalist,0.33425199386185184
815,3837,novel,0.33425199386185184
815,3838,uc_artsci,0.33425199386185184
816,0,a,0.047282959419944065
816,80,for,0.21762135530710222
816,476,got,0.2924539598110848
816,975,duncan,0.1462269799055424
816,976,tim,0.1462269799055424
816,1109,mouth,0.18945824540533035
816,1197,piece,0.17681391081728226
816,1639,gets,0.16784261265543637
816,1930,laughing,0.18945824540533035
816,1987,once,0.17681391081728226
816,3148,throwing,0.18945824540533035
816,3839,beal,0.21107387815522433
816,3840,boogie,0.21107387815522433
816,3841,breathing,0.21107387815522433
816,3842,ejected,0.6332216344656729
816,3843,none,0.21107387815522433
816,3844,steph,0.21107387815522433
817,0,a,0.10250851501722458
817,1,about,0.2134772006384626
817,6,have,0.19448596552177624
817,12,the,0.07311920772392529
817,38,user,0.06214309561415976
817,40,you,0.16219454454317048
817,67,i,0.13739928769663665
817,119,security,0.27451823793933594
817,290,this,0.1630558039920534
817,552,read,0.3260449663301755
817,603,numbers,0.38332903977711774
817,652,may,0.3487931653007929
817,908,where,0.289604516543714
817,1020,more,0.22994799081594056
817,1211,link,0.38332903977711774
817,1231,social,0.301930903684091
818,8,is,0.10432073392853787
818,30,and,0.11075644929105853
818,67,i,0.12659284432852838
818,68,im,0.20381392382050414
818,144,westworld,0.2920838053798385
818,199,on,0.1299607235600748
818,309,watching,0.26184123601695564
818,644,really,0.24890725702083905
818,847,dont,0.22365059532025078
818,1063,care,0.32136060978181324
818,3845,final,0.42161345045683696
818,3846,oops,0.42161345045683696
818,3847,tuesday,0.42161345045683696
819,8,is,0.10144333072200101
819,38,user,0.055676307709726536
819,67,i,0.12310112564061104
819,284,young,0.25013015559075713
819,339,didnt,0.2921157965048331
819,380,doing,0.2768930593455987
819,889,maduro,0.28402746943847945
819,1955,because,0.2768930593455987
819,2406,wish,0.34343872576315304
819,3787,die,0.3679987512666314
819,3848,chavez,0.40998439218070737
819,3849,terrible,0.40998439218070737
820,96,one,0.15814286643220166
820,805,onedirection,0.2314528214992136
820,977,ad,0.2314528214992136
820,1383,moment,0.2314528214992136
820,1571,direction,0.2612605032869394
820,3509,louis,0.2612605032869394
820,3850,harry,0.2910681850746652
820,3851,horan,0.2910681850746652
820,3852,liam,0.2910681850746652
820,3853,niall,0.2910681850746652
820,3854,payne,0.2910681850746652
820,3855,perfume,0.2910681850746652
820,3856,poster,0.2910681850746652
820,3857,styles,0.2910681850746652
821,6,have,0.18313433029343795
821,12,the,0.06885143152711708
821,25,of,0.10030156536830122
821,80,for,0.11106527796327474
821,145,will,0.21025965275068487
821,291,ben,0.3070145776032234
821,1487,years,0.3070145776032234
821,1957,material,0.38676779048054405
821,3858,carsonone,0.43089482491300884
821,3859,comedians,0.43089482491300884
821,3860,reasons,0.43089482491300884
822,8,is,0.08218157621208345
822,12,the,0.053071331825478706
822,199,on,0.10238019524619242
822,240,come,0.2442140798273211
822,361,should,0.2026361940042639
822,389,be,0.13374058787955406
822,391,her,0.2026361940042639
822,639,beautyandthebeast,0.21447029501167586
822,646,song,0.2641107215613752
822,1466,movie,0.2531608094555499
822,2737,bitches,0.29812425526571534
822,3861,celine,0.3321377889700555
822,3862,dion,0.3321377889700555
822,3863,obvious,0.3321377889700555
822,3864,sound,0.3321377889700555
822,3865,track,0.3321377889700555
823,21,israel,0.2506724608048863
823,31,are,0.15747283134724813
823,40,you,0.14039044036672427
823,71,not,0.15949093801899838
823,81,how,0.17877182821197518
823,199,on,0.12209243007881022
823,374,here,0.23383750906771075
823,644,really,0.23383750906771075
823,779,blackfriday,0.25576430514444326
823,842,right,0.22378095338203643
823,1144,jerusalem,0.28221415542286504
823,1306,now,0.21260053583768643
823,3866,bibi,0.396087443268138
823,3867,jacob,0.396087443268138
823,3868,yelev,0.396087443268138
824,0,a,0.06900107613518157
824,10,my,0.13091342618647292
824,17,with,0.23335007467259294
824,30,and,0.16183418509175854
824,40,you,0.21835450674227155
824,66,hug,0.2764806386069178
824,67,i,0.18497387674930796
824,235,strong,0.2764806386069178
824,256,ones,0.23478150815380527
824,326,heart,0.24493646414358164
824,426,your,0.3006078815071465
824,746,together,0.25802847942966023
824,877,give,0.2264843049663241
824,1195,loved,0.24493646414358164
824,1980,bless,0.25802847942966023
824,2204,very,0.2264843049663241
824,2353,whole,0.25802847942966023
824,3869,parents,0.3080248130702539
825,25,of,0.07721022263954212
825,30,and,0.08713506087966322
825,445,laundering,0.2977264323159223
825,1202,money,0.22979014158221658
825,1834,tax,0.24388819569041542
825,1909,cristiano,0.26375828694906944
825,2230,evasion,0.2977264323159223
825,2232,ronaldo,0.2778563410572683
825,3870,activity,0.3316945776827751
825,3871,criminal,0.3316945776827751
825,3872,jose,0.3316945776827751
825,3873,mourinho,0.3316945776827751
825,3874,suspected,0.3316945776827751
826,38,user,0.0593187223610929
826,122,via,0.24678612046151316
826,273,it,0.1626285833516067
826,545,2a,0.39207369621963406
826,547,gun,0.2764421331379693
826,774,lives,0.3211745279210293
826,1020,more,0.21949696728004478
826,1113,control,0.2820574301128102
826,1989,than,0.257876511870454
826,3875,endangers,0.43680609100269413
826,3876,saves,0.43680609100269413
827,141,so,0.191936529118012
827,229,valentines,0.32926992350396384
827,251,when,0.2347084610735229
827,308,thanksgiving,0.25503335189237425
827,354,pictures,0.36187269752092405
827,525,day,0.2682856614319431
827,528,many,0.2733942820425282
827,641,did,0.2733942820425282
827,1199,into,0.3176334897817261
827,1790,turn,0.36187269752092405
827,2566,couples,0.387750975109968
828,71,not,0.22308908216427942
828,199,on,0.1707776536008819
828,618,cuba,0.3741778929724588
828,619,embargo,0.3741778929724588
828,1140,working,0.44055600021689706
828,1274,maga,0.3741778929724588
828,3877,freecuba,0.5540301240498022
829,1,about,0.13021571453708888
829,8,is,0.138129949199647
829,46,like,0.13751218616636465
829,562,can,0.13021571453708888
829,882,next,0.18417024509627752
829,2496,using,0.4104725170192887
829,2635,ai,0.2338210575560648
829,3009,several,0.2505420930888706
829,3184,sign,0.4676421151121296
829,3878,humanhe,0.27912689213529107
829,3879,modalities,0.27912689213529107
829,3880,presentation,0.27912689213529107
829,3881,recognize,0.27912689213529107
829,3882,гЃ‚гЃ„гЃЎг‚ѓг‚Њ,0.27912689213529107
830,8,is,0.08962892625824465
830,12,the,0.05788069182729138
830,104,news,0.22924906184908742
830,750,fashion,0.30344078813823044
830,854,ashley,0.2580950861673722
830,2063,excellent,0.32514047700968873
830,3451,holiday,0.30344078813823044
830,3883,crimson,0.36223634015426026
830,3884,gown,0.36223634015426026
830,3885,grahams,0.32514047700968873
830,3886,outfit,0.32514047700968873
830,3887,velvet,0.32514047700968873
831,77,as,0.16608107282781215
831,551,pjnet,0.30405660402986084
831,756,behind,0.3432145734150361
831,1202,money,0.2648986346446856
831,1303,george,0.28115066033514624
831,1309,soros,0.2914505535460337
831,1660,antitrump,0.3432145734150361
831,3028,p2,0.3432145734150361
831,3888,exposed,0.3823725428002113
831,3889,protestsriotstcot,0.3823725428002113
832,0,a,0.06717868201426112
832,8,is,0.07420232171992593
832,12,the,0.04791847783566962
832,38,user,0.04072531202841039
832,158,business,0.22858067094770004
832,273,it,0.11165277231386588
832,276,that,0.10919065606879201
832,406,poroshenko,0.22858067094770004
832,413,has,0.2899417167960005
832,686,also,0.213672699402239
832,1941,china,0.25121366420820745
832,2454,w,0.22858067094770004
832,3890,association,0.26917848161796787
832,3891,communists,0.2998895398270205
832,3892,dealing,0.2998895398270205
832,3893,known,0.2998895398270205
832,3894,mr,0.2998895398270205
832,3895,setup,0.2998895398270205
832,3896,ukrainianchinese,0.2998895398270205
833,8,is,0.09539080418039483
833,12,the,0.061601605312269915
833,55,perfect,0.2746869660535427
833,130,red,0.32294775816279536
833,854,ashley,0.2746869660535427
833,2533,dress,0.3460424314823072
833,3451,holiday,0.32294775816279536
833,3885,grahams,0.3460424314823072
833,3886,outfit,0.3460424314823072
833,3887,velvet,0.3460424314823072
833,3897,instyle,0.3855230362920858
834,14,to,0.06249179629787177
834,25,of,0.0732824205011384
834,38,user,0.0855059765055709
834,118,needs,0.23996149453743748
834,137,good,0.17104809482882063
834,240,come,0.23148123008643795
834,245,out,0.15983100095732955
834,273,it,0.11721186223927768
834,361,should,0.1920711348064277
834,547,gun,0.19924109623733982
834,562,can,0.14686729331607531
834,1113,control,0.2032882286779188
834,2590,arms,0.2637213639355361
834,3898,approval,0.3148207671045875
834,3899,carry,0.3148207671045875
834,3900,gaining,0.3148207671045875
834,3901,nigeria,0.3148207671045875
834,3902,reconsider,0.3148207671045875
834,3903,thisno,0.3148207671045875
835,6,have,0.1578146994223078
835,12,the,0.059332228718871345
835,14,to,0.07370697737325052
835,276,that,0.13519888928973225
835,322,ago,0.29526822108622136
835,427,an,0.19473253226762818
835,501,fidel,0.29526822108622136
835,618,cuba,0.25078047007276005
835,619,embargo,0.25078047007276005
835,652,may,0.2830265330190969
835,1260,20,0.31105050192166284
835,1487,years,0.26456761659643674
835,1572,end,0.29526822108622136
835,3904,fixed,0.3713205337705656
835,3905,sheesh,0.3713205337705656
836,0,a,0.07415631889940075
836,18,4,0.2137602068246856
836,38,user,0.04495532117488237
836,67,i,0.09939686857496889
836,80,for,0.08532671612273397
836,103,galaxy,0.24340551315298217
836,105,note,0.24340551315298217
836,106,nougat,0.2971371977717723
836,109,samsung,0.26323627923625975
836,559,liked,0.2358662057943399
836,561,video,0.2235747470697046
836,3906,141,0.3310381163072848
836,3907,71,0.3310381163072848
836,3908,cm,0.3310381163072848
836,3909,smn910v,0.3310381163072848
836,3910,trltevzw,0.3310381163072848
837,8,is,0.07423127462388081
837,12,the,0.04793717508198594
837,25,of,0.06983404111450925
837,38,user,0.040741202583050196
837,44,he,0.14639134674516446
837,59,but,0.15230998943401347
837,290,this,0.10689988126804381
837,389,be,0.12080243242872642
837,405,doesnt,0.19372229277510025
837,438,over,0.35994998427725766
837,458,us,0.15075460249944408
837,562,can,0.13995630233927886
837,1152,sure,0.20783742937613392
837,1180,same,0.19372229277510025
837,1201,liberals,0.19794681921629423
837,2913,issues,0.25131168492943806
837,3771,annoying,0.26928351200710343
837,3911,inequality,0.3000065533225882
837,3912,locked,0.3000065533225882
837,3913,negate,0.3000065533225882
837,3914,onto,0.3000065533225882
837,3915,pts,0.3000065533225882
838,12,the,0.06081846103693551
838,25,of,0.08859927397287468
838,254,from,0.16292736357371945
838,357,nbawards,0.24577776422949263
838,1314,miamibookfair2016,0.34164317682223116
838,2468,small,0.34164317682223116
838,3616,reading,0.34164317682223116
838,3890,association,0.34164317682223116
838,3916,bombs,0.3806218627374163
838,3917,karan,0.3806218627374163
838,3918,mahajan,0.3806218627374163
839,14,to,0.070923121564602
839,30,and,0.09386048055198117
839,38,user,0.04852117498190028
839,80,for,0.09209482693975969
839,269,work,0.23574690100827447
839,299,hard,0.2993023638563524
839,308,thanksgiving,0.21093629225560162
839,444,last,0.25457510133546524
839,491,great,0.2077360323446725
839,781,happy,0.23574690100827447
839,1079,win,0.23574690100827447
839,1249,grateful,0.32070610530463856
839,1532,night,0.2841161676216262
839,3919,gojazz,0.35729604298765083
839,3920,takenote,0.35729604298765083
839,3921,teams,0.35729604298765083
840,0,a,0.08403675524983531
840,38,user,0.05094507627699758
840,184,trump,0.14729903214983736
840,389,be,0.15105811179684514
840,652,may,0.28594157139309706
840,826,muslims,0.2983093430118149
840,2305,jew,0.314254173816596
840,3922,barbarism,0.37514495826338295
840,3923,leader,0.3367271506375989
840,3924,lolmuslimshamas,0.37514495826338295
840,3925,terror,0.37514495826338295
840,3926,violence,0.37514495826338295
841,12,the,0.08169500513855148
841,138,its,0.2449021486116427
841,276,that,0.1861563975219105
841,287,microsoft,0.40655709990576383
841,3588,joining,0.45891560901373263
841,3927,announces,0.5112741181217014
841,3928,linuxfoundationhttpstcobeoxsda9xl,0.5112741181217014
842,0,a,0.08205485215224902
842,12,the,0.05852963315552981
842,14,to,0.07270993252419582
842,67,i,0.1099838216940068
842,291,ben,0.2609887725201378
842,562,can,0.17088180560728716
842,827,almost,0.32878585660612364
842,1144,jerusalem,0.2609887725201378
842,1567,hear,0.30684287719210196
842,3226,trip,0.30684287719210196
842,3929,countryside,0.36629762768028623
842,3930,enjoying,0.36629762768028623
842,3931,flick,0.36629762768028623
842,3932,playing,0.32878585660612364
843,12,the,0.06333593256741636
843,25,of,0.09226668261895218
843,38,user,0.05382841302397031
843,95,no,0.21275596910480896
843,265,get,0.20123620558862795
843,590,person,0.3151927467384988
843,592,rightists,0.267702988488976
843,1308,rid,0.3151927467384988
843,3933,intelligent,0.39637702468960895
843,3934,likes,0.39637702468960895
843,3935,party,0.39637702468960895
843,3936,republican,0.39637702468960895
844,0,a,0.1558507399627943
844,12,the,0.11116815639512674
844,14,to,0.13810148320680596
844,30,and,0.09138255122432233
844,67,i,0.20889757942824075
844,70,need,0.2122303259738862
844,80,for,0.08966351110526093
844,96,one,0.18900077286114914
844,325,find,0.2651471094716361
844,333,only,0.20225177311297945
844,391,her,0.2122303259738862
844,542,was,0.15700616959253988
844,567,maybe,0.2651471094716361
844,924,allowed,0.27661546253178
844,1154,verlander,0.2478542843741509
844,1181,thought,0.2557767827403747
844,2729,those,0.24099150413151524
844,3002,job,0.2914007411406394
844,3364,criticizing,0.2914007411406394
844,3937,hobby,0.34786337933230943
845,0,a,0.08476505146269281
845,16,vegetarianism,0.24434053902744024
845,20,at,0.1655826788959123
845,25,of,0.17616235079555917
845,30,and,0.09940339916475252
845,67,i,0.11361649020655254
845,96,one,0.20558978727837385
845,254,from,0.16197461948083458
845,276,that,0.13777512900523292
845,487,look,0.2270011672929372
845,697,havent,0.3008946113759922
845,1519,year,0.27822687472803365
845,3180,lack,0.33964536312505855
845,3938,deed,0.3783961148741249
845,3939,dropped,0.3783961148741249
845,3940,protein,0.3783961148741249
846,0,a,0.07120965605551903
846,8,is,0.2359642218230118
846,484,saakashvili,0.24229637246634395
846,513,own,0.23373359318380404
846,668,his,0.16486669178895524
846,757,corruption,0.2853302047440171
846,840,problem,0.2853302047440171
846,1192,ukrainian,0.2853302047440171
846,1408,still,0.205266267693143
846,1542,pushing,0.25277636732720965
846,2652,economy,0.25277636732720965
846,3782,growing,0.2853302047440171
846,3941,agenda,0.31788404216082455
846,3942,although,0.31788404216082455
846,3943,herethe,0.31788404216082455
847,324,cohen,0.3175429029401212
847,328,leonard,0.3175429029401212
847,1513,castro,0.42202354956718124
847,2828,brady,0.42202354956718124
847,3944,carol,0.4701729771085081
847,3945,coincidencetrump,0.4701729771085081
848,38,user,0.2754576363034785
848,42,by,0.22530741355799913
848,77,as,0.2202546900427827
848,116,in,0.13220044962045563
848,196,joins,0.4247893920472289
848,1800,nice,0.4032361541010183
848,2387,member,0.4551669747706223
848,3946,platinum,0.5070977954402263
849,14,to,0.06117227601646338
849,25,of,0.07173505515319681
849,30,and,0.24286829584060646
849,213,stop,0.2134951553891668
849,838,hamas,0.24505453571525165
849,1205,try,0.24505453571525165
849,1698,lost,0.24505453571525165
849,2102,cancer,0.2766139160413365
849,2613,death,0.24505453571525165
849,3947,brexitthe,0.3081732963674213
849,3948,fabian,0.3081732963674213
849,3949,hoax,0.3081732963674213
849,3950,jocox,0.3081732963674213
849,3951,remain,0.3081732963674213
849,3952,supporter,0.3081732963674213
850,38,user,0.08389277813322442
850,47,looks,0.4708685227502104
850,750,fashion,0.5174917304685436
850,981,see,0.3490225754392912
850,3953,sexiest,0.6177624031863065
851,12,the,0.06139566866510221
851,38,user,0.10435881424088002
851,77,as,0.16688967924297188
851,124,who,0.2015048867634557
851,335,passed,0.3055369781411548
851,542,was,0.3468438833299925
851,1180,same,0.2481103586083748
851,1968,obamacare,0.2825195112445397
851,3923,leader,0.34488559769922666
851,3954,mcconnell,0.38423421725729856
851,3955,minority,0.38423421725729856
851,3956,riiiight,0.38423421725729856
852,38,user,0.08720571409330312
852,71,not,0.12928757273033814
852,145,will,0.15667384761125822
852,199,on,0.0989713530417484
852,257,or,0.17444828845238083
852,465,if,0.16134357763515753
852,531,they,0.15973537998563903
852,834,both,0.2689637707623856
852,843,their,0.18955486961316587
852,889,maduro,0.22243589161507352
852,2094,fall,0.28819793561888885
852,3957,faces,0.3210789576207965
852,3958,flat,0.3210789576207965
852,3959,hollande,0.3210789576207965
852,3960,merkelsantos,0.3210789576207965
852,3961,metaphorical,0.3210789576207965
852,3962,physical,0.3210789576207965
853,1,about,0.1423063576352319
853,14,to,0.060551125525914636
853,25,of,0.14201329792014347
853,42,by,0.1355334034193522
853,245,out,0.15486747981717783
853,418,country,0.21734532514470972
853,425,wisdom,0.2738051457808439
853,972,ask,0.22429262479584666
853,1174,leftists,0.20601902647461537
853,1587,media,0.21734532514470972
853,3963,bailed,0.3050440684446099
853,3964,bankruptcy,0.3050440684446099
853,3965,economicsthe,0.3050440684446099
853,3966,ger,0.3050440684446099
853,3967,greece,0.3050440684446099
853,3968,opinion,0.3050440684446099
853,3969,promotes,0.3050440684446099
854,787,fantasticbeasts,0.30487557274849286
854,1195,loved,0.39736685689698487
854,3970,8510,0.4997167418251696
854,3971,itmy,0.4997167418251696
854,3972,rating,0.4997167418251696
855,30,and,0.08004472486007551
855,116,in,0.07943636431409254
855,1012,want,0.20104623071231956
855,1201,liberals,0.20104623071231956
855,1306,now,0.16355033172762343
855,1613,gay,0.2171030216634986
855,1615,marriage,0.4845916051532966
855,2810,mentally,0.2734998990958644
855,3453,women,0.2422958025766483
855,3973,bathrooms,0.30470399561508055
855,3974,females,0.30470399561508055
855,3975,incest,0.30470399561508055
855,3976,males,0.30470399561508055
855,3977,portraying,0.30470399561508055
856,0,a,0.059698593963773666
856,8,is,0.06594017838258245
856,12,the,0.0851658789931737
856,20,at,0.1166170838602232
856,25,of,0.06203408403802233
856,355,players,0.2119149923282803
856,366,used,0.1898810655447187
856,374,here,0.15733199250607943
856,487,look,0.15987308780775214
856,516,we,0.12028236209273077
856,1369,part,0.19595048829185177
856,3484,3dprinting,0.23920649223938073
856,3655,key,0.47841298447876146
856,3978,3dp,0.26649799215048114
856,3979,3dprint,0.26649799215048114
856,3980,developing,0.26649799215048114
856,3981,software,0.5329959843009623
857,12,the,0.08450640365314084
857,81,how,0.23870193001063908
857,245,out,0.2685007914109054
857,1147,david,0.34895201433831463
857,1385,blaine,0.38886632194446163
857,2137,f,0.42054809023414863
857,2729,those,0.36638774961294823
857,3982,pull,0.5288687714765493
858,0,a,0.06707642458992259
858,38,user,0.12198996344978155
858,44,he,0.1461115030695125
858,65,him,0.19756842140313982
858,96,one,0.16268765988899908
858,116,in,0.07806222998528607
858,292,cant,0.20222949149318203
858,325,find,0.2282327321378895
858,360,pelosi,0.20744012453901187
858,986,could,0.20222949149318203
858,1242,san,0.2687687460085112
858,1635,believe,0.2282327321378895
858,2811,probably,0.22016696338347178
858,3983,couldnt,0.29943305674326093
858,3984,francisco,0.29943305674326093
858,3985,joseph,0.29943305674326093
858,3986,lend,0.29943305674326093
858,3987,shirt,0.29943305674326093
858,3988,stalin,0.29943305674326093
859,12,the,0.09618153357503861
859,14,to,0.05974198401117101
859,17,with,0.11400194251694741
859,20,at,0.13170074799115478
859,30,and,0.07906323360724674
859,31,are,0.11965602382505586
859,40,you,0.21335187452479115
859,80,for,0.07757593796171428
859,103,galaxy,0.22129541421393165
859,105,note,0.22129541421393165
859,109,samsung,0.23932482339917194
859,145,will,0.1468603876634802
859,273,it,0.22410843069514974
859,389,be,0.1211894859336018
859,465,if,0.15123762337990468
859,516,we,0.13584010621242132
859,781,happy,0.1985810449401993
859,875,7,0.23932482339917194
859,1061,throw,0.25211689279249555
859,1569,please,0.1985810449401993
859,1707,away,0.23932482339917194
859,2941,leave,0.2701463019777358
859,3989,desk,0.30096778055629975
859,3990,service,0.30096778055629975
859,3991,traveling,0.30096778055629975
860,125,3,0.2139375327328473
860,257,or,0.18000849151137685
860,292,cant,0.22376021468154442
860,389,be,0.13340836499355158
860,422,miss,0.23606186985065997
860,517,2,0.1987556786582737
860,716,kim,0.20576035899007475
860,983,1,0.22376021468154442
860,1290,emily,0.26345464828150944
860,1291,gilmoregirlstop4,0.26345464828150944
860,2080,luke,0.2973836895029799
860,3992,4mrs,0.3313127307244503
860,3993,lorelei,0.3313127307244503
860,3994,patty,0.3313127307244503
860,3995,rory,0.3313127307244503
861,17,with,0.13899005087056449
861,45,isnt,0.27968530807243763
861,77,as,0.15937672944412812
861,463,fun,0.3073784444449123
861,638,actually,0.27968530807243763
861,819,against,0.26144430546648495
861,954,cool,0.2917824788283305
861,1041,conservatives,0.2542052342572236
861,3700,cards,0.32935972339943753
861,3932,playing,0.32935972339943753
861,3996,humanity,0.3669369679705445
861,3997,tip,0.3669369679705445
862,42,by,0.15349205277755273
862,782,thewalkingdead,0.2393289059093013
862,1490,art,0.2893903700451179
862,3998,coolpopsart,0.34546347300309876
862,3999,illustration,0.34546347300309876
862,4000,popart,0.34546347300309876
862,4001,popculture,0.34546347300309876
862,4002,rickgrimes,0.34546347300309876
862,4003,ricktatorship,0.34546347300309876
862,4004,themeedes,0.34546347300309876
863,0,a,0.07257433173678848
863,14,to,0.06430911305256506
863,17,with,0.12271711311367768
863,116,in,0.08446058670689452
863,290,this,0.11544081004919078
863,426,your,0.1580875062908571
863,469,some,0.18836339538405972
863,518,first,0.21376208173414268
863,981,see,0.18303954574997308
863,1280,fire,0.23821290916680748
863,1433,weekend,0.2576206227329952
863,1751,put,0.2713906146475202
863,2287,off,0.24693978721485538
863,2418,feast,0.29079832821370794
863,2801,beasts,0.29079832821370794
863,2802,fantastic,0.2713906146475202
863,4005,bodega,0.32397603369442063
863,4006,cauldron,0.32397603369442063
863,4007,magical,0.32397603369442063
864,8,is,0.08709217399332425
864,14,to,0.06986868843545052
864,31,are,0.2798771947879875
864,38,user,0.047799797619516846
864,40,you,0.12475829096590275
864,95,no,0.18892796005383597
864,252,being,0.21859817916385899
864,290,this,0.12542076242709466
864,409,well,0.23772108358859947
864,427,an,0.18459184069310328
864,516,we,0.15886600043646823
864,842,right,0.19886346407729164
864,991,true,0.2798921361202079
864,1656,movement,0.31593808135568796
864,2685,treated,0.2948525550898837
864,4008,amateurish,0.351984026591168
864,4009,copy,0.351984026591168
864,4010,fascist,0.351984026591168
865,9,most,0.1797637452750116
865,12,the,0.0957618169973757
865,14,to,0.05948128218889866
865,25,of,0.0697520729366871
865,145,will,0.14621951891234644
865,199,on,0.18473464267981066
865,239,all,0.13861137228121023
865,350,bench,0.268967438664583
865,843,their,0.17690649885040557
865,952,take,0.1860990992100492
865,2893,monday,0.251016706140436
865,2994,senior,0.251016706140436
865,3324,11,0.268967438664583
865,4011,court,0.2996544186026422
865,4012,decide,0.2996544186026422
865,4013,judges,0.2996544186026422
865,4014,seats,0.2996544186026422
865,4015,supreme,0.2996544186026422
865,4016,uks,0.2996544186026422
866,38,user,0.09668554628162468
866,48,me,0.3652819921212303
866,116,in,0.18560926989365503
866,464,hatchimals,0.45058217024635416
866,779,blackfriday,0.4597347283921808
866,3489,count,0.6390538769681057
867,14,to,0.08051922643575363
867,171,love,0.22610348039513636
867,1089,radical,0.33979884523489673
867,1604,le,0.3091848059931636
867,1606,marine,0.3091848059931636
867,1609,pen,0.3091848059931636
867,2947,american,0.33979884523489673
867,3341,seems,0.3091848059931636
867,4017,christianity,0.40563923802643564
867,4018,hatespewing,0.40563923802643564
868,12,the,0.09248801024803524
868,42,by,0.2571742605193698
868,80,for,0.07459689899419547
868,254,from,0.12388366472098099
868,357,nbawards,0.18687990446676622
868,942,x,0.23013437087570324
868,1093,2016,0.19095521808420413
868,1743,winners,0.2424352045302244
868,2427,railroad,0.25977225582801405
868,2428,underground,0.25977225582801405
868,4019,beginning,0.28941014078032495
868,4020,colson,0.28941014078032495
868,4021,ibram,0.28941014078032495
868,4022,icymi,0.28941014078032495
868,4023,kendi,0.28941014078032495
868,4024,werethe,0.28941014078032495
868,4025,whiteheadstamped,0.28941014078032495
869,20,at,0.1748982387264646
869,174,would,0.229005866816885
869,239,all,0.18488231786933518
869,273,it,0.14880769627430712
869,276,that,0.1455262565142709
869,349,were,0.24384616492987243
869,506,thisisus,0.2637150929988218
869,516,we,0.18039529529903664
869,610,possible,0.31782272108924214
869,759,humanly,0.35875356165438704
869,3067,accept,0.35875356165438704
869,4026,challengeif,0.399684402219532
869,4027,totally,0.399684402219532
